:020000040800F2
:1000000000500020252C00081D2700081F2700088D
:1000100021270008232700082527000800000000EA
:10002000000000000000000000000000272700087A
:1000300029270008000000002B2700082D270008B2
:100040006D2C00086D2C00086D2C00086D2C00082C
:100050006D2C00086D2C00086D2C00086D2C00081C
:100060006D2C00086D2C00086D2C00086D2C00080C
:100070006D2C00086D2C00086D2C00086D2C0008FC
:100080006D2C00086D2C00086D2C00086D2C0008EC
:100090006D2C00086D2C00086D2C00086D2C0008DC
:1000A0006D2C00086D2C00086D2C00086D2C0008CC
:1000B0006D2C00086D2C00086D2C00086D2C0008BC
:1000C0006D2C00086D2C00086D2C00086D2C0008AC
:1000D0006D2C00086D2C00086D2C000831270008DD
:1000E0003D2700086D2C00086D2C00080000000062
:1000F0000000000000000000000000000000000000
:0C01000000000000000000005FF808F1A3
:1001100010B5054C237833B9044B13B10448AFF341
:1001200000800123237010BDEC00002000000000BF
:100130002C9D000808B5034B1BB103490348AFF3DE
:10014000008008BD00000000F00000202C9D000889
:1001500081F0004102E000BF83F0004330B54FEA78
:1001600041044FEA430594EA050F08BF90EA020FE5
:100170001FBF54EA000C55EA020C7FEA645C7FEA78
:10018000655C00F0E2804FEA5454D4EB5555B8BF9B
:100190006D420CDD2C4480EA020281EA030382EA0C
:1001A000000083EA010180EA020281EA0303362D9E
:1001B00088BF30BD11F0004F4FEA01314FF4801C71
:1001C0004CEA113102D0404261EB410113F0004F83
:1001D0004FEA03334CEA133302D0524263EB43033A
:1001E00094EA050F00F0A780A4F10104D5F1200ED8
:1001F0000DDB02FA0EFC22FA05F2801841F1000133
:1002000003FA0EF2801843FA05F359410EE0A5F106
:1002100020050EF1200E012A03FA0EFC28BF4CF037
:10022000020C43FA05F3C01851EBE37101F00045ED
:1002300007D54FF0000EDCF1000C7EEB00006EEBFA
:100240000101B1F5801F1BD3B1F5001F0CD3490884
:100250005FEA30004FEA3C0C04F101044FEA4452DB
:1002600012F5800F80F09A80BCF1004F08BF5FEA62
:10027000500C50F1000041EB045141EA050130BD42
:100280005FEA4C0C404141EB0101013C28BFB1F554
:10029000801FE9D291F0000F04BF01460020B1FA9F
:1002A00081F308BF2033A3F10B03B3F120020CDA72
:1002B0000C3208DD02F1140CC2F10C0201FA0CF050
:1002C00021FA02F10CE002F11402D8BFC2F1200CB5
:1002D00001FA02F120FA0CFCDCBF41EA0C0190406B
:1002E000E41AA2BF01EB0451294330BD6FEA0404B4
:1002F0001F3C1CDA0C340EDC04F11404C4F120029F
:1003000020FA04F001FA02F340EA030021FA04F3B0
:1003100045EA030130BDC4F10C04C4F1200220FA07
:1003200002F001FA04F340EA0300294630BD21FA45
:1003300004F0294630BD94F0000F83F4801306BF0B
:1003400081F480110134013D4EE77FEA645C18BFFF
:100350007FEA655C29D094EA050F08BF90EA020F96
:1003600005D054EA000C04BF1946104630BD91EA8E
:10037000030F1EBF0021002030BD5FEA545C05D191
:100380004000494128BF41F0004130BD14F58004D0
:100390003CBF01F5801130BD01F0004545F0FE4144
:1003A00041F470014FF0000030BD7FEA645C1ABF79
:1003B000194610467FEA655C1CBF0B46024650EAB0
:1003C000013406BF52EA033591EA030F41F40021DC
:1003D00030BD00BF90F0000F04BF0021704730B562
:1003E0004FF4806404F132044FF000054FF0000137
:1003F00050E700BF90F0000F04BF0021704730B5F8
:100400004FF4806404F1320410F0004548BF4042CC
:100410004FF000013EE700BF42004FEAE2014FEA21
:1004200031014FEA02701FBF12F07F4393F07F4FFC
:1004300081F06051704732F07F4208BF704793F0FF
:100440007F4F04BF41F40021704730B54FF4607412
:1004500001F0004521F000411CE700BF50EA010215
:1004600008BF704730B54FF000050AE050EA0102BE
:1004700008BF704730B511F0004502D5404261EB2E
:1004800041014FF4806404F132045FEA915C3FF46F
:10049000D8AE4FF003025FEADC0C18BF03325FEA0C
:1004A000DC0C18BF033202EBDC02C2F1200300FABD
:1004B00003FC20FA02F001FA03FE40EA0E0021FAE2
:1004C00002F11444BDE600BF70B54FF0FF0C4CF4D0
:1004D000E06C1CEA11541DBF1CEA135594EA0C0F82
:1004E00095EA0C0F00F0DEF82C4481EA030621EABD
:1004F0004C5123EA4C5350EA013518BF52EA0335F8
:1005000041F4801143F4801338D0A0FB02CE4FF0A9
:100510000005E1FB02E506F00042E0FB03E54FF0D9
:100520000006E1FB03569CF0000F18BF4EF0010ED1
:10053000A4F1FF04B6F5007F64F5407404D25FEACD
:100540004E0E6D4146EB060642EAC62141EA555180
:100550004FEAC52040EA5E504FEACE2EB4F1FD0CC2
:1005600088BFBCF5E06F1ED8BEF1004F08BF5FEA40
:10057000500E50F1000041EB045170BD06F00046F2
:1005800046EA010140EA020081EA0301B4EB5C049F
:10059000C2BFD4EB0C0541EA045170BD41F4801197
:1005A0004FF0000E013C00F3AB8014F1360FDEBFBC
:1005B000002001F0004170BDC4F10004203C35DA98
:1005C0000C341BDC04F11404C4F1200500FA05F31B
:1005D00020FA04F001FA05F240EA020001F00042BC
:1005E00021F0004110EBD37021FA04F642EB060132
:1005F0005EEA430E08BF20EAD37070BDC4F10C045C
:10060000C4F1200500FA04F320FA05F001FA04F21F
:1006100040EA020001F0004110EBD37041F100010B
:100620005EEA430E08BF20EAD37070BDC4F1200516
:1006300000FA05F24EEA020E20FA04F301FA05F27E
:1006400043EA020321FA04F001F0004121FA04F226
:1006500020EA020000EBD3705EEA430E08BF20EAF6
:10066000D37070BD94F0000F0FD101F00046400030
:1006700041EB010111F4801F08BF013CF7D041EAB2
:10068000060195F0000F18BF704703F000465200B6
:1006900043EB030313F4801F08BF013DF7D043EA87
:1006A0000603704794EA0C0F0CEA135518BF95EA3D
:1006B0000C0F0CD050EA410618BF52EA4306D1D1C4
:1006C00081EA030101F000414FF0000070BD50EAE3
:1006D000410606BF1046194652EA430619D094EA6D
:1006E0000C0F02D150EA013613D195EA0C0F05D157
:1006F00052EA03361CBF104619460AD181EA0301AB
:1007000001F0004141F0FE4141F470014FF0000062
:1007100070BD41F0FE4141F4780170BD70B54FF0FD
:10072000FF0C4CF4E06C1CEA11541DBF1CEA13557D
:1007300094EA0C0F95EA0C0F00F0A7F8A4EB05045F
:1007400081EA030E52EA03354FEA013100F0888056
:100750004FEA03334FF0805545EA131343EA12631F
:100760004FEA022245EA111545EA10654FEA0026D4
:100770000EF000419D4208BF964244F1FD0404F58D
:10078000407402D25B084FEA3202B61A65EB0305E9
:100790005B084FEA32024FF480104FF4002CB6EBA6
:1007A000020E75EB030E22BFB61A754640EA0C0026
:1007B0005B084FEA3202B6EB020E75EB030E22BF66
:1007C000B61A754640EA5C005B084FEA3202B6EBA7
:1007D000020E75EB030E22BFB61A754640EA9C0066
:1007E0005B084FEA3202B6EB020E75EB030E22BF36
:1007F000B61A754640EADC0055EA060E18D04FEAF4
:10080000051545EA16754FEA06164FEAC30343EA93
:1008100052734FEAC2025FEA1C1CC0D111F4801F60
:100820000BD141EA00014FF000004FF0004CB6E759
:1008300011F4801F04BF01430020B4F1FD0C88BFF8
:10084000BCF5E06F3FF6AFAEB5EB030C04BFB6EB03
:10085000020C5FEA500C50F1000041EB045170BDF6
:100860000EF0004E4EEA113114EB5C04C2BFD4EB23
:100870000C0541EA045170BD41F480114FF0000EA7
:10088000013C90E645EA060E8DE60CEA135594EA23
:100890000C0F08BF95EA0C0F3FF43BAF94EA0C0F26
:1008A0000AD150EA01347FF434AF95EA0C0F7FF49B
:1008B00025AF104619462CE795EA0C0F06D152EAEF
:1008C00003353FF4FDAE1046194622E750EA4106D3
:1008D00018BF52EA43067FF4C5AE50EA41047FF4E4
:1008E0000DAF52EA43057FF4EBAE12E74FF0FF3C49
:1008F00006E000BF4FF0010C02E000BF4FF0010C1A
:100900004DF804CD4FEA410C7FEA6C5C4FEA430C92
:1009100018BF7FEA6C5C1BD001B050EA410C0CBFE1
:1009200052EA430C91EA030F02BF90EA020F002043
:10093000704710F1000F91EA030F58BF994208BFAA
:1009400090422CBFD8176FEAE37040F00100704767
:100950004FEA410C7FEA6C5C02D150EA013C07D1BE
:100960004FEA430C7FEA6C5CD6D152EA033CD3D009
:100970005DF8040B704700BF8446104662468C4603
:100980001946634600E000BF01B5FFF7B7FF002836
:1009900048BF10F1000F01BD4DF808EDFFF7F4FF5F
:1009A0000CBF012000205DF808FB00BF4DF808EDEA
:1009B000FFF7EAFF34BF012000205DF808FB00BF0D
:1009C0004DF808EDFFF7E0FF94BF012000205DF82F
:1009D00008FB00BF4DF808EDFFF7CEFF94BF0120E4
:1009E00000205DF808FB00BF4DF808EDFFF7C4FFDD
:1009F00034BF012000205DF808FB00BF4FEA410C26
:100A00007FEA6C5C02D150EA013C0AD14FEA430C08
:100A10007FEA6C5C02D152EA033C02D14FF0000045
:100A200070474FF0010070474FEA410212F5001283
:100A300015D211D56FF47873B3EB625212D94FEA25
:100A4000C12343F0004343EA505311F0004F23FA0F
:100A500002F018BF404270474FF00000704750EA64
:100A6000013005D111F0004008BF6FF00040704721
:100A70004FF00000704700BF4FEA4102B2F1E0437F
:100A800024BFB3F5001CDCF1FE5C0DD901F0004C75
:100A90004FEAC0024CEA5070B2F1004F40EB8300C5
:100AA00008BF20F00100704711F0804F21D113F1F1
:100AB0003872BCBF01F00040704741F480114FEA2A
:100AC0005252C2F11802C2F1200C10FA0CF320FAB3
:100AD00002F018BF40F001004FEAC1234FEAD323D0
:100AE00003FA0CFC40EA0C0023FA02F34FEA43033A
:100AF000CCE77FEA625307D150EA01331EBF4FF0C3
:100B0000FE4040F44000704701F0004040F0FE40DD
:100B100040F40000704700BF80F0004002E000BFDA
:100B200081F0004142001FBF5FEA410392EA030FD8
:100B30007FEA226C7FEA236C6AD04FEA1262D2EB22
:100B40001363C1BFD218414048404140B8BF5B4227
:100B5000192B88BF704710F0004F40F4000020F0C0
:100B60007F4018BF404211F0004F41F4000121F0D6
:100B70007F4118BF494292EA030F3FD0A2F1010220
:100B800041FA03FC10EB0C00C3F1200301FA03F15E
:100B900000F0004302D5494260EB4000B0F5000F81
:100BA00013D3B0F1807F06D340084FEA310102F140
:100BB0000102FE2A51D2B1F1004F40EBC25008BFF2
:100BC00020F0010040EA03007047490040EB0000BC
:100BD000013A28BFB0F5000FEDD2B0FA80FCACF1BD
:100BE000080CB2EB0C0200FA0CF0AABF00EBC250EA
:100BF00052421843BCBFD0401843704792F0000FD8
:100C000081F4000106BF80F400000132013BB5E72A
:100C10004FEA41037FEA226C18BF7FEA236C21D0A0
:100C200092EA030F04D092F0000F08BF0846704705
:100C300090EA010F1CBF0020704712F07F4F04D1D3
:100C4000400028BF40F00040704712F100723CBFE6
:100C500000F50000704700F0004343F0FE4040F410
:100C6000000070477FEA226216BF08467FEA2363CE
:100C70000146420206BF5FEA412390EA010F40F4B9
:100C8000800070474FF0000304E000BF10F0004305
:100C900048BF40425FEA000C08BF704743F09643EC
:100CA00001464FF000001CE050EA010208BF704707
:100CB0004FF000030AE000BF50EA010208BF70478E
:100CC00011F0004302D5404261EB41015FEA010CA3
:100CD00002BF84460146002043F0B64308BFA3F19B
:100CE0008053A3F50003BCFA8CF2083AA3EBC2537D
:100CF00010DB01FA02FC634400FA02FCC2F120029C
:100D0000BCF1004F20FA02F243EB020008BF20F0D2
:100D10000100704702F1200201FA02FCC2F1200238
:100D200050EA4C0021FA02F243EB020008BF20EA2D
:100D3000DC7070474FF0FF0C1CEAD0521EBF1CEA5B
:100D4000D15392EA0C0F93EA0C0F6FD01A4480EA49
:100D5000010C400218BF5FEA41211ED04FF0006332
:100D600043EA501043EA5111A0FB01310CF000405E
:100D7000B1F5000F3EBF490041EAD3715B0040EA84
:100D8000010062F17F02FD2A1DD8B3F1004F40EB54
:100D9000C25008BF20F00100704790F0000F0CF027
:100DA000004C08BF49024CEA502040EA51207F3AEB
:100DB000C2BFD2F1FF0340EAC250704740F40000C6
:100DC0004FF00003013A5DDC12F1190FDCBF00F0B7
:100DD00000407047C2F10002410021FA02F1C2F165
:100DE000200200FA02FC5FEA310040F1000053EA01
:100DF0004C0308BF20EADC70704792F0000F00F04F
:100E0000004C02BF400010F4000F013AF9D040EA54
:100E10000C0093F0000F01F0004C02BF490011F4E8
:100E2000000F013BF9D041EA0C018FE70CEAD153E6
:100E300092EA0C0F18BF93EA0C0F0AD030F0004C66
:100E400018BF31F0004CD8D180EA010000F000401A
:100E5000704790F0000F17BF90F0004F084691F0D8
:100E6000000F91F0004F14D092EA0C0F01D1420212
:100E70000FD193EA0C0F03D14B0218BF084608D1DB
:100E800080EA010000F0004040F0FE4040F4000025
:100E9000704740F0FE4040F4400070474FF0FF0CB8
:100EA0001CEAD0521EBF1CEAD15392EA0C0F93EAFF
:100EB0000C0F69D0A2EB030280EA010C49024FEA51
:100EC000402037D04FF0805343EA111143EA10130A
:100ED0000CF000408B4238BF5B0042F17D024FF4C2
:100EE000000C8B4224BF5B1A40EA0C00B3EB510F9D
:100EF00024BFA3EB510340EA5C00B3EB910F24BF86
:100F0000A3EB910340EA9C00B3EBD10F24BFA3EB0A
:100F1000D10340EADC001B0118BF5FEA1C1CE0D1D2
:100F2000FD2A3FF650AF8B4240EBC25008BF20F085
:100F3000010070470CF0004C4CEA50207F32C2BFD9
:100F4000D2F1FF0340EAC250704740F400004FF076
:100F50000003013A37E792F0000F00F0004C02BFA7
:100F6000400010F4000F013AF9D040EA0C0093F071
:100F7000000F01F0004C02BF490011F4000F013BCB
:100F8000F9D041EA0C0195E70CEAD15392EA0C0F33
:100F900008D142027FF47DAF93EA0C0F7FF470AF6B
:100FA000084676E793EA0C0F04D14B023FF44CAFAE
:100FB00008466EE730F0004C18BF31F0004CCAD143
:100FC00030F000427FF45CAF31F000437FF43CAF7F
:100FD0005FE700BF4FF0FF3C06E000BF4FF0010CA1
:100FE00002E000BF4FF0010C4DF804CD4FEA400283
:100FF0004FEA41037FEA226C18BF7FEA236C11D0CD
:1010000001B052EA530C18BF90EA010F58BFB2EB7F
:10101000030088BFC81738BF6FEAE17018BF40F0FF
:10102000010070477FEA226C02D15FEA402C05D1B3
:101030007FEA236CE4D15FEA412CE1D05DF8040B38
:10104000704700BF844608466146FFE70FB5FFF7CB
:10105000C9FF002848BF10F1000F0FBD4DF808ED83
:10106000FFF7F4FF0CBF012000205DF808FB00BF74
:101070004DF808EDFFF7EAFF34BF012000205DF8CE
:1010800008FB00BF4DF808EDFFF7E0FF94BF01201B
:1010900000205DF808FB00BF4DF808EDFFF7D2FF18
:1010A00094BF012000205DF808FB00BF4DF808ED5B
:1010B000FFF7C8FF34BF012000205DF808FB00BF28
:1010C0004FEA4002B2F1FE4F0FD34FF09E03B3EB55
:1010D00012620DD94FEA002343F0004310F0004F95
:1010E00023FA02F018BF404270474FF000007047EB
:1010F00012F1610F01D1420205D110F0004008BF8A
:101100006FF0004070474FF00000704742000ED271
:10111000B2F1FE4F0BD34FF09E03B3EB126209D432
:101120004FEA002343F0004323FA02F070474FF0E8
:101130000000704712F1610F01D1420202D14FF05D
:10114000FF3070474FF00000704700BF7BB972B9A5
:101150000029BEBF00204FF0004106E008BF002874
:101160001CBF6FF000414FF0FF3000F0A9B9ADF1A6
:10117000080C6DE904CE002909DB002B1ADB00F016
:1011800035F8DDF804E0DDE9022304B070474042A1
:1011900061EB4101002B1BDB00F028F8DDF804E0D7
:1011A000DDE9022304B0404261EB4101524263EBAE
:1011B00043037047524263EB430300F017F8DDF836
:1011C00004E0DDE9022304B0404261EB41017047D5
:1011D000524263EB430300F009F8DDF804E0DDE977
:1011E000022304B0524263EB430370472DE9F047FA
:1011F000089E0D4604468846002B4DD18A429446EF
:1012000068D9B2FA82F252B101FA02F3C2F12001B6
:1012100020FA01F10CFA02FC41EA030894404FEA7B
:101220001C41B8FBF1F71FFA8CFE01FB178807FB86
:101230000EF0230C43EA084398420AD91CEB03033F
:1012400007F1FF3580F01E81984240F21B81023F7A
:1012500063441B1AB3FBF1F001FB103300FB0EFEDD
:10126000A4B244EA0344A6450AD91CEB040400F1E5
:10127000FF3380F00981A64540F2068164440238BC
:101280000021A4EB0E0440EA07401EB10023D44025
:10129000C6E90043BDE8F0878B4208D9002E00F074
:1012A000EE800021C6E900050846BDE8F087B3FAE4
:1012B00083F100294AD1AB4202D3824200F2FC8082
:1012C000841A65EB030301209846002EE2D0C6E99C
:1012D0000048DFE702B9FFDEB2FA82F2002A40F0EE
:1012E0009180A1EB0C0001214FEA1C471FFA8CFEF4
:1012F000B0FBF7F307FB1300250C45EA00450EFB96
:1013000003F0A84208D91CEB050503F1FF3802D20F
:10131000A84200F2CE8043462D1AB5FBF7F007FB3A
:1013200010550EFB00FEA4B244EA0544A64508D9B8
:101330001CEB040400F1FF3502D2A64500F2B68092
:101340002846A4EB0E0440EA03409EE7C1F12007C3
:101350008B4022FA07FC4CEA030C25FA07FA4FEA05
:101360001C49BAFBF9F820FA07F309FB18AA8D40CB
:101370001FFA8CFE1D4300FA01F308FB0EF02C0C43
:1013800044EA0A44A04202FA01F20BD91CEB04041D
:1013900008F1FF3A80F08880A04240F28580A8F1F1
:1013A00002086444241AB4FBF9F009FB104400FB62
:1013B0000EFEADB245EA0444A64508D91CEB040470
:1013C00000F1FF356CD2A6456AD90238644440EA80
:1013D0000840A0FB0295A4EB0E04AC42C846AE4602
:1013E00056D353D0002E69D0B3EB080264EB0E0441
:1013F00022FA01F304FA07F71F43CC40C6E9007450
:10140000002147E70CFA02FCC2F1200125FA01F3A2
:101410004FEA1C4720FA01F195400D43B3FBF7F169
:1014200007FB11331FFA8CFE280C40EA034001FB36
:101430000EF3834204FA02F408D91CEB000001F118
:10144000FF382FD283422DD902396044C01AB0FB35
:10145000F7F307FB1300ADB245EA004503FB0EF0BE
:10146000A84208D91CEB050503F1FF3816D2A842A3
:1014700014D9023B6544281A43EA014138E7314652
:10148000304607E72F46E4E61846F9E64B45A9D271
:10149000B9EB020865EB0C0E0138A3E74346EAE717
:1014A000284694E74146D1E7D0467BE764440238BA
:1014B00047E7023B65442FE7084606E73146E9E681
:1014C000704700BF28B3012823D0022821D0032869
:1014D0001FD004281DD005281BD0062819D00728A6
:1014E00017D0082815D0092812D00A2811D00B28A7
:1014F0000FD00C280DD00D280BD00E2809D00F28A6
:1015000007D0102805D0112814BF002011207047E3
:10151000092070471FB5FFF7D5FF01230190039104
:101520000D4801A9029301F071FC08B101F060F8C7
:10153000094801F027FDC821074801F0B7FB06481C
:1015400001F0E2FC10F4007003D0034801F05AFCF3
:1015500080B205B05DF804FB5805002000000000D3
:1015600008B507210820FFF7D5FFFEF743FF0CA3BE
:10157000D3E90023FEF7A8FF00220B4BFEF7A4FFE0
:1015800000220A4BFEF7A0FF0022094BFEF79CFF4A
:10159000FFF74AFA40F2EC439842A8BF184608BD4C
:1015A0006666666666660A4000002640000059408E
:1015B0000000303F4FF0E02210B50024D2F8FC3D8F
:1015C00043F08073C2F8FC3D074B1A685C6042F040
:1015D00001021A6002F0ACF9044BB0FBF3F0044BCB
:1015E0001860204610BD00BF001000E040420F0010
:1015F00008010020054B10B55C6802F099F94FF422
:101600007A73B0FBF3F0B4FBF0F010BD001000E013
:1016100070B50446FFF7EEFF0026054602F088F994
:101620004FF47A723346B0FBF2F200214FF0FF30F4
:10163000FFF78CFD844276EB0103B8BF174B4FF4E4
:101640007A76BCBF1B78E41802F072F90023B0FB75
:10165000F6F200214FF0FF30FFF778FD2C44A04256
:1016600071F100030ADA02F063F90023B0FBF6F22D
:101670004FF0FF310120FFF769FD0444AC4204D96B
:10168000FFF7B8FFA042FBD370BDFFF7B3FFA04246
:10169000FBD8FFF7AFFFA042FBD3F5E72400002003
:1016A0000B4B0C495A68096801FB0020904205D990
:1016B00000BF5A689042FBD8704700BF5A689042FA
:1016C000FBD3034A5368834200D3704700BFF9E756
:1016D000001000E00801002008B54FF0E0231A696F
:1016E00022F004021A611A6922F002021A6102F061
:1016F0001FF9074BB0FBF3F0064B80B21880C0EB2C
:10170000401300EB8300044BC000188008BD00BFED
:1017100000127A000E0100200C0100200B4B002269
:101720001B8858434FF0E02358619A611A6942F0D0
:1017300001021A611A6902F00112012AFAD01A692B
:1017400022F001021A6100229A6170470C01002008
:1017500003280BD004284FF000030DD002280DD130
:101760004FF08042506A536200B270470022044B2F
:10177000586A5A6200B27047024AF3E71846704747
:10178000000400400008004010B51C4C4FF400411C
:101790006368204623F0704363606368012243F06E
:1017A0004053636001F00EFF4FF40041204601F00A
:1017B00003FF08B9002010BD01224FF480711048CA
:1017C00001F000FF0120FFF76BFF204600224FF4DD
:1017D000004101F0F7FE20464FF4004101F0ECFE1D
:1017E00004460028E6D10120FFF75AFF04482246AC
:1017F0004FF4807101F0E6FE0120DCE7000C0140AF
:101800000008014038B5154C154D6368284623F093
:10181000704363606368002243F0405363604FF499
:10182000807101F0CFFE00224FF40041204601F00C
:10183000C9FE0120FFF734FF284601224FF48071D2
:1018400001F0C0FE204601224FF4004101F0BAFE33
:10185000BDE838400120FFF723BF00BF000C014066
:101860000008014038B51B4D01226B684FF4004160
:1018700023F070436B606B68284643F000436B6055
:1018800001F0A0FE0120FFF70BFF01224FF4807151
:10189000114801F097FE0120FFF702FF33244FF4B7
:1018A0000041284601F088FE024630B90A484FF44C
:1018B000807101F087FE012006E0013C14F0FF0476
:1018C00003D1FFF79FFF204638BD0120FFF7E8FE58
:1018D000E5E700BF000C01400008014010B5144CC2
:1018E000002220464FF4807101F06CFE1148002266
:1018F00043684FF4004123F070434360436843F072
:101900004053436001F05EFE0120FFF7C9FE012253
:101910004FF48071204601F055FE0120FFF7C0FE14
:101920002046BDE8104000224FF4807101F04ABE0D
:1019300000080140000C014010B5144C0022204664
:101940004FF4807101F03EFE1148012243684FF4CC
:10195000004123F070434360436843F040534360C9
:1019600001F030FE0120FFF79BFE01224FF4807151
:10197000204601F027FE0120FFF792FE2046BDE839
:10198000104000224FF4807101F01CBE000801409D
:10199000000C01401B4B70B55A68044622F070429F
:1019A0005A605A684FF4807142F040525A601648AB
:1019B000002201F007FE0825134E23064CBF01222A
:1019C00000224FF400410F4801F0FCFD0120FFF719
:1019D00067FE01224FF48071304601F0F3FD0120D3
:1019E000FFF75EFE00224FF48071304601F0EAFD01
:1019F000013D0120FFF754FE640015F0FF05E4B23D
:101A0000DBD170BD000C014000080140F8B5044670
:101A10000F4615461E46FFF7B7FE48B1600000F0BE
:101A2000FE00FFF7B7FFFFF71DFF18B9FFF7EAFE4B
:101A3000012010E03846FFF7ADFF0024FFF712FF4A
:101A4000A54205DD305DFFF7A5FFFFF70BFF18B9D5
:101A5000FFF7D8FE0020F8BD0134F1E7F8B50646DF
:101A600008250024184B194F5A6822F070425A601A
:101A70005A6842F000425A6000224FF480713846A2
:101A800001F0A0FD0220FFF70BFE4FF480713846F5
:101A9000012201F097FD64004FF400410A48E4B2CE
:101AA00001F08AFD08B10134E4B20220013DFFF7E4
:101AB000F7FD15F0FF05DFD11EB1FFF70FFF204640
:101AC000F8BDFFF739FFFAE7000C014000080140BC
:101AD000F8B505460E4614461F46FFF755FE48B1B9
:101AE0006D00EDB22846FFF755FFFFF7BBFE18B9B2
:101AF000FFF788FE012010E03046FFF74BFFFFF7AD
:101B0000B1FEFFF741FE681CC0B2FFF743FFFFF7CD
:101B1000A9FE1CB9FFF776FE2046F8BD012C0CBFCC
:101B200000200120FFF79AFF013C3870E4B2013732
:101B3000EFE738B504460D46FFF726FE2046FFF7CF
:101B400029FFFFF78FFE2846FFF724FFFFF78AFEE5
:101B5000FFF71AFE601CC0B2FFF71CFFFFF782FE02
:101B60000020FFF77BFF0446FFF74CFE204638BD00
:101B7000F8B507460E4615461C46FFF705FE3846E3
:101B8000FFF708FFFFF76EFE3046FFF703FFFFF792
:101B900069FE2544AC4203D1FFF734FE0120F8BDB5
:101BA00014F8010BFFF7F6FEFFF75CFEF2E710B545
:101BB0001446FFF7BEFF2070012010BD07B58DF859
:101BC00007200DF107030122FFF7D2FF03B05DF8F4
:101BD00004FB2DE9F0411C4690469DF8185006463E
:101BE0000F46FFF7A6FFC4F108029540EDB2C8F119
:101BF00007021541FF22A4EB0804073408F101088D
:101C000042FA04F402FA08F2224302402A43394617
:101C10003046BDE8F041D2B2FFF7D0BF2DE9F34125
:101C2000904601241F460DF1070205460E46FFF7B8
:101C3000BEFF04FA08F252B29DF8074057B12243A2
:101C4000D2B2314628468DF80720FFF7B7FF02B021
:101C5000BDE8F08124EA0202F3E700002DE9F0413B
:101C600020210446284801F0A7FC284D20BB2B88E2
:101C700001339BB2202124482B8001F09DFC244F8E
:101C80003B781843C0B208B901233B70DFF8848069
:101C9000214E98F800308BB93A78012A01BF337889
:101CA00088F80020013333703078022806D10023F1
:101CB0001A4A3370138010E00023DBE7202112481A
:101CC00001F07AFC012808BF0023307804BF3B7084
:101CD00088F80030012802D00020BDE8F0810F4ACA
:101CE00029881388A7B201339BB2A342138004D979
:101CF0008F4202D900233370DCE78F42ECD2002000
:101D000030701080E9E700BF00080140100100209A
:101D100017010020120100201601002014010020EC
:101D2000024610B528B9BDE810401021074801F05F
:101D300049BC074C236801338342236005D110213D
:101D4000024801F044FC0023236010BD000801405C
:101D50001801002070B50A46044601B101224FF473
:101D60000041124801F02EFC0825114E00222021CE
:101D70000F4801F027FC23064CBF0122002210214E
:101D8000304601F01FFC013D01222021304601F0C8
:101D900019FC640015F0FF05E4B2E7D1BDE870401E
:101DA00001224FF40041014801F00CBC0008014041
:101DB000000C014070B5B0240E4E00212046FFF704
:101DC000C9FF00210846FFF7C5FF00211020FFF7DB
:101DD000C1FF002516F8350001210135FFF7BAFFD4
:101DE000802DF7D10134E4B2B82C06F10106E4D11C
:101DF00070BD00BF1C010020002310B41C46074822
:101E00000022C11801F832400132802AFAD1013390
:101E1000082BF5D110BCFFF7CDBF00BF1C0100207F
:101E2000030630B513D43F2911D8012301F007056B
:101E3000094CC908C1F10701C5F10705C9B204EB96
:101E4000C00003FA05F5435C12B12B43435430BD87
:101E500023EA0503FAE700BF1C0100202DE9F74F34
:101E60004FF00C0A814688460C4600261F46203A51
:101E70001B4BD2B203EB021300931A4B9DF830B008
:101E80000AFB02330193B74202D103B0BDE8F08FE1
:101E90000C2F0CBF019B009B9D5D04F108035FFAB2
:101EA00083FA2B0658BFBBFA8BF2214604F10104DA
:101EB0004CBF5A4652094846E4B2FFF7B1FFA4EBC3
:101EC00008026D00BA42EDB207D1C24609F1010025
:101ED0005FFA80F954460136D5E7A245E1D1F9E72A
:101EE000BCA10008489D00082DE9F04F00250746D9
:101EF0008B46A9464FF00A0885B09DF838A003929A
:101F00005E1E4FEA5A020292F4B2FF2C29D105B0AC
:101F1000BDE8F08F08FB02F20CF1FF3C5FFA8CFC8D
:101F2000BCF1FF0FF6D1039BB3FBF2F2B2FBF8FC5E
:101F300008FB1C225FFA82FCB9F1000F16D1AE42F9
:101F400014DD8AB9012320220093534638465946AE
:101F5000FFF784FF029B013CF8180135C7B2E4B2D9
:101F6000D3E7A4460122D7E74FF0010901230CF182
:101F700030020093D2B25346E8E7F7B504460D4667
:101F80000127561E16F8013F0BB903B0F0BD7A2C9D
:101F900082BF1035EDB200243A2D03D90025FFF79A
:101FA0002BFF2C46009720460C2329463278083414
:101FB000FFF754FFE4B2E5E710B53B4C00220821DF
:101FC000204601F0FFFA6420FFF722FB01222046A1
:101FD000082101F0F7FA0021AE20FFF7BBFE002137
:101FE000D520FFF7B7FE00215020FFF7B3FE0021F8
:101FF000A820FFF7AFFE00213F20FFF7ABFE002136
:10200000D320FFF7A7FE00210846FFF7A3FE00211B
:102010004020FFF79FFE00218D20FFF79BFE00214F
:102020001420FFF797FE00212020FFF793FE0021E8
:102030000220FFF78FFE0021A120FFF78BFE002179
:10204000C020FFF787FE0021DA20FFF783FE002182
:102050001220FFF77FFE00218120FFF77BFE002189
:10206000EF20FFF777FE0021D920FFF773FE002154
:10207000F120FFF76FFE0021DB20FFF76BFE002150
:102080003020FFF767FE0021A420FFF763FE002148
:10209000A620FFF75FFE0021AF20FFF75BFEBDE843
:1020A0001040FFF7A9BE00BF000C01402DE9F0472A
:1020B000784B86B0834240F0E980774B774A1B78B3
:1020C000774D0A2B137059DD5A2B19D1002275490F
:1020D0000A7075490A7075490A7075490A702A783C
:1020E000012A62D1734974480A78835401320A7014
:1020F00001226949674806B0BDE8F04702F093BB8A
:10210000412B0DD10121674A1170002266490A70E6
:1021100066490A7066490A707D2BE0D1022219E0F7
:10212000452B06D1002201205E490A705E490870E5
:10213000EEE7A3F14202022A0ED8002259490A70A2
:1021400059490A7059490A700121594A11707B2B6B
:10215000E2D101222A70C2E7A3F14602022A4FF01F
:10216000000298BF01204F490A704F490A704F4939
:1021700094BF08700A704E490A70E8E7E7D0012161
:102180004E4A117043B9474A1370474A1370474A81
:102190001370474A1370A2E7012BB3D0052BC1D0AF
:1021A0009A1E022AC9D99A1FD8E7022AA0D1424F03
:1021B000DFF80081FB78424E502B0FD10122414BBA
:1021C0001A7000220021404B3B481A6032222970CD
:1021D00088F80010317005F057F989E77B78232BD8
:1021E000EFD098F80090DFF8E0A086F800903478FF
:1021F000032C09D87A78344B303A052AE1D8DFE845
:1022000002F03236393C3F423B1913F8010C3038AA
:10221000FEF7F0F8CDE90001A9EB0400FEF7EAF8BB
:1022200002460B460020294906F038FA02460B46C2
:10223000DAF80000CDE90423FEF7EEF8DDE9042327
:10224000CDE90201DDE90001FEF73EF902460B4649
:10225000DDE90201FDF782FFFEF70EFC013CCAF842
:1022600000003470C3E71A68194B1A60A9E71A68AE
:10227000184BFAE71A68184BF7E71A68174BF4E798
:102280001A68174BF1E71A68164BEEE706B0BDE87F
:10229000F08700BF2C0700205405002053050020C4
:1022A00020050020900500208F0500208C050020CF
:1022B0008D050020550500202105002091050020F6
:1022C000560500209C0500201C050020000024402D
:1022D000040000200000002018000020140000204E
:1022E00010000020A40500201FB51148114A00234A
:1022F000012402604FF46022CDE90133039383602F
:1023000003730375C2614360046100F0C3FE08B14A
:1023100000F06EF90323CDE901340023044801A93C
:10232000039300F073FD08B100F062F904B010BD32
:102330005805002000240140102210B5044688B042
:102340000DEB0200002105F09FF82268174B9A421E
:102350002AD103F56C439A69032442F400729A610E
:102360009A69134802F400720192019A9A6904A9C9
:1023700042F004029A619A6902F004020292029AFF
:102380009A6942F008029A619B6903F0080303937B
:10239000039B0823CDE9043401F034F8054804A96F
:1023A000CDE9044401F02EF808B010BD002401402E
:1023B00000080140000C014010222DE9F04188B0D6
:1023C0000DEB0200002105F05FF82F4B2F4F9A69AB
:1023D0002F4D42F020029A619A69384602F020029D
:1023E0000192019A9A6948F2101142F004029A612E
:1023F0009A69012402F004020292029A9A69002664
:1024000042F008029A619B69012203F008030393DA
:10241000039B01F0D7F80122284648F2380101F069
:10242000D1F84FF0030848F21013384604A9CDE95B
:102430000434CDE9066800F0E5FF2023384604A9FE
:10244000CDE90436069400F0DDFF4FF48052114BC5
:10245000284604A9CDE90423069400F0D3FF48F2EE
:102460003803284604A9CDE90434CDE9066800F014
:10247000C9FF22460221282000F00CFF282000F08E
:102480003BFF08B0BDE8F0810010024000080140A9
:10249000000C01400000211010B594B0142200215E
:1024A0000CA804F0F1FF142200210DEB020004F04F
:1024B000EBFF1022002101A804F0E6FF02244FF4F4
:1024C00080330122CDE91143CDE90A234FF4E01313
:1024D0000AA80E92139301F08FF808B172B6FEE7C6
:1024E0000F23CDE905344FF480630790CDE9083020
:1024F000214605A801F056FA08B172B6FEE74FF47E
:10250000004301A80194039301F008FB08B172B6DF
:10251000FEE714B010BD000008B500F0A9FBFFF7FE
:10252000BBFFFFF749FFFFF7DFFE00F039FA00F0CD
:102530002BF900F057F900F087FA00F0C5FA00F027
:10254000DFFA282000F0E6FEFFF7C6F81E4800F08C
:102550001FFE00211D4801F03FFE04211B4801F031
:102560003BFE0C211A4801F037FE3C21194801F0CE
:1025700035FC3C21184801F031FCFFF71DFD02F04D
:1025800031FA02F045FA154800F034F801221449F6
:10259000124802F048F9282000F0AEFE114D124C0E
:1025A00004F02CFD2B7863B904F056FE04F026FDF0
:1025B0000123002223700D4B1A702378002BFCD1CD
:1025C000EEE704F0E1FEF3E758050020A006002046
:1025D000C805002010060020580600202C07002007
:1025E000540500208E050020B5050020B40500200C
:1025F00072B6FEE7044B02221860044B18680023F1
:102600008068194604F0D6BFC0050020880000206D
:10261000022808B505D904F0FDFE09230360002057
:1026200008BD0120FCE700000138012810B5144660
:102630000BD809484FF0FF33006892B201F0C8FE92
:10264000002818BF0524204610BD04F0E3FE09232E
:102650004FF0FF340360F6E7C0050020022808B5FC
:1026600006D904F0D7FE092303604FF0FF3008BD00
:102670000020FCE708B504F0CDFE092303604FF00D
:10268000FF3008BD08B558B909484FF0FF330122A3
:10269000006801F0F2FE00280CBF0120052008BDF3
:1026A00004F0B8FE092303604FF0FF30F7E700BFE6
:1026B000C0050020022808B504D84FF400534B6031
:1026C000002008BD04F0A6FE09230360F8E700001F
:1026D000104B07B59A69052042F001029A619A6988
:1026E00002F001020092009ADA6942F08052DA6147
:1026F000DB6903F080530193019B00F0B9FD064AAA
:10270000536823F0E06343F00073536003B05DF857
:1027100004FB00BF0010024000000140FEE7FEE79E
:10272000FEE7FEE7FEE770477047704700F0B2BA79
:10273000014801F057BF00BF2C0700204FF4805024
:1027400000F04EBF0B4A0346116810B509B90A499B
:102750001160106809490A4C0344091B8B4206D9D1
:1027600004F058FE0C2303604FF0FF3010BD1360DF
:10277000FCE700BFC40500204008002000500020F6
:10278000000400007047000010B58CB0002120222A
:1027900004A804F079FE00244FF08043104803A9F8
:1027A000C0E900344FF6FF73C0E9033403230393F9
:1027B0000123CDE90144846084610593099301F00C
:1027C000CDFB08B1FFF714FF054801A9CDE901448D
:1027D00001F004FD08B1FFF70BFF0CB010BD00BF06
:1027E0001006002010B500248CB00021202204A87F
:1027F00004F04AFE1048114B03A9C0E900344FF61B
:10280000FF73C0E90334032303930123CDE901449B
:10281000846084610593099301F0A0FB08B1FFF780
:10282000E7FE054801A9CDE9014401F0D7FC08B154
:10283000FFF7DEFE0CB010BD58060020000400407B
:1028400003680F4A82B093420BD10E4B9A6942F44F
:1028500000629A619B6903F400630093009B02B0DD
:102860007047094A9342FAD1064BDA6942F00402F2
:10287000DA61DB6903F004030193019BEFE700BF1A
:10288000002C01400010024000080040102210B54A
:10289000044688B000210DEB020004F0F5FD23682A
:1028A000B3F1804F1BD103F50433DA6942F0010222
:1028B000DA61DA6902F001020092009A9A6942F044
:1028C00004029A619B6903F004030193019B0323B3
:1028D0000F4804A9049300F095FD08B010BD0D4AFF
:1028E0009342FAD10C4BDA6942F00202DA61DA69FA
:1028F00002F002020292029A9A6942F004029A617C
:102900009B6903F004030393039BC023E0E700BF2C
:1029100000080140000400400010024010B50446C9
:1029200086B01022002102A804F0AEFD2368174AE9
:10293000934215D1164B4FF400619A69154842F045
:1029400004029A619B6903F004030093009B022335
:10295000CDE90213059302A900F054FD06B010BDA5
:102960000D4A9342FAD10A4B0C489A6902A942F0E7
:1029700008029A619B69C02203F008030193019B3E
:102980000223CDE902230593E6E700BF002C0140B6
:10299000001002400008014000080040000C014007
:1029A00010B5002492B01C22214603A8CDE90144B1
:1029B00004F06AFD202221460AA804F065FD902358
:1029C0001F48204AC0E90544C0E9002342F20F73C2
:1029D0008460C0E9033401F095FA08B1FFF708FEFE
:1029E000174801A9CDE9014401F0F8FB08B1FFF750
:1029F000FFFD0C220024602311480DEB0201CDE9FC
:102A00000334CDE907440594099401F029FB08B18A
:102A1000FFF7EEFD4FF4005309480AA9CDE90A4437
:102A2000CDE90C440E940F93119401F005FC08B10C
:102A3000FFF7DEFD0248FFF771FF12B010BD00BFC7
:102A4000C8050020002C014010B500248AB01C22CB
:102A5000214603A8CDE9014404F016FD1848194B9E
:102A60008460C0E9003441F61F438461C0E9033447
:102A700001F048FA08B1FFF7BBFD114801A9CDE903
:102A8000014401F0ABFB08B1FFF7B2FD0022602367
:102A90000B4803A9CDE903320592079201F0E0FA51
:102AA00008B1FFF7A5FD0422054803A901F0D8FAF3
:102AB00008B1FFF79DFD0248FFF730FF0AB010BDD7
:102AC000A00600200008004008B54FF4FA330A4879
:102AD0000A4AC0E9002300230C22C0E90233C0E9FE
:102AE00005230361C36101F045FC18B1BDE808404E
:102AF000FFF77EBD08BD00BFE8060020003801409A
:102B000008B54FF416530A480A4AC0E900230023C7
:102B10000C22C0E90233C0E905230361C36101F05F
:102B200029FC18B1BDE80840FFF762BD08BD00BF31
:102B30002C07002000480040102210B5044688B041
:102B40000DEB0200002104F09FFC2368304A934201
:102B500029D1304B4FF400719A692F4842F48042DA
:102B60009A619A6902F480420092009A9A6942F04E
:102B700004029A619B6903F004030193019B022301
:102B8000CDE90413032304A9079300F03BFC4FF4A1
:102B90008060002304A9CDE904031F48069300F0D8
:102BA00031FC08B010BD1D4A9342FAD1194B04A95B
:102BB000DA691B4842F48022DA61DA69002402F4FF
:102BC00080220292029A9A6942F008029A619B69F5
:102BD0004FF4806203F008030393039B0223CDE9C3
:102BE00004230323079300F00DFC4FF4006304A9B2
:102BF0000B48CDE90434069400F004FC0122214680
:102C0000272000F047FB272000F076FBC9E700BF34
:102C10000038014000100240000801400048004018
:102C2000000C01400C480D490D4A002302E0D45825
:102C3000C4500433C4188C42F9D30A4A0A4C002306
:102C400001E013600432A242FBD3FFF79BFD04F0C6
:102C5000E7FBFFF761FC704700000020EC0000205C
:102C6000E8B70008EC0000203C080020FEE7000068
:102C7000074A08B51368032043F01003136000F0FF
:102C8000F7FA0020FEF796FCFFF722FD002008BDB2
:102C900000200240034A044B11681B780B44136068
:102CA000704700BF7007002024000020F7B5002601
:102CB00004460D460196FEF79DFC236807469A6878
:102CC000D20508D50120A36A84F8246043F02003CC
:102CD000A36203B0F0BD5A68D60503D4DB6A13F4CF
:102CE000700F3FD0414B02201E6800F091FF236817
:102CF0003F4A1969B6FBF0F611423E4A53D1D868F3
:102D00003D4908424FD1196911425DD1DA683B4B08
:102D10001A4214BF292314235E43019BB34225D2D8
:102D20006A1C5CD0002D55D1019BB34257D2A36AD7
:102D300043F00403A36200230BE0681C13D065B9C1
:102D400023681B6813F002030CD1A26A42F004024C
:102D5000A262032084F82430BBE7FEF74BFCC01BC3
:102D6000A842EDD8226813689907E6D56FF01203E0
:102D700022681360A36A43F40073A362936803F4A8
:102D80006023B3F5602F2ED1207B00282BD1A36ABE
:102D900023F48073A362A36ADB0424D4A36A43F000
:102DA0000103A36295E71969114203D1D968134A57
:102DB00011420BD01969124A114209D1DB68134242
:102DC00014BFFC235423A7E72923A5E75423A3E733
:102DD000FC23A1E7FEF70EFCC01BA842A4D8019B70
:102DE0000133019399E7002073E700BF2000002022
:102DF00024499224922449122449920092244900A1
:102E0000499224000368D86C70470000002373B512
:102E1000019390F824300446012B6CD0012380F8F4
:102E200024304D680268062D086805EB850322D81A
:102E30001F26556B053B9E4025EA060500FA03F365
:102E40002B43536309288B6800EB40054FF00701C3
:102E500029D9D6681E3DA94026EA0101AB400B43A3
:102E6000D360A0F11003012B25D90020002384F8A2
:102E7000243002B070BD0C2D4FF01F0509D8166B21
:102E8000233B9D4026EA050500FA03F32B43136319
:102E9000D8E7D66A413B9D4026EA050500FA03F3D0
:102EA0002B43D362CEE71069A94020EA0101AB4071
:102EB0000B431361D9E7114B9A4216D193681B0259
:102EC000D3D49368102843F400039360CDD10C4B06
:102ED0000C4A1B68B3FBF2F30A2253430193019B94
:102EE000002BC2D0019B013BF8E7A36A012043F00D
:102EF0002003A362BAE70220BBE700BF0024014021
:102F00002000002040420F00806A7047002337B540
:102F10000193036804469A68D20702D5002003B0E3
:102F200030BD9A6842F001029A60144B144A1B6843
:102F3000B3FBF2F30193019BE3B9FEF75BFB05469C
:102F400023689B68DB07E9D4FEF754FB401B02288B
:102F5000F6D923689B6813F00103F1D1A26A01201E
:102F600042F01002A262E26A84F8243042F00102C8
:102F7000E262D4E7019B013BDCE700BF20000020B8
:102F800040420F0010B590F824300446012B54D075
:102F9000012380F82430FFF7B9FF002849D1A36A44
:102FA000274A23F4407323F0010343F48073A362A0
:102FB0002368934204D123494A6812F4702F2ED11A
:102FC000A26A22F48012A2625A68520541BFA26A24
:102FD00022F4405242F48052A262A26A12F4805259
:102FE0001CBFE26A22F00602E262002284F824207A
:102FF0006FF002021A609A6802F46022B2F5602F44
:1030000013D10F4A934205D1A2F58062526812F49F
:10301000702F0AD19A6842F4A0029A6010BDA26A89
:1030200042F48012A2624A68CFE79A6842F48012A2
:10303000F3E7002384F82430F0E70220EEE700BF36
:10304000002801400024014038B5036804469A680E
:10305000D10701D4002038BD9A6822F001029A609D
:10306000FEF7C8FA054623689B68DB07F2D5FEF732
:10307000C1FA401B0228F6D923689B68DA07F2D50B
:10308000A36A012043F01003A362E36A43F0010343
:10309000E362E0E7F8B5044600286ED0836A23B9FE
:1030A000C36280F82430FFF747F92046FFF7CCFFD2
:1030B000A36A13F0100362D1002860D1A26AE56907
:1030C000616822F4885222F0020242F0020229438F
:1030D000A568A262227BB5F5807F41EA420137D024
:1030E000012D14BF00274FF48077267D012E06D1D5
:1030F00082BBA269013A47EA423646F40067226879
:10310000B5F5807F566826F4694646EA070656609C
:1031100097681D4E06EA070646EA0106966001D04A
:10312000012D02D12369013B1B05D56A25F47005E9
:103130002B43D3629268154B1340994213D100235D
:10314000E362A36A23F0030343F00103A362F8BD23
:103150002F46CAE7A26A42F02002A262E26A42F067
:103160000102E262CBE7A36A23F0120343F01003EB
:10317000A362E36A43F00103E3620120E7E7A36A85
:1031800043F01003A362F8E7FDF7E1FFFE0E1FFF17
:10319000002373B5019390F824300446012B62D0CC
:1031A000012380F82430FFF74FFF0546002832D175
:1031B000A36A022023F4885323F0020343F002039E
:1031C000A3622A4B1E6800F023FDB6FBF0F67600E2
:1031D0000196019B1BBB2046FFF798FE226893686F
:1031E00043F008039360FEF705FA064623689A68E1
:1031F000110718D49A6842F004029A60FEF7FAF9AF
:10320000064623689B685B0723D4A36A23F0030365
:1032100043F00103A362002384F8243016E0019BED
:10322000013B0193D5E7FEF7E5F9801B0A28DDD9BC
:1032300023689B681807D9D5A36A012523F01203D8
:1032400043F01003A362002384F82430284602B020
:1032500070BDFEF7CFF9801B0A28D2D923689B687E
:103260005A07CED5E8E70225F0E700BF200000208E
:1032700007490302CA6803F4E06322F4E06212041F
:10328000120C134343F0BF6343F40033CB60704729
:1032900000ED00E0164B30B5DC68C4F30224C4F145
:1032A0000703251D042B28BF0423062D4FF0FF35EF
:1032B00098BF002405FA03F388BF033C21EA030307
:1032C000A34005FA04F422EA0402002843EA0203B8
:1032D000ACBF00F16040074A4FEA0313DBB2ABBF5B
:1032E00000F5614000F00F0080F80033135430BD4A
:1032F00000ED00E014ED00E0002808DB01234209A6
:1033000000F01F0003FA00F0014B43F82200704761
:1033100000E100E000280DDB0122430900F01F005E
:1033200002FA00F0044A203342F82300BFF34F8F23
:10333000BFF36F8F704700BF00E100E090F82130CD
:10334000022B06D004238363002380F82030012061
:10335000704703681A6822F00E021A601A6822F099
:1033600001021A600123D0E90F218B4053604FF412
:10337000807303840020704708B590F82130022B39
:1033800003D004238363012008BD03681A6822F078
:103390000E021A601A6822F001021A60174A93425C
:1033A0001CD0143293421BD0143293421AD01432E0
:1033B00093421AD0143293421AD0143293420CBF63
:1033C0004FF480134FF080730D4A53604FF48073B5
:1033D0000384436B7BB198470020D5E70123F3E7D3
:1033E0001023F1E74FF48073EEE74FF48053EBE7DF
:1033F0004FF48033E8E71846C6E700BF08000240F4
:10340000000002402DE9F74F00221646644F654B3D
:10341000DFF894C1DFF894E10D6835FA06F402D1C3
:1034200003B0BDE8F08F4FF0010808FA06F805EA8E
:10343000080438EA05057BD14D68032D07D8013D06
:10344000022D00F28880DFE805F0969BA100122D86
:1034500000F099806ED8112D00F08F80FF2C98BF5E
:1034600082464FF00F0988BF00F1040A4FEA860533
:10347000DAF8008088BF203D09FA05FB28EA0B082E
:1034800002FA05F548EA0505CAF80050D1F804A08B
:103490001AF0805F4CD0BD6926F0030845F00105A5
:1034A000BD61BD6908F1804805F00105019508F589
:1034B000803806F0030B019D4FEA8B0BD8F80850BB
:1034C00009FA0BF925EA0909394DA84262D005F538
:1034D0008065A84260D005F58065A8425ED005F5FC
:1034E0008065A8420CBF0325042505FA0BF545EAC3
:1034F0000905C8F808501D681AF4803F14BF254319
:10350000A5431D605D681AF4003F14BF2543A54321
:103510005D609D681AF4801F14BF2543A5439D601C
:10352000DD681AF4001F14BF2C4325EA0404DC6094
:10353000013671E7DFF87C904D450CD017D8A9F51E
:1035400080194D4507D009F570294D4503D0A9F5DF
:1035500080194D4582D18A68D2B1012A08BFC0F8CE
:1035600010804FF0080218BFC0F8148076E7654558
:10357000F1D07545EEE7CA6870E7CA6804326DE7B6
:10358000CA6808326AE7CA680C3267E7002265E752
:10359000042263E70025A8E70125A6E70225A4E7A2
:1035A0000010024000040140000031100000321001
:1035B00000080140000022108368194214BF012056
:1035C000002070470AB1016170470904FBE7C36836
:1035D00001EA030221EA030141EA02410161704765
:1035E000044A08B55169014202D0506101F06CFDF6
:1035F00008BD00BF000401402DE9F341054638B382
:103600000368DB0710D42B689F075ED42B6819076B
:1036100000F195802B685A0700F1C180E869002805
:1036200040F02C81002029E0904C636803F00C03EB
:10363000042B07D0636803F00C03082B0AD16368DE
:10364000DE0307D523689C03DDD56B68002BDAD138
:10365000012013E06B68B3F5803F12D1236843F477
:1036600080332360FDF7C6FF064623689803CAD45B
:10367000FDF7C0FF801B6428F7D9032002B0BDE826
:10368000F0819BB9236823F480332360236823F4FB
:1036900080232360FDF7AEFF064623689903B2D569
:1036A000FDF7A8FF801B6428F7D9E6E7B3F5A02F44
:1036B000236803D143F480232360CFE723F48033CE
:1036C0002360236823F48023CBE7684C636813F0FE
:1036D0000C0F07D0636803F00C03082B10D163684C
:1036E000DA030DD423689B0702D52B69012BAFD1D8
:1036F00023686A6923F0F80343EAC203236085E77D
:103700002A695B4B6AB101221A60FDF773FF064616
:1037100023689F07ECD4FDF76DFF801B0228F7D9C3
:10372000ABE71A60FDF766FF0646236898077FF54A
:103730006DAFFDF75FFF801B0228F6D99DE7AA69F0
:103740004A4E4B4BE2B10122C3F88024FDF752FFF1
:103750000446736A9B070DD54FF4FA52454B1B681C
:10376000B3FBF2F3019300BF019B5A1E0192002BA1
:10377000F9D14FE7FDF73EFF001B0228E9D97CE7AE
:10378000C3F88024FDF736FF0446736A9F077FF570
:1037900041AFFDF72FFF001B0228F6D96DE7334C30
:1037A000E369D80024D40127E36943F08053E3613F
:1037B000E36903F080530093009B2F4E3368D905D3
:1037C00018D5EB68012B26D1236A43F0010323624D
:1037D000FDF710FF41F288380646236A9B073FD564
:1037E000002F3FF41BAFE36923F08053E36115E73B
:1037F0000027E2E7336843F480733360FDF7FAFE95
:1038000080463368DA05DCD4FDF7F4FEA0EB08004F
:103810006428F6D931E7ABB9236A41F2883823F03E
:1038200001032362236A23F004032362FDF7E2FE0F
:103830000646236A9807D3D5FDF7DCFE801B40457A
:10384000F7D91AE7052B236A03D143F00403236257
:10385000BAE723F001032362236A23F00403B6E7E7
:10386000FDF7C8FE801B4045B7D906E700100240AF
:103870000000424220000020007000402A4C636893
:1038800003F00C03082B3ED00022284B02281A66B6
:103890002CD1FDF7AFFE06462368990120D42B6A90
:1038A000B3F5803F05D16268A96822F400320A436B
:1038B0006260696A62680B4322F474121343012246
:1038C00063601A4B1A66FDF795FE054623689A0158
:1038D0003FF5A8AEFDF78EFE401B0228F6D9CCE6D8
:1038E000FDF788FE801B0228D6D9C6E6FDF782FECA
:1038F000054623689B017FF595AEFDF77BFE401BD7
:103900000228F6D9B9E601283FF4B8AE63682A6AFE
:1039100003F4803191427FF49BAE6A6A03F4701322
:1039200093423FF47FAE93E6001002400000424213
:1039300030B5184B87B002AC03F110052246186869
:103940005968083303C2AB421446F7D140F2012351
:103950001149ADF804304B6803F00C02082A17D166
:10396000C3F3834218326A44DB0312F8100C0CD5FF
:103970004B680A4AC3F34043504318336B4413F86F
:10398000143CB0FBF3F007B030BD054B5843FAE7E9
:103990000248F8E7C4A700080010024000127A00AD
:1039A00000093D002DE9F0410D46044610B9012003
:1039B000BDE8F081444A136803F007038B4228D323
:1039C00021688E0730D4CA0743D43F4A136803F0F6
:1039D0000703AB4265D822683C4D12F0040F6CD14E
:1039E000130706D56B68226923F4605343EAC203C8
:1039F0006B60FFF79DFF6B68354AC3F30313D35C1D
:103A0000D840344B1860344B1868FDF7D3FD0020C4
:103A1000CEE7136823F007030B431360136803F02A
:103A200007038B42C3D1CBE7284B11F0040F1EBF15
:103A30005A6842F4E0625A60080742BF5A6842F48A
:103A400060525A605A68A06822F0F00202435A603D
:103A5000B9E762681D4E012A33681AD113F4003F9A
:103A6000A5D0736841F2883823F0030313437360D1
:103A7000FDF7C0FD07467368626803F00C03B3EB03
:103A8000820FA2D0FDF7B6FDC01B4045F3D903203D
:103A90008EE7022A02D113F0007FE1E713F0020F54
:103AA000DEE7136823F007032B431360136803F06A
:103AB0000703AB427FF47BAF8DE76B68E16823F4CB
:103AC000E0630B436B608BE7002002400010024074
:103AD000ACA700082000002028000020044B054A65
:103AE0005B68C3F30223D35C034A1068D840704775
:103AF00000100240BCA7000820000020044B054A2B
:103B00005B68C3F3C223D35C034A1068D840704794
:103B100000100240BCA700082000002003682DE927
:103B2000F341D907054620D5364CE369DA0032D493
:103B30000126E36943F08053E361E36903F08053B6
:103B40000193019B304F3B68DB0526D5236A13F4B4
:103B5000407336D1236A6A6823F4407313432362A7
:103B60001EB1E36923F08053E3612868830706D51B
:103B70002449AB684A6822F440421A434A6010F074
:103B800010001BD01F4AE9685368002023F480030B
:103B90000B43536012E00026D4E73B6843F4807384
:103BA0003B60FDF727FD80463B68D805CED4FDF786
:103BB00021FDA0EB08006428F6D9032002B0BDE87F
:103BC000F0816A6802F440729A42C3D001200F4A21
:103BD000236AC2F84004002023F44071C2F8400474
:103BE0002162D907B6D5FDF705FD41F288380746B1
:103BF000236A9A07AED4FDF7FDFCC01B4045F7D9F8
:103C0000DBE700BF001002400070004000004242AD
:103C1000024670B5334B86B002AD03F110062C4658
:103C200018685968083303C4B3422546F7D140F2F7
:103C30000123022AADF8043047D0102A03D0012A0C
:103C400024D0002036E0284A5168106810F08070B7
:103C500030D0C1F3834318336B44C90313F8100CFD
:103C600049BF5368214BC3F34043183341BF6B44F2
:103C700013F8141C1E4BB3FBF1F3584353685B025B
:103C800018D403234000B0FBF3F013E040F20231FC
:103C9000154A136A1940B1F5817F1FD003F44073B0
:103CA000B3F5007F08D149F64043506A10F0020096
:103CB00018BF184606B070BDB3F5407FC1D110687B
:103CC0004FF2244310F40030F2E7FFF717FF064BE2
:103CD0005B68C3F3813301335B00D4E74FF40040EA
:103CE000E8E700BFC4A700080010024000093D003B
:103CF00000127A00036A70B523F001030362036ABD
:103D0000446882690D6822F073022A438D6823F0AB
:103D100002032B430A4DA8420BD1CD6823F00803C0
:103D20002B4324F44074D1E90556354323F00403B2
:103D30002C43446082614A684263036270BD00BFE5
:103D4000002C0140036A70B523F480730362036A98
:103D50004468C2690D6822F073022A438D6823F417
:103D6000007343EA05230B4DA8420DD1CD6823F41F
:103D7000006343EA052324F44054D1E90556354352
:103D800023F4806344EA05144460C2614A68C26354
:103D9000036270BD002C0140036A30B523F48053E8
:103DA0000362036A4468C2690D6822F4E64242EA8B
:103DB00005228D6823F4005343EA0533064DA842DB
:103DC00002BF4D6924F4804444EA85144460C26112
:103DD0004A680264036230BD002C0140034630B5DE
:103DE00090F83E2090F83F0093F8425093F84340FB
:103DF000D2B2C0B2EDB2E4B2C1B9012A45D1012DAF
:103E000045D1022283F83E2083F842201A68116AC5
:103E100021F001011162116A41F0010100201162DB
:103E20001A68136843F00103136030BD042911D1EF
:103E300001282AD1012CF8D1022283F83F2083F8EF
:103E400043201A68116A21F010011162116A41F0D1
:103E50001001E3E7012A18D1012818D1012DE4D17E
:103E6000012CE2D1022283F83E2083F83F2083F820
:103E7000422083F843201A68116A21F0010111627F
:103E8000116A41F001011162DCE70120CDE7104623
:103E9000CBE700001A4A036890420AD0B0F1804F85
:103EA00007D0A2F59432904203D002F5806290428E
:103EB00015D14A6823F070031343114A90420AD087
:103EC000B0F1804F07D0A2F59432904203D002F5B2
:103ED0008062904203D1CA6823F4407313434A6955
:103EE00023F08003134303608B68C3620B68836213
:103EF000034B984204BF0B6903630123436170477E
:103F0000002C014010B5044630B390F83D3003F06A
:103F1000FF021BB980F83C20FEF792FC02232068C8
:103F200084F83D30211DFFF7B5FF0123002084F800
:103F3000463084F83E3084F83F3084F8403084F8CE
:103F4000413084F8423084F8433084F8443084F8B7
:103F5000453084F83D3010BD0120FCE7F8B50D4632
:103F6000044600284DD090F83D3003F0FF021BB905
:103F700080F83C20FEF78AFC0223214684F83D307D
:103F800051F8040B836823F4804323F00703836014
:103F9000FFF780FF20682A6886688369A96816434E
:103FA000AA6923F4407341EA022123F003030B437F
:103FB00023F47C422B69E9691B0143EA0123E96888
:103FC000076A0B43296A22F0FC0243EA01331343D8
:103FD000696927F022026F68866047EA01178361EA
:103FE000174301230762002084F8463084F83E30EE
:103FF00084F83F3084F8423084F8433084F83D3010
:10400000F8BD0120FCE70000036A70B523F010033F
:104010000362036A446882690D6822F4E64242EA58
:1040200005228D6823F0200343EA05130B4DA842B7
:104030000DD1CD6823F0800343EA051324F44064D6
:10404000D1E90556354323F0400344EA8504446032
:1040500082614A688263036270BD00BF002C014028
:1040600038B590F83C300446012B52D00123082A81
:1040700080F83C303CD006D8C2B1042A27D00020BA
:1040800084F83C0038BD0C2AF9D10068FFF784FEA3
:1040900023680969DA6942F40062DA61DA6922F4B4
:1040A0008062DA61DA6942EA012230E00068FFF7F3
:1040B00021FE236809699A6942F008029A619A69A7
:1040C00022F004029A619A690A439A61D7E700686C
:1040D000FFF79AFF236809699A6942F400629A61BE
:1040E0009A6922F480629A619A6942EA0122ECE7B5
:1040F0000068FFF727FE23680969DA6942F00802C1
:10410000DA61DA6922F00402DA61DA690A43DA6113
:10411000B5E70220B6E710B50124036A01F01F01DC
:104120008C4023EA04030362036A8A401A43026252
:1041300010BD000010B5044629B990F83E30012B9F
:1041400021D0012010BD042907D190F83F30012B68
:10415000F7D1022384F83F3018E0082907D190F8FE
:104160004030012BEDD1022384F840300EE090F86E
:104170004130012BE5D10429EBD00829F3D00223EB
:1041800080F8413002E0022380F83E3001222068AE
:10419000FFF7C1FF23680E4A93420AD15A6C42F4DA
:1041A00000425A649A6802F00702062A0BD10020E6
:1041B000C8E7B3F1804FF5D0064A9342F2D002F53A
:1041C00080629342EED01A6842F001021A60EEE774
:1041D000002C014000040040FFF7ACBF30B590F860
:1041E0003C300246012B4FF0020022D0136882F8C7
:1041F0003D005C680D6824F070042C4398685C6096
:104200000C4CA3420AD0B3F1804F07D0A4F59434EC
:10421000A34203D004F58064A34204D1496820F08E
:104220008000014399600123002082F83D3082F82C
:104230003C0030BD002C014090F83C30012B1FD0D9
:10424000CB688A6823F4407313434A6823F480637D
:1042500013430A6823F4006313430A6923F4805369
:1042600013434A6923F400531343CA6923F4804378
:10427000134302685364002380F83C3018467047AB
:10428000022070470368DA6822F49072DA605A6993
:1042900022F001025A61026B012A02BFDA6822F0A1
:1042A0001002DA60202380F83E3000230363704759
:1042B00010B504460368C1681A6922F440520A43E3
:1042C0001A6182680069D9680243606921F4B051BB
:1042D00021F00C0102430A43DA605A69A16922F411
:1042E00040720A435A610E4A934215D1FFF706FC09
:1042F00019234343626820689200B3FBF2F36422FF
:10430000B3FBF2F102FB11331B013233B3FBF2F3C7
:1043100003EB0113836010BDFFF7E0FBE8E700BF8C
:1043200000380140F8B504460E4617461D4622687F
:10433000136836EA030301D1002014E06B1CF7D0A8
:1043400095B923680320DA6822F4D072DA605A69DA
:1043500022F001025A61202384F83D3084F83E3077
:10436000002384F83C30F8BDFDF744F9C01B8542BA
:10437000DDD2E6E710B5044640B390F83D3003F0D7
:10438000FF021BB980F83C20FEF7D6FB24232268ED
:1043900084F83D30D368204623F40053D360FFF700
:1043A00087FF236800201A6922F490421A615A6933
:1043B00022F02A025A61DA6842F40052DA602023BD
:1043C000206484F83D3084F83E3010BD0120FCE7C5
:1043D0002DE9F843994690F83D300446202B0E46CF
:1043E000174648D1002944D0002A42D090F83C30EA
:1043F000012B40D00123002580F83C3021230564A7
:1044000080F83D30FDF7F6F8A3688046B3F5805F8D
:10441000A784E78403D123690BB935461E460023E0
:1044200084F83C30E38C9BB253B94B464246402162
:104430002046FFF777FF50B9202384F83D3007E08E
:104440004B46424680212046FFF76CFF10B1032007
:10445000BDE8F88322684EB935F8023BC3F3080380
:104460005360E18C013989B2E184DBE716F8013B46
:10447000F6E70120ECE70220EAE72DE9F8431F46C2
:1044800090F83E300446202B0E4691464FD100292D
:104490004BD0002A49D090F83C30012B47D0012363
:1044A000002580F83C302223056480F83E30056307
:1044B000FDF7A0F8A3688046B3F5805FA4F82C90C0
:1044C000A4F82E9003D123690BB935461E4600236C
:1044D00084F83C30E08D80B220B9202384F83E304F
:1044E000BDE8F8833B46424620212046FFF71AFFED
:1044F000F8B923684EB95B68C3F3080325F8023B9B
:10450000E38D013B9BB2E385E4E7A268B2F5805FEF
:1045100002D032B9226922B95968C9B206F8011B22
:10452000EEE7596801F07F01F8E70120D8E70220A3
:10453000D6E70320D4E77047704708B50023406AE8
:10454000C385C384FFF7F8FF08BD704707B58168CE
:10455000836AB1F5805F026834D10169002934D1E2
:104560005268C2F3080223F8022BC28D8362013A1B
:1045700092B2C2851ABB0368D96821F02001D960C4
:10458000D96821F48071D960596921F0010159611C
:10459000202180F83E10016B012920D10263D968E7
:1045A00021F01001D9601968C90605D501921A6871
:1045B00001925B680193019B818DFFF7C6FF03B0F9
:1045C0005DF804FB39B9016929B95268D2B21A7091
:1045D000836A0133C9E7526802F07F02F7E7FDF70B
:1045E00065FDECE7036837B51A68044612F00F0F53
:1045F000D9685D690CD1950667D58D0665D590F8AB
:104600003E30222B5BD103B0BDE83040FFF79EBFA8
:1046100005F0010001F49075054356D0D50705D586
:10462000CB0542BF236C43F001032364550704D537
:1046300018B1236C43F002032364930704D518B127
:10464000236C43F004032364150707D501F020030E
:1046500003431EBF236C43F008032364236C73B32E
:10466000920608D58B0606D594F83E30222B02D14F
:104670002046FFF76BFF236820465B69256C03F03B
:10468000400305F008051D431BD0FFF7FBFD236821
:104690005A69550610D55A69A06B22F040025A613A
:1046A00050B1534B4363FEF767FE40B1A06B436BC1
:1046B00003B0BDE8304018472046FFF73DFF03B088
:1046C00030BDFFF739FF2564F9E7206B012855D18C
:1046D000D00653D5CD0651D5002101911A6801921B
:1046E0005A680192019A5A6912F040022AD0A06BCE
:1046F0000268526892B2002AE1D0A58D9542DED9B7
:10470000E2858269202A15D0DA6822F48072DA60A4
:104710005A6922F001025A615A6922F040025A6134
:10472000202284F83E202163DA6822F01002DA6049
:10473000FEF704FEE38DA18DC91A89B22046FFF76A
:1047400004FFBCE7E18D88B2E18D89B20029B6D0C3
:10475000A18D091A89B20029B1D0D86820F49070CF
:10476000D860586920F001005861202084F83E008C
:104770002263DA6822F01002DA60DFE7100626D53D
:104780000D0624D594F83D20212A98D1A168226AEB
:10479000B1F5805F16D12169A1B932F8021BC1F3CE
:1047A000080159602262E28C013A92B2E284002A46
:1047B00085D1DA6822F08002DA60DA6842F04002DD
:1047C000DA607CE7511C216212785A60EBE75006F0
:1047D0007FF575AF4A067FF572AFDA68204622F0A2
:1047E0004002DA60202384F83D30FFF7A4FE66E73C
:1047F0003B450008C2858285816203462222002053
:10480000186483F83C0083F83E201B68DA6842F4A1
:104810008072DA605A6942F001025A61DA6842F045
:104820002002DA60704770B490F83E60202E10D1FC
:1048300061B15AB190F83C40012C0AD0012480F8B3
:104840003C400024046370BCFFF7D4BF012070BC5F
:1048500070470220FBE703788B5443780A44537077
:1048600083789370C378D3707047000007B54B1EF0
:10487000092B01900ED80239082906D8DFE801F08B
:104880000D0F11131517191B1D0001220C4901A84A
:10489000FFF7E1FF03B05DF804FB0522F6E709220C
:1048A000F4E70D22F2E71122F0E71522EEE71922D4
:1048B000ECE71D22EAE72122E8E72522E6E700BF30
:1048C00074070020431E092B37D824221C4B0238C2
:1048D0001A70082806D8DFE800F0090D1115191D17
:1048E00021262B00052206205A71704709220A2032
:1048F0005A7270470D220E205A73704711221220EF
:104900005A747047152216205A75704719221A20BA
:104910005A7670471D221E205A7770472122222086
:1049200083F8212070472522262083F82520704710
:1049300029222A2083F8292070470020704700BFD1
:104940007407002090F90030002B0CDC0DD190F999
:104950000130002B0BDC0CD190F90230002B0ADC6B
:104960000BD10720704700207047042070470120BA
:10497000704705207047022070470620704707B532
:104980000323009002226B21D020FDF722F903B00F
:104990005DF804FB07B50223009004221B21D02000
:1049A000FDF717F903B05DF804FB07B5022300908B
:1049B00004221C21D020FDF70CF903B05DF804FBA4
:1049C000034606226B21D020FDF728B903460522B5
:1049D0006A21D020FDF722B9034601223721D020D9
:1049E000FDF71CB908B50220FFF7C9FF0320FFF748
:1049F000D1FF0020FFF7D9FF0020FFF7E1FF0020E3
:104A0000FFF7E4FFBDE808400020FFF7E5BF000026
:104A1000002330B589B0012275218DF8003068205F
:104A20006B46FDF755F80123514C5248237002F0B4
:104A3000B9FD9DF80030682B0CD0BFF34F8F4E4965
:104A40004E4BCA6802F4E0621343CB60BFF34F8F52
:104A500000BFFDE701F0A2FA002840F08580782031
:104A600001F03CFA10B9434802F09CFD782001F0B7
:104A700081F810B9424802F095FDC82001F0ECF928
:104A800010B9404802F08EFD01F0BAFD10B93E4861
:104A900002F088FD3D48FFF755FF02463C48FFF70E
:104AA00051FF01463B48FFF74DFF830143EAC10335
:104AB00043EA020080B201F0ADFD10B9364802F0C1
:104AC00071FD40F2731002F0D7F810B9334802F0CC
:104AD00069FDC82001F00EFF10B9314802F062FDF7
:104AE00005A902A801F0ECFB072836D101A801F0C6
:104AF00001F8019D0298FCF7C9F82946FCF71AF95C
:104B0000FCF7DEFA02900398FCF7C0F82946FCF7A0
:104B100011F9FCF7D5FA03900498FCF7B7F8294689
:104B2000FCF708F9FCF7CCFA049002A801F012FE99
:104B30000DF1020000F0FEFFBDF80220059B05A864
:104B400053430593069B53430693079B5343079395
:104B500001F068FE134802F025FD012001F072FB10
:104B600010B9114802F01EFD0023237009B030BDBA
:104B70008E050020D5A7000800ED00E00400FA052E
:104B8000F5A7000819A800083EA800082C0000207E
:104B90002F000020320000206FA8000894A8000811
:104BA000B8A80008DBA80008FCA800080000000066
:104BB0002DE9F04F764C89B00DF10B030193754947
:104BC00003AB7548009404AA02F040F92388DB0582
:104BD00040F1D5800498FCF759F84FF04251FCF7AA
:104BE000A9F86E4E804630600598FCF74FF84FF0FC
:104BF0004251FCF79FF8DFF8A8A18346CAF80000ED
:104C00000698FCF743F84FF04251FCF793F8654FD4
:104C1000044638600798FCF739F84FF04251FCF72A
:104C200089F88146604D4FF0404128605846FCF7B6
:104C300081F84946FCF77EF8414681464046FBF73D
:104C400071FF2146FCF776F801464846FBF76AFFFC
:104C5000FBF7E2FB03F0F8FC4BA3D3E90023FBF7DF
:104C600033FCFBF709FF514BD7F800901860494619
:104C70004846FBF757FFDAF800B004464FF04041D2
:104C80005846FCF757F85946FCF754F82146804639
:104C90004846FCF74FF801464046FBF741FF4FF00E
:104CA0007E51FBF73FFFFBF7B7FB89463168804633
:104CB0000846FBF737FF5946FCF73CF8296883465E
:104CC0002046FCF737F801465846FBF72BFFFBF769
:104CD000A3FB42464B4603F0DFFC2BA3D3E90023A2
:104CE000FBF7F2FBFBF7C8FE314BDAF80090D7F880
:104CF00000A03768186039463846FCF71BF849466B
:104D000004464846FCF716F801462046FBF70AFF22
:104D1000514604465046FCF70DF801462046FBF785
:104D2000FFFED5F80080044641464046FCF702F8F5
:104D300001462046FBF7F4FEFBF76EFB04460D46EA
:104D400048465146FBF7F6FF414606463846FBF714
:104D5000F1FF01463046FBF7E5FE0146FBF7E2FEB8
:104D6000FBF75AFB22462B4603F096FC06A3D3E939
:104D70000023FBF7A9FBFBF77FFE0E4B186009B081
:104D8000BDE8F08FAFF300806666666666A64C40AD
:104D9000C4070020AC070020B20700203800002024
:104DA000B8070020BC070020C0070020A007002093
:104DB000A4070020A807002070B5284C284A2378B3
:104DC00013B1284B1B783BB92749284B09781B782E
:104DD00000292FD0002B2DD013780133DBB2312BDB
:104DE00001D8137070BD3C2313701E4B1D781F4BF0
:104DF0001E7855EA06031E4B26D01A782AB91D4A9A
:104E000011681D4A116001221A70AEB11B4B19685E
:104E1000194B1868FBF786FE164B1860184A137872
:104E20000133DBB2322B1370DCD90F4B26701D70AF
:104E30000023D6E70023D7E735B1124B19680E4B94
:104E40001868FBF76DFEE7E71A78012AE6D10A4AEF
:104E50001168084A116000221A70DFE7CD070020B0
:104E6000EC0700208D050020CE0700208C050020D7
:104E7000DC070020AC050020040800203C000020D6
:104E80000C08002040000020F0B53227104C114DD6
:104E9000411A20682B68A1EB40021A440E1A01EB5C
:104EA000810307FB06333C2606FB02330A4A1668D9
:104EB0003344B3F5E15F06DD4FF4E153136028603E
:104EC00021601068F0BD13F5E15FB8BF034BF5E753
:104ED000D0070020D4070020D8070020E0E3FFFF20
:104EE0004FF4E1520028094BCBBF101A00F5E150F6
:104EF0009A635A63CCBF58639863054A054B12689E
:104F00001B681344044A1364704700BF0008004044
:104F1000A00500200C000020002C0140054B064A93
:104F20001968914201DA1A6003E041F6F4229142D5
:104F3000F9DC7047980500200CE5FFFF3220F8B53A
:104F4000FCF78CFE01281BD1124D134C2E78AEB904
:104F50002378012B0CD1114B11491F683846FCF7FF
:104F60009BF828B138460F49FCF78CF800B1267041
:104F70002378013B18BF01232B70F8BD2070F7E7A1
:104F80000228FAD1084A1378B3FA83F35B09137045
:104F9000F3E700BFF907002008000020B805002053
:104FA000000020C1000020418E05002070B50C4695
:104FB00010490546FCF75CF80F4E88B928460F49A2
:104FC000FCF774F860B93378012B09D040F2C5239F
:104FD0009C4205DD0A4B0B491868FCF749F838B1CB
:104FE0000120094B094A1B6803F2EE231364307059
:104FF00070BD00BF000020C2080000200000204259
:10500000A40700200000A0C1A0050020002C014042
:10501000012808B50CD1FFF7CBFD064B1A68064BEB
:105020001A60064BB3F90200FBF730FE044B186020
:1050300008BD00BFA0070020B8050020B20700206F
:1050400094050020F8B51B4C064623780D46002B2E
:105050002CD1194B19491F683846FBF761FD3146C1
:10506000FCF706F808B90020F8BD14493846FBF7EC
:1050700059FD3146FCF71AF80028F4D06B1C022BBE
:10508000F1D80F4B1B78012BEDD123700D4A13780B
:105090000133DBB2322B89BF0023137013702370EE
:1050A0000835E0DA002301202370DDE7012BEDD085
:1050B000D9E700BFF8070020AC0500200000204120
:1050C00008000020ED070020B0F5805F2DE9F84FC3
:1050D00075D1A44BA44958610B78012B09D1A34A7F
:1050E00013780133DBB20A2B137002BF0023137055
:1050F0000B709F4A9F4C13789F4F022B61D801334E
:1051000020781370FFF784FFFCF72AFA9B4B9C4A28
:105110009C49186013680C6801332044642B1360A9
:10512000086006D190FBF3F0974B186000230B60EA
:1051300013606420FCF7F4FD07210920FCF7EAF96D
:105140000C23A0F5806090FBF3F0904B18603B7847
:10515000012B34D107210320FCF7DCF9A0F5806096
:10516000FBF794FD8A49FBF7E5FD8A49FBF7E2FD71
:10517000FBF7A6FFFBF78AFD0546FBF7A1FF0A2315
:1051800090FBF3F202FB1300FBF780FD8149FBF774
:1051900085FE804904462846FBF780FEFBF790FF1A
:1051A000FBF774FD01462046FBF7BCFC7A4B014639
:1051B00018607A4B1868FBF7B5FC794B1860BDE8AE
:1051C000F88F4FF0000A022082F800A0FCF7C0FA26
:1051D0004042FBF75BFD7349FBF760FEFBF770FF96
:1051E000714EDFF8C89130602078FFF711FF704BE7
:1051F00070491868FBF752FE6F4DC9F80000286827
:105200006E4CA0F2EE20FBF741FD6D49FBF746FE28
:10521000DFF8B081C8F80000FFF790FE3168206821
:10522000FFF710FF584B01281968206808BF87F85E
:1052300000A0FFF7BBFE3B781843C0B2002840F047
:105240008F80FFF7B9FD564B20681968FBF768FCA3
:105250005D4B1968FBF76EFD5C4BD9F800100446F6
:105260001868FBF767FD01462046FBF75BFC584BCF
:10527000D8F8001004461868FBF75CFD014620468C
:10528000FBF750FC534900F10040FBF753FDFBF7DF
:1052900017FFFBF7FBFC504B044618604F4BDFF841
:1052A00040811868FBF7F2FCD8F800708146394657
:1052B0002046FBF735FC01464846FBF73BFD494BD2
:1052C00081461868FBF7E2FC2146FBF733FD0146F7
:1052D0004846FBF727FC394682463846FBF722FC56
:1052E000DFF8049101462046FBF71AFCD9F80010BC
:1052F000FBF718FC3D4B83461868FBF7C7FC0146DB
:105300005846FBF717FD01465046FBF70BFCFBF731
:10531000D7FE374B186042F2107390FBF3F3286806
:105320000344B3F51B7F15DA4FF41B736FF03B0199
:1053300030682B60C8F80040C9F80070FFF7A4FD82
:105340002C4C2060FFF7EAFD20684042BDE8F84F92
:10535000FFF7C6BDB3F55C7FC8BF4FF45C73E5E7EC
:105360000020F3E700040140B5050020B40500204B
:10537000CC0700201C00002008000020E8070020C7
:10538000E4070020E0070020A8050020A005002079
:1053900085EBA13B00002041C8070020B00500209C
:1053A000AC05002093D8194288050020BC050020D8
:1053B00094050020333383410C000020B805002001
:1053C0009A996940F007002044000020480000201E
:1053D0004C0000200000C842F407002058000020C4
:1053E000FC0700205400002000080020500000208E
:1053F00008080020980500202DE9F043002301272C
:1054000085B0B64C8DF805308DF8047006460D4613
:10541000D4E900109046897C0222007801ABFCF7A9
:10542000F5FA814628B14FF0FF38404605B0BDE897
:10543000F083C820FCF772F9D4E900108DF80490CD
:105440003A46C97B007801ABFCF7E0FA0028EAD1C4
:10545000D4E900103A464979007801ABFCF7D6FA56
:105460000028E0D1D4E900103A46897C007801ABED
:10547000FCF7CCFA0028D6D1D4E900103A46C97D11
:10548000007801ABFCF7C2FA0028CCD1D4E90010B7
:105490003A460979007801ABFCF7B8FA0028C2D186
:1054A000D4E900100C238DF804303A4609790078CD
:1054B00001ABFCF7ABFA0028B5D10F20FCF72EF9B1
:1054C000D4E90010A36A3A465B7A89788DF80430F3
:1054D000007801ABFCF79AFA0028A4D1D4E90010B7
:1054E000A36A3A461B7A49788DF80430007801ABFC
:1054F000FCF78CFA002896D1A36A9B7AB8F1000FCA
:1055000001D043F0E0038DF80430D4E9001001220B
:105510008979007801ABFCF779FA002883D1B8F1DA
:10552000000F00F0D980A36ADB7A43F0E0038DF826
:105530000430D4E900100122C979007801ABFCF7EE
:1055400065FA00287FF46FAFB8F1000F02D0C820D1
:10555000FCF7E4F8D4E9001040238DF80430012270
:105560000979007801ABFCF751FA00287FF45BAFB2
:10557000D4E9001078238DF80430012249790078AD
:1055800001ABFCF743FA074600287FF44CAF32200A
:10559000FCF7C4F8D4E900108DF8047001224979B1
:1055A000007801ABFCF732FA00287FF43CAFD4E975
:1055B00000100222897A007801ABFCF789FA804654
:1055C00000287FF430AF0C23BDF8047081467FBA09
:1055D000BFB2B7FBF3F7C6E901003060C5E90100CF
:1055E000FFB228605FFA89F3BB4279D33468832223
:1055F000E11709040023200441EA1441FBF7A6FD4A
:105600003A460023FBF7A2FD74688322E1170904E0
:105610000023306041EA14412004FBF797FD3A462D
:105620000023FBF793FDB4688322E11709040023EC
:10563000706041EA14412004FBF788FD00233A46DC
:10564000FBF784FDB0602B68D917090451EA1341B8
:105650004FEA034004D540F2FF73C01841F1000146
:10566000C00A002340EA41503A46C912FBF76EFDDA
:105670006B682860D917090451EA13414FEA0340C7
:1056800004D540F2FF73C01841F10001C00A0023A5
:1056900040EA41503A46C912FBF758FDAB686860D2
:1056A000D917090451EA13414FEA034004D540F2E7
:1056B000FF73C01841F10001C00A40EA41503A4668
:1056C0000023C912FBF742FD0028CCBFA0F58030B3
:1056D00000F58030A860A8E6182328E75C000020C9
:1056E000D4E900100C22C97A007801ABFCF7F0F97C
:1056F00009F1010900287FF496AEBDF80630D9BA49
:10570000BDF80830DABABDF80430D8BA2B680344C3
:105710002B606B680B446B60AB681344AB60BDF8E7
:105720000C30D9BABDF80E30DABABDF80A30D8BAA2
:1057300033680344336073680B447360B368134485
:10574000B3604FE713B5114C94F824302BB1002807
:1057500018BF02208DF8070008E0A37A9BB100284B
:10576000F8D0637C7BB901238DF80730D4E90010B1
:105770000122C97B00780DF10703FCF747F910B946
:105780009DF80730637402B010BD00BF5C000020BC
:1057900013B5554CA37A1BB94FF0FF3002B010BDC2
:1057A0000023D4E900108DF807300122C97B00786E
:1057B0000DF10703FCF72AF90028EDD1D4E9001018
:1057C0000122497900780DF10703FCF71FF9002841
:1057D000E2D1D4E900100122097900780DF1070324
:1057E000FCF714F90028D7D1D4E90030197994F8DE
:1057F0002430002B3FD00C238DF807300122007895
:105800000DF10703FCF702F90028C5D1D4E9001017
:10581000C0238DF80730A37A0122DB0744BFE023C1
:105820008DF80730097900780DF10703FCF7EEF8E1
:105830000028B1D1D4E90010637C0122002B18BFED
:1058400002238DF80730C97B00780DF10703FCF7C0
:10585000DDF80028A0D10DF107038DF80700D4E989
:105860000010012249790078FCF7D0F8003818BF01
:105870000120404292E704238DF80730012200788E
:105880000DF10703FCF7C2F8002885D1A37C4BBBC0
:10589000A37A13F0010F0CBF40236023D4E900105A
:1058A0008DF807300122097900780DF10703FCF724
:1058B000ADF800287FF470AFD4E90010637C0122BA
:1058C000003B18BF01238DF80730C97B00780DF12C
:1058D0000703FCF79BF800287FF45EAFD4E90010C3
:1058E000024BBEE74023D9E75C0000206C0000209B
:1058F0000B4B1B7A032B10D8DFE803F00206090CD0
:10590000FA230380002070474FF4FA73F9E74FF44D
:105910007A73F6E74FF4FA63F3E70023F1E700BF89
:105920005C00002013B51A4CA37A1BB94FF0FF306E
:1059300002B010BDB0F57A7F25D006D8FA2809D07C
:10594000B0F5FA7FF2D1082305E0B0F5FA6FEDD19A
:10595000182300E000238DF807309DF80720237AF4
:10596000B3EBD20F11D0D4E900100122897900786D
:105970000DF10703FCF74AF80028D7D19DF807304E
:10598000DB082372D4E71023E5E70020D0E700BF4F
:105990005C0000200C4B5A7A032A12D8DFE802F090
:1059A000020B0D0F02220270DB7C13B103785B0047
:1059B0000370002070470422F5E70822F3E7102265
:1059C000F1E74FF0FF3070475C00002013B5184C32
:1059D000A37A1BB94FF0FF3002B010BD082823D0C6
:1059E00005D8022807D00428F4D1082304E01028A1
:1059F000F0D1182300E000238DF807309DF8072030
:105A0000637AB3EBD20F11D0D4E900100122C97927
:105A100000780DF10703FBF7F9FF0028DAD19DF8B4
:105A20000730DB086372D7E71023E5E70020D3E7F0
:105A30005C0000200C4BDB7A013B052B12D8DFE821
:105A400003F00307090B0D0FBC23038000207047F0
:105A50006223FAE72A23F8E71423F6E70A23F4E798
:105A60000523F2E70023F0E75C00002013B5194C92
:105A7000A37A1BB94FF0FF3002B010BDBB2816D976
:105A800001238DF80730E27A9DF807309A421FD043
:105A9000D4E900100122897800780DF10703FBF7A3
:105AA000B5FF0028E6D19DF80730E372E4E76128EE
:105AB00001D90223E5E7292801D90323E1E71328C7
:105AC00001D90423DDE709288CBF05230623D8E785
:105AD0000020D1E75C000020054A034692F824002C
:105AE00010B9D2891A8070474FF0FF30704700BF5D
:105AF0005C0000200A4B1B7A032B0DD8DFE803F073
:105B00000206080A074B036000207047064BFAE7BD
:105B1000064BF8E7064BF6E74FF0FF30704700BF43
:105B20005C00002000000343000083423333034243
:105B3000333383410E4B5A7A032A16D8DFE802F03A
:105B4000020C0F124FF480420280DB7C13B10388F9
:105B50005B0803800020704741F69C72F4E74FF425
:105B60008052F1E74FF40062EEE74FF0FF307047EC
:105B70005C000020F8B5114E96F82430E3B9B47AF1
:105B80009CB100F0FE052C40307D377C3474641BE2
:105B900018BF4FF0FF3428430AD00120FFF7D2FD91
:105BA00045B1FFF7F5FD28B137744FF0FF3401E040
:105BB000FFF7C8FD2046F8BD0024FBE75C0000208D
:105BC0002DE9F341234F064697F8243088461546C1
:105BD00023B94FF0FF3002B0BDE8F081BB7A002B53
:105BE000F7D0D7E900100222897A007801ABFBF7E1
:105BF0006FFF0028EDD1BDF8044062BA94B2A6420E
:105C000001D92870E5E778684388B4EB530F11D9C0
:105C100039680122497C007801ABFBF759FF002865
:105C2000D7D19DF80430DB0604D5FFF7B1FD6FF046
:105C30000100D0E7D7E900104346C97A0078F2B2F4
:105C4000FBF746FF0028C4D1B4FBF6F4013C2C70EE
:105C5000C1E700BF5C00002037B5384C0546A37C87
:105C6000834269D0636801221878236819790DF19D
:105C700007036DB3FBF72CFF18B14FF0FF3003B0F3
:105C800030BD9DF80730D4E9001023F020038DF8D3
:105C900007300122097900780DF10703FBF7B6FE02
:105CA0000028EAD10320FBF739FD02238DF80730E5
:105CB00094F8223013B182238DF8073094F8233002
:105CC00073B39DF8073043F030038DF8073027E0B9
:105CD000FBF7FEFE0028D0D1D4E90010A27A9DF88F
:105CE0000730D2074CBF43F0200303F0DF038DF8E9
:105CF00007300122097900780DF10703FBF786FED2
:105D00000028BAD10320FBF709FD94F8223094F85B
:105D10002320002B18BF80238DF80730002AD2D112
:105D2000D4E900100122097D00780DF10703FBF78B
:105D30006DFE0028A1D1A5740020A0E75C00002022
:105D400037B5174C054694F82330834222D00028FB
:105D50000CBF00233023A27C8DF807301AB143F02A
:105D600002038DF8073094F822302BB19DF80730EC
:105D700063F07F038DF80730D4E900100122097D1C
:105D800000780DF10703FBF741FE28B984F8235092
:105D900003B030BD0020FBE74FF0FF30F8E700BF55
:105DA0005C000020282837B5044604D94FF0FF34A2
:105DB000204603B030BD274D98B9FFF7C1FFD5E9A4
:105DC000001007238DF804408DF805300222897CED
:105DD000007801ABFBF71AFE04460028E6D12875CF
:105DE000E6E70120FFF7ACFF2023012C8DF80430FB
:105DF0001FD1002305208DF80530FFF737FED5E9C8
:105E000000109DF8053002229B0143F007038DF836
:105E10000530897C007801ABFBF7F8FD04460028CB
:105E2000C4D10823AB72012328732B75FFF7A2FEA0
:105E3000BEE7052C01D80123DCE7142C95BF022313
:105E400003230A20142094BF8DF805308DF8053007
:105E5000D3E700BF5C00002073B51F4E0446B37A41
:105E600023B94FF0FF34204602B070BD96F824509D
:105E7000002DF6D1337D53B1431E272B04D8C0B279
:105E8000FFF790FF2C46EEE72846FFF78BFFD6E999
:105E90000010B4F57A7F28BF4FF47A74042C38BF11
:105EA00004244FF47A75B5FBF4F4013C8DF80740F7
:105EB0000122497800780DF10703FBF7A7FD04469E
:105EC0000028CED19DF807000130B5FBF0F0F0813D
:105ED0004008FFF7CBFDC6E75C00002010F0700320
:105EE00073B5044614D001232B4D8DF80730D5E946
:105EF00000100122897C00780DF10703FBF786FD75
:105F000050B100234FF0FF36AB72304602B070BD87
:105F10000028E9D14023E7E79DF80730660623F023
:105F200040032B7356BF04238DF807008DF807300C
:105F3000A10658BF9DF80730D5E900105CBF43F0BB
:105F400002038DF80730E20658BF9DF807304FF086
:105F500001025CBF43F001038DF80730230758BFEF
:105F60009DF80730C97C5CBF43F038038DF80730DB
:105F700000780DF10703FBF749FD06460028C0D164
:105F800014F0F70F01D0FFF7DBFE00233220AC72D4
:105F90002B75FBF7C3FBB8E75C000020802337B507
:105FA0004B4C8DF80030D4E900106B460122897CFF
:105FB0000078FBF72BFD054620B14FF0FF3420465B
:105FC00003B030BD6420FBF7A9FBD4E900108DF8C5
:105FD00000506B460122897C0078FBF717FD0028F2
:105FE000EBD1D4E900106B460622897D0078FBF7DF
:105FF0006FFD0028E1D19DF805109DF80330890060
:106000005B0003F0020301F0040119439DF8013025
:1060100003F00103194340D0012935D1E1744FF653
:10602000FF73E3812374FF23A3744FF0FF33012236
:10603000A36000232749C4F816304FF4FA604B6080
:106040008B60A382628463622273FFF76BFC00287B
:10605000B3D10220FFF7BAFC0028AED12A20FFF707
:1060600005FD0028A9D13220FFF7F6FE0028A4D1B3
:10607000FFF780FD0028A0D1FFF7EEFD04460028C1
:106080009BD1FFF72BFF9AE7022902D10023E3748B
:10609000C5E7114801F000FA8FE7D4E900106B461C
:1060A0000122C9780078FBF713FD002885D19DF8FF
:1060B000003013F00F0303D1084801F073FA7CE7B6
:1060C000042BE3D1064801F06DFA0123DFE700BF9E
:1060D0005C000020720000201FA9000845A90008EC
:1060E00092A90008F7B50D4616461AB94FF0FF30D1
:1060F00003B0F0BD124CA37A002BF7D06768030AF7
:106100008DF80430C0B27B898DF8050008449842B0
:10611000ECDC21680222097E387801ABFBF776FCC3
:106120000028E3D1D4E900103346497D0078EAB273
:10613000FBF76CFC003818BF01204042D8E700BFD5
:106140005C000020F7B50D4616461AB94FF0FF3037
:1061500003B0F0BD124CA37A002BF7D06768030A96
:106160008DF80430C0B27B898DF805000844984250
:10617000ECDC21680222097E387801ABFBF746FC93
:106180000028E3D1D4E900103346497D0078EAB213
:10619000FBF79EFC003818BF01204042D8E700BF43
:1061A0005C0000202DE9F04F254D89B095F8254081
:1061B00081468A461746019324B14FF0FF3009B05B
:1061C000BDE8F08F0029F8D04C4514D33B0A8DF878
:1061D0000C308DF80D70D5E900100222897E007810
:1061E00003ABFBF713FC0028E7D1012385F825302A
:1061F000019BEB84E3E7A9EB040BBBF1100FA8BFF5
:106200004FF0100B0AEB04081FFA8BF6424631469A
:106210002046FFF767FF0028CFD13146204604AA69
:10622000FFF790FF0028C8D13246404604A901F08C
:106230001BF910B93444A4B2C6E76FF00100BEE701
:106240005C00002037B51D4D044695F8243083428C
:106250001ED000B395F825306BB300240020FFF763
:1062600071FA0020FFF7F8FCE88CFFF7F5FD68688D
:106270008DF807400122232100780DF10703FBF779
:10628000C5FB012085F82400FFF75CFAFFF780FAD0
:10629000002003B030BDFFF755FA2B7C68688DF8FD
:1062A00007300122232100780DF10703FBF7AEFB35
:1062B00085F82440EAE74FF0FF30EAE75C00002071
:1062C0002DE9F04FB94C95B094F824300746884634
:1062D000009323B10020FFF7B5FF012300930DF1D8
:1062E0001E00FFF705FB0DF11D00FFF753FB0DF13D
:1062F0002200FFF79FFB08A8FFF7EEFBA37A00221E
:106300000393237C414638460493FFF775F8002831
:1063100040F08B8001220EA90BA8FFF76DF8002832
:1063200040F0B480606804220D2100780AABFBF7CE
:10633000CFFB0546002800F0B18000264FF0010990
:1063400035460EAB0293DFF868B211AB0193029AA7
:1063500058F8250052F8043BC01A0028B8BF404244
:106360000292FAF793FC4FF05E51FAF7E3FC019BBF
:10637000824653F8042B0021104601930592FAF748
:106380006DFE002840F0D280059A50461146FAF77B
:1063900085FD4FF07E51FAF7C3FB594620F00040CF
:1063A000FAF784FE10B109FA05F31E430135032DF7
:1063B000CDD16068F3B22A4601930D21007811AB6C
:1063C000FBF786FB0546002840F0ED8006464FF0BF
:1063D00001099DF844300DF12C0A03F01F038DF8DC
:1063E00044309DF845300DF1440803F01F038DF84B
:1063F00045309DF8463003F01F038DF846305AF8BB
:10640000043B57F82600C01A0028B8BF4042FAF7EC
:106410003DFC4FF05E51FAF78DFC18F8013B8346C6
:10642000002B00F0B88063488FE0002241463846D8
:10643000FEF7E2FF00283FF46DAF00254FF6FF7333
:106440000126E38123744FF0FF33BDF81E00A360E3
:106450002673FFF767FA9DF81D00FFF7B7FABDF83E
:106460002200FFF703FBBDF82000FFF7F5FC0398BF
:10647000FFF734FD0498FFF77DFB009B13B1304616
:10648000FFF7E0FE284615B0BDE8F08F01220EA907
:106490000BA8FEF7B1FF0028CFD143E79DF82830C5
:1064A0009DF82B10DB10C1F3011203F01C03134302
:1064B0009DF829208DF82430D210C1F3810302F019
:1064C0001C021A439DF82A3001F00301DB1003F08F
:1064D0001C030B438DF826300023DFF8DCB037496E
:1064E0008DF825200DF1240A0DF144091AF8016BED
:1064F00046B9C9F800300135EDB2032D09F10409A0
:10650000F4D11AE7C9F800B0013E16F0FF0602D137
:106510000AF8016CEFE7D9F80000CDE90113FAF7AA
:1065200009FCDDE90113C9F80000EDE750462449F4
:10653000FAF79EFD00287FF436AF504621492FE739
:1065400021490293FAF7F6FB029B013B13F0FF038C
:10655000F6D1014608F8013C5846FAF79FFC4FF087
:106560007E51FAF7DDFA124920F00040FAF79EFD5D
:1065700010B109FA06F31D430136032E7FF43FAF35
:10658000EDB2B5FA85F5019B6D09002B7FF456AF8E
:1065900045F0020552E70D49FAF76AFD0028E8D1F7
:1065A00058460B49E2E70725EAE700BF5C000020F8
:1065B000295C0F3E0000C8417B14AE3E1D5A843F4B
:1065C0009A99993E3333733F54E3853F000020414D
:1065D0000000D242704700001FB5084A01AB1068A6
:1065E0005168127A03C309211A704FF4976001AA07
:1065F000FFF778FD05B05DF804FB00BF00AA0008B6
:10660000C8234FF4806240F6F6300149FFF7CABD57
:1066100031AA000810B54A4B86B01A889B78ADF8AD
:1066200008208DF80A30474B00F003011A889B7848
:10663000ADF80C208DF80E30434B04461A889B7839
:10664000ADF810208DF81230404B1A889B78ADF8C9
:1066500014208DF8163001F118030DEB030111F829
:10666000103CC0F3C1028DF8003002F118030DEBAD
:10667000030212F8103C11F80C1C8DF80130C0F325
:10668000811318336B4413F8100C12F80C2C13F808
:106690000C3C8DF802008DF804108DF805200321C4
:1066A0006A4640F226408DF80630FFF71BFD18B110
:1066B0004FF0FF3006B010BD032140F22A4001AA7E
:1066C000FFF710FD0028F3D1049B6107ADF80030FF
:1066D0004FEA13438DF80230059B4FF00301ADF8EC
:1066E00004304FEA13438DF8063041BF37238DF84D
:1066F000003027238DF80430A20641BF57238DF8C0
:10670000013047238DF80530E30542BF77238DF82C
:10671000023067236A464FF4886048BF8DF8063020
:10672000FFF7E0FC0028C3D1032140F2314001AA69
:10673000FFF7D8FC0028BBD1054B1C81BAE700BF8E
:106740000AAA00080EAA000812AA000816AA000841
:1067500010080020314B37B51A8902F00303C2F349
:10676000C10150F8233050F82150540748BF5B4214
:10677000910648BF6D42C2F38111D205284A50F8F4
:10678000214083FB023148BF64429B0F43EA8103EF
:1067900085FB025184FB0242A40F44EA82041A16CC
:1067A0008DF804201A14AD0F8DF805201A1245EA51
:1067B00081058DF8062004214FF4747001AA8DF82C
:1067C0000730FFF78FFC18B14FF0FF3003B030BD3A
:1067D0002B168DF804302B148DF8053004212B1264
:1067E0004FF4757001AA8DF806308DF80750FFF749
:1067F00079FC0028E8D123168DF8043023148DF895
:1068000005300421231201AA4FF476708DF806306A
:106810008DF80740FFF766FCD8E700BF100800209E
:1068200009E3CA027FB506460DF10200FFF782F9BF
:106830002F4BBDF802401D89E40305F0030356F811
:106840002310C5F3C1036A0756F8232048BF494205
:10685000AB0648BF5242C5F38113E8054FEAE17524
:10686000A1FB041004FB05004FEA917141EA80018D
:106870004FEAE275A2FB042004FB050056F8233022
:106880004FEA927248BF5B4242EA8002DD17A3FBE7
:10689000043004FB050408168DF8040008148DF874
:1068A00005008DF8071008129B0F111643EA8403A8
:1068B0008DF8081011148DF809108DF80B201112A5
:1068C0001A168DF80C201A148DF80D201A128DF856
:1068D00006008DF80A108DF80E200C2101AA4FF445
:1068E00025708DF80F30FFF7FDFB04B070BD00BFC1
:1068F0001008002010B50446144A86B0106851688C
:1069000003AB03C39068C82C186003D94FF0FF3065
:1069100006B010BD00238DF80430C823B3FBF4F398
:106920000221013B40F2162001AA8DF80530FFF745
:10693000D9FB0028EAD10C2140F6C12003AAFFF7B9
:10694000D1FB0028E2D1024B9C81E1E71AAA0008A2
:106950001008002073B504460846610703D14FF0C4
:10696000FF3002B070BDB0F5C86FF8D8FAF78AF9F9
:106970004449FAF793FA06460DF10300FFF70AF8C7
:106980009DF80330082B60D00DD8022B17D0042BB4
:10699000E5D14FF08C413046FAF7CCF9FAF7B6FB67
:1069A000394985B214E0102BD9D14FF08A413046D5
:1069B000FAF7C0F9FAF7AAFB344985B208E04FF0BC
:1069C0008D413046FAF7B6F9FAF7A0FB304985B2A7
:1069D0003046FAF7AFF9FAF799FB2B0A80B28DF837
:1069E0000430E2074FEA10238DF805508DF8063089
:1069F0008DF8070033D4A30710D502214FF4EC70B3
:106A000001AAFFF76FFB0028A9D102214FF494706F
:106A10000DF10602FFF766FB0028A0D114F0040078
:106A20009FD002214FF4EE7001AAFFF75BFB002814
:106A300095D102214FF496700DF10602FFF752FB3B
:106A4000003818BF012040428BE74FF08B413046A1
:106A5000FAF770F9FAF75AFB0E4985B2B8E7022146
:106A60004FF4EA7001AAFFF73DFB00287FF477AFEF
:106A700002214FF492700DF10602FFF733FB00285C
:106A8000B9D06CE7000048430000C0450000C04496
:106A9000000040460000404510F0010318BF3023BD
:106AA00007B582078DF8073048BF9DF807304FF0D3
:106AB000010144BF43F00C038DF80730430748BF82
:106AC0009DF807300DF1070248BF43F003034FF470
:106AD000A47048BF8DF80730FFF704FB03B05DF8E2
:106AE00004FB042807B528BF0420012838BF012073
:106AF00001388DF8070001210DF1070240F24F1017
:106B0000FFF7F0FA03B05DF804FB052307B5B0FB0F
:106B1000F3F00221030A8DF8050001AA4FF4EF708B
:106B20008DF80430FFF7DEFA03B05DF804FB0523AF
:106B300007B5B0FBF3F00221030A8DF8050001AAA6
:106B40004FF4ED708DF80430FFF7CCFA03B05DF828
:106B500004FB4FF47A7307B590FBF3F041430B1637
:106B60008DF804300B148DF805308DF807100B12DA
:106B700001AA04214FF4AE708DF80630FFF7B2FA87
:106B800003B05DF804FB052307B5B0FBF3F0022169
:106B9000030A8DF8050001AA4FF4AD708DF804309A
:106BA000FFF7A0FA03B05DF804FB052307B5B0FBBF
:106BB000F3F00221030A8DF8050001AA4FF4AC702E
:106BC0008DF80430FFF78EFA03B05DF804FB000087
:106BD0001FB520B105B05DF804EBFFF7FDBC084A16
:106BE00001AB10685168127A03C309211A704FF47F
:106BF000976001AAFFF776FA05B05DF804FB00BFC5
:106C000027AA000807B5B0B1C0238DF80430C2230D
:106C10008DF80530C4238DF80630C6238DF8073073
:106C2000042101AA40F69820FFF75CFAFEF7B0FDB8
:106C300003B05DF804FB4FF08B330193F0E707B529
:106C4000B0B120238DF8043028238DF8053030238F
:106C50008DF8063038238DF80730042101AA40F65C
:106C60009E20FFF73FFAFEF793FD03B05DF804FBAB
:106C70004FF0A3330193F0E72DE9FF4102238DF894
:106C80000430CA238DF80530E3238DF8063009233C
:106C90000446042101AA68208DF80730FFF722FA84
:106CA000A32314F040088DF804301FBFC0238DF8D3
:106CB0000530C8238DF8063012BFC2238DF8053089
:106CC0008DF8063014F4C0768DF807301DBFC4234C
:106CD0008DF80830CC23A32319BF8DF80930C623C3
:106CE0008DF808308DF809308DF80A30A3230A2179
:106CF00001AA40F6A7208DF80B308DF80C308DF8E6
:106D00000D30FFF7EFF914F003070CBFD823202351
:106D1000012140F6B62001AA8DF80430FFF7E2F910
:106D200014F0200072D0FFF757FC9EB1E20570D539
:106D3000B2238DF804308B238DF80530B6238DF8FF
:106D400006309B23042140F6A22001AA8DF80730CB
:106D5000FFF7C8F9E30767D5F82301AA01214FF42B
:106D60000B608DF80430FFF7BDF9FA210720FFF71B
:106D7000F1FD0720FFF790FE0120FFF7B2FE64202F
:106D8000FFF7C3FE4FF4FA70FFF7D1FEC8212D487C
:106D9000FFF7DFFE2820FFF7F6FE0A20FFF705FFCA
:106DA00014F0020F0CBFD823D923012101AA40F20D
:106DB0003D708DF80430FFF795F914F0040018BF0A
:106DC0000120FFF71FFF14F0100018BF01201E4D17
:106DD000FFF735FF44F008036B81FEF7D9FCB8F1EB
:106DE000000F2BD185F80E8016B1AB7B0633AB7349
:106DF00014F0140F1EBFAB7B1033AB7317B1AB7B1A
:106E00000433AB73002004B0BDE8F081FFF7E0FE6F
:106E10008BE7B0238DF8043080238DF80530B42340
:106E20008DF8063090238DE7D823012101AA4FF475
:106E30000B608DF80430FFF755F9B1E70623AB730B
:106E4000D2E700BF09E3CA02100800202DE9F04F85
:106E50009946002389B0129EDFF89CA10746884618
:106E600093466946139A9AF80E003380FEF7A8FEFF
:106E7000054650BBBAF80A3013F0140F00F0B98081
:106E8000019900980CBA4FEA244C0CFB0CFC00BA98
:106E9000CBF80000001400FB00CC0299039A09BA59
:106EA000CBF80810091401FB01C112BACBF80C2071
:106EB000121402FB021202F17142B2F1007FCBF810
:106EC000044005D9FEF764FC35804FF0FF358CE0B7
:106ED000328842F4807232801022580634D502F192
:106EE0002001694411F8200C511CC9B220316944B9
:106EF00011F8201C41EA0021A8F80010911CC9B229
:106F00002031694411F8200CD11CC9B220316944E8
:106F100011F8201C41EA0021A8F80210111DC9B285
:106F20002031694411F8200C511DC9B22031694447
:106F300011F8201C063241EA0021A8F8041031881B
:106F4000D2B241F00801318013F4C07F31D002F198
:106F50002001694411F8200C511CC9B22031694448
:106F600011F8201C41EA00213980911CC9B220315E
:106F7000694411F8200CD11CC9B22031694411F8C0
:106F8000201C41EA00217980111DC9B220316944D9
:106F900011F8200C511DC9B22031694411F8201C90
:106FA000063241EA0021B9803188D2B241F0700145
:106FB0003180990716D00DEB02046378E678DA0782
:106FC00008D5DAF800302BB106F007010131C6F31D
:106FD000C200984763781B0704D5DAF804300BB178
:106FE000B00998474846FFF7F5FA284609B0BDE8CA
:106FF000F08F024671E700BF1008002073B5002132
:10700000804A0846FAF7B9FF7F4B1978002900F04B
:10701000C78000217D4A46207D4CFAF7AEFF0A2149
:1070200000207C4AFAF7A9FF2368002B80F2BA807F
:10703000794A0A215020FAF7A0FF0C232268009316
:10704000032352420A215F20744CFAF74DFF1421AA
:107050000020734AFAF791FF2368724D002B80F2EB
:10706000AB806D4A14215020FAF787FF2B68226805
:107070001A440C2300930323524264240C25142148
:107080005F20FAF731FF1E210020674AFAF775FFEB
:10709000664E1E213A20664AFAF76FFF1E215020E5
:1070A000644AFAF76AFF3268022392FBF4F21E2167
:1070B0002D200095FAF718FF3268022392FBF4F1B5
:1070C000442004FB112200951E21FAF70DFF3368BE
:1070D00093FBF4F204FB1233092B06DC022300229B
:1070E0001E213E200095FAF7FFFE28210020524A7B
:1070F000FAF743FF514B00211C682046F9F7B8FF0F
:10710000002865D020464E49F9F70CFDF9F7FEFF3F
:107110000C23024628212D2000934A4C0323FAF722
:10712000E3FE32210020484AFAF727FF00212068B9
:10713000F9F79EFF00284DD03221374A4620FAF752
:107140001CFF20680C2500F10040F9F7DFFF022347
:107150000246322150200095FAF7C6FE3221602007
:10716000334AFAF70AFF246804F100442046F9F78D
:10717000A7FFF9F78BFD01462046F9F7D1FC33490B
:10718000F9F7D8FDF9F7C2FF0123024632216A2040
:107190000095FAF7A9FE02B0BDE87040FAF70ABE02
:1071A0002B4A38E72B4A0A215020FAF7E6FE0C2337
:1071B00000932268032345E71421264A5020FAF75A
:1071C000DCFE0C2321682A6800930A44032354E759
:1071D00020469BE732211F4A4620FAF7CEFE206860
:1071E000F9F794FF0C250246022332215020009526
:1071F000FAF77AFE322160200D4AFAF7BEFE2468C3
:10720000B4E700BF27B60008080000202EB600082B
:107210008805002036B600083EB600080C000020A5
:1072200042B60008A005002048B60008A8050020C6
:107230004EB6000850B6000852B60008B805002047
:107240000000B443AC05002058B6000800002041FF
:1072500032B6000840B60008394BF0B51C6887B05C
:10726000A4F2C6246400A31C38DB032394FBF3F4CC
:10727000642CA8BF6424334A334B16781F68B6FACF
:1072800086F3324D5B0913702B78012B28D1002433
:10729000CDE903442E4B2F491868F9F74BFDF9F758
:1072A0000FFF2D4B029018682A49F9F743FDF9F7B3
:1072B00007FF2A4B019018682949F9F73BFDF9F7B8
:1072C000FFFE284B284A294900901B68126809686C
:1072D000274800F0E1F82C7007B0F0BD0024CAE7A1
:1072E000244B1868F9F7ECFE0546AEB13846F9F7BD
:1072F00081F811A3D3E90023F9F710FAF9F794FB09
:1073000080EAE072A2EBE072D2B223461146009509
:10731000194800F0C1F8DFE7184B1C6C184B1868CF
:10732000F9F7CEFE234602462946164807B0BDE8C7
:10733000F04000F0B1B800BFCDCCCCCCCCCCF43F09
:10734000A805002028080020880500209C050020B2
:1073500040000020000020413C000020AC0500203F
:107360000000C842500000205400002058000020B7
:1073700061B60008B80500207CB60008002C01406A
:10738000BC0500208CB6000838B5184B184C18689E
:10739000F9F77CFC1749F9F781FD174B01211860BB
:1073A000164B1868FDF762FA154B02211868FDF7B5
:1073B0005DFA144B186CF9F765FC0321FDF756FADA
:1073C0000320FDF77FFA104B104A18700023104974
:1073D00013701378984200D838BD0D686D06FCD53F
:1073E000E55C01334D601370F3E700BFA805002092
:1073F000740700200000C84224080020B8050020BF
:10740000BC050020002C0140200800202908002095
:1074100000380140014B1868704700BF8800002009
:1074200070B500260C4D0D4C641BA410A64209D16A
:1074300002F07CFC00260A4D0A4C641BA410A642F4
:1074400005D170BD55F8043B98470136EEE755F875
:10745000043B98470136F2E7E0B70008E0B70008C0
:10746000E0B70008E4B7000810B5013902449042C3
:1074700001D1002005E0037811F8014FA34201D0AB
:10748000181B10BD0130F2E703460244934200D1BD
:10749000704703F8011BF9E70FB40A4B13B51C68DA
:1074A00024B1A36913B9204600F020FB05AB2046A8
:1074B000049AA168019300F02BFD02B0BDE81040D2
:1074C00004B070478800002070B50E46054618B11C
:1074D00083690BB900F00AFBAB69AC6813B92846A5
:1074E00000F004FB2C4B9C4220D16C68636EDB07E0
:1074F00005D4A389980502D4A06D00F095FBA3895B
:1075000019071DD52369DBB1013EA36816F8011FD9
:10751000013BA36039BB002B38DA22460A212846FA
:1075200000F00EF9013011D00A2511E01B4B9C42EE
:1075300001D1AC68DAE71A4B9C4208BFEC68D5E78A
:107540002146284600F04EF90028DDD04FF0FF35E7
:10755000636EDA0705D4A3899B0502D4A06D00F001
:1075600064FB284670BD002B04DAA2699A4206DC4F
:107570000A2904D023685A1C22601970C5E72246E4
:10758000284600F0DDF80130BFD1DFE70A25236887
:107590005A1C22601D70DBE7C0B60008E0B6000888
:1075A000A0B60008024B01461868FFF78DBF00BF68
:1075B000880000202DE9F7431D465D4B04461F68F7
:1075C0000E46904627B1BB6913B9384600F08EFAD3
:1075D000584B9C4267D17C68B8F1020F06D0B8F1D5
:1075E000010F00F29F80002DC0F29C80636EDB07CC
:1075F00005D4A389980502D4A06D00F015FB21469F
:10760000384600F0DFF9616B41B104F1440399425F
:1076100002D0384600F078FB002363630023A361A7
:107620006360A389190603D53846216900F06CFB15
:10763000A389B8F1020F23F44A6323F00303A38163
:107640006CD001AB6A462146384600F0EFFAA389B8
:107650001843A081002D30D1009D284600F04CFB3E
:107660000646002855D1DDF80090A9454AD14FF0D3
:10767000FF350022A26004F147022260226101224C
:10768000B4F90C306261626E43F00203D207A38149
:1076900005D413F4007F02D1A06D00F0C6FA28468D
:1076A00003B0BDE8F083244B9C4201D1BC6893E752
:1076B000224B9C4208BFFC688EE7002ECDD0BB69F0
:1076C00013B9384600F012FAB8F1010F08BFA389C8
:1076D000C4E9046504BF43F00103A381A2892660C5
:1076E00012F008031CD0D30741BF00236D42A360F2
:1076F000A56158BFA560656E15F0010515D112F49E
:10770000007FC8E7484600F0F7FA06460028AED0EA
:107710004D46A38943F08003A381D0E70025A8E765
:10772000A360E8E74FF0FF35B9E70025B7E700BFF2
:1077300088000020C0B60008E0B60008A0B6000827
:10774000F8B50E461446054618B183690BB900F02A
:10775000CDF9214B9C422BD16C68A369A360A3890E
:107760001A072FD523696BB323692068F6B2C01AB4
:1077700063693746834204DC2146284600F022F93B
:1077800030BBA3680130013BA36023685A1C226010
:107790001E706369834204D0A389DB0706D50A2ED5
:1077A00004D12146284600F00DF988B93846F8BDC5
:1077B0000A4B9C4201D1AC68CFE7094B9C4208BF01
:1077C000EC68CAE72146284600F00CF80028CBD028
:1077D0004FF0FF37EAE700BFC0B60008E0B6000888
:1077E000A0B60008324B70B51D6806460C4625B1A0
:1077F000AB6913B9284600F079F92E4B9C420FD1A2
:107800006C68A389B4F90C2019072CD4DD0611D4B7
:107810000923336042F040034FF0FF30A3813EE084
:10782000254B9C4201D1AC68EBE7244B9C4208BF3E
:10783000EC68E6E7580712D5616B41B104F14403E7
:10784000994202D0304600F05FFA00236363A389B7
:1078500023F02403A3810023636023692360A389A9
:1078600043F00803A38123694BB9A38903F4207370
:10787000B3F5007F03D02146304600F0FDF9A08922
:10788000B4F90C2010F001030AD00023A36063694F
:107890005B42A361236943B910F08000BAD170BD87
:1078A000810758BF6369A360F4E70020F7E700BFD2
:1078B00088000020C0B60008E0B60008A0B60008A6
:1078C0008A89F8B5054610070C4657D44B68002B3B
:1078D00004DC0B6C002B01DC0020F8BDE66A002EF6
:1078E000FAD0002312F480522F682B6032D0606DE2
:1078F000A3895A0705D56368C01A636B0BB1236C63
:10790000C01A00230246E66A2846216AB047431C93
:10791000A38906D129681D292CD8294ACA40D6072F
:1079200028D5002262602269D904226004D5421C55
:1079300001D12B6803B96065616B2F600029CBD042
:1079400004F14403994202D0284600F0DDF90020FA
:107950006063C2E7216A01232846B047411CC7D1B2
:107960002B68002BC4D01D2B01D0162B01D12F600A
:10797000B2E7A38943F04003A381AEE70F69002F6C
:10798000AAD0930718BF00230E6808BF4B69F61BE7
:107990000F608B60002E9FDD33463A462846216AF1
:1079A000D4F828C0E047002806DCA3894FF0FF3058
:1079B00043F04003A38190E70744361AEAE700BF8B
:1079C0000100402038B50B6905460C4613B9002567
:1079D000284638BD18B183690BB900F087F8144BFD
:1079E0009C421BD16C68B4F90C30002BEFD0626E56
:1079F000D00704D4990502D4A06D00F015F92846EB
:107A00002146FFF75DFF636E0546DA07E0D4A389E0
:107A10009B05DDD4A06D00F008F9D9E7054B9C4229
:107A200001D1AC68DFE7044B9C4208BFEC68DAE7A1
:107A3000C0B60008E0B60008A0B60008002310B5E4
:107A40000446C0E90033C0E90433836081814366A2
:107A5000C2818361194608225C30FFF715FD054B92
:107A600024626362044BA362044BE362044B23630E
:107A700010BD00BFBD840008DF8400081785000822
:107A80003B850008014900F0AFB800BFC579000888
:107A9000682270B54D1E55430E4605F1740100F085
:107AA0009BF9044640B10021C0E900160C30A060EB
:107AB00005F16802FFF7E8FC204670BD014800F0C0
:107AC000B3B800BF2B080020014800F0AEB800BFDB
:107AD0002B080020014800F0A7B800BF2C080020A8
:107AE000014800F0A2B800BF2C08002010B50446E1
:107AF000FFF7F0FFA3691BB1BDE81040FFF7F0BF2F
:107B0000C4E912332365134B134A1B68A262A342D4
:107B100008BF0123204608BFA36100F01FF8606082
:107B2000204600F01BF8A060204600F017F8002265
:107B30000421E0606068FFF781FF01220921A0684D
:107B4000FFF77CFF02221221E068FFF777FF012395
:107B5000A361D1E79CB60008857A0008F8B507460E
:107B6000FFF7ACFF1E4B1E68B36913B93046FFF731
:107B7000BDFF4836D6E90134013B03D533680BB36A
:107B80003668F7E7B4F90C50D5B9164B04F1580034
:107B9000E360656600F047F8FFF796FF0822294684
:107BA000C4E90155C4E904552560A56104F15C00F0
:107BB000FFF76AFCC4E90D55C4E912552046F8BD2B
:107BC0006834D9E704213846FFF762FF0446306085
:107BD0000028D5D1FFF778FF0C233B60EEE700BF0C
:107BE0009CB600080100FFFF2DE9F84306468846D1
:107BF000002700F14804D4E90195B9F1010905D540
:107C00002468002CF7D13846BDE8F883AB89012BF6
:107C100007D9B5F90E30013303D029463046C047A5
:107C200007436835E9E770477047704770B50E46FF
:107C3000B1F90E10144600291D4696B008DA00224C
:107C4000B6F90C302A601A0610D44FF480630EE0A7
:107C50006A4600F099FC0028F1DB019A02F47042B8
:107C6000A2F500535A425A412A60EEE74023002011
:107C7000236016B070BD00008B8973B59D07064662
:107C80000C4607D504F14703236023610123636198
:107C900002B070BD6A4601ABFFF7C8FF0099054608
:107CA000304600F099F848B9B4F90C309A05EFD491
:107CB00023F0030343F00203A381E3E70D4BB36218
:107CC000A389206043F08003A381009B206163614E
:107CD000019B5BB13046B4F90E1000F067FC28B18F
:107CE000A38923F0030343F00103A381A089054383
:107CF000A581CDE7857A0008024B0146186800F09F
:107D00006BB800BF8800002038B50546002940D078
:107D100051F8043C0C1F002BB8BFE41800F076FCAF
:107D20001C4A136833B9636014602846BDE83840C4
:107D300000F072BCA34208D9206821188B4201BF11
:107D400019685B6809182160EDE71A465B680BB19A
:107D5000A342FAD911685018A0420BD120680144FF
:107D6000501883421160E0D118685B6801441160CB
:107D70005360DAE702D90C232B60D6E7206821187C
:107D80008B4201BF19685B68091821606360546009
:107D9000CBE738BD3008002070B50E4E0C46316878
:107DA000054611B900F07AFB30602146284600F004
:107DB00075FB431C0AD0C41C24F00304A04207D066
:107DC000211A284600F06AFB013001D14FF0FF3440
:107DD000204670BD340800202DE9F041CD1C25F06F
:107DE000030508350C2D38BF0C25002D074601DB97
:107DF000A94205D90C2300263B603046BDE8F0813E
:107E00002E4E00F003FC33681C4634BB294638462E
:107E1000FFF7C2FF431C04464DD134682646002EAE
:107E200040D123683146384604EB030800F036FBA6
:107E300080453AD1216803356D1A25F003050835D0
:107E40000C2D38BF0C2538462946FFF7A5FF013019
:107E50002BD023682B4423600EE02268521B1ED4D3
:107E60000B2A16D96119A342256018BF59606368AF
:107E700008BF316062514B60384604F10B0600F0D8
:107E8000CBFB26F00706231DF21AB6D09B1BA3508E
:107E9000B3E76268A3420CBF32605A60ECE7234646
:107EA0006468B2E734467668B9E70C2338463B602D
:107EB00000F0B2FBA1E72560DEE700BF300800203C
:107EC000936810B4013B002B936007DA9469A342D6
:107ED00001DB0A2902D110BCFFF732BC1368581C21
:107EE00010601970084610BC7047F8B506460F467A
:107EF0001446D518AC4201D1002007E03A4630467E
:107F000014F8011BFFF7DCFF431CF3D1F8BD0000A0
:107F10002DE9F04F0D461446984606469DB018B11F
:107F200083690BB9FFF7E2FD894B9D421BD1756850
:107F30006B6ED90705D4AB899A0502D4A86DFFF7FB
:107F400073FEAB891B0701D52B69EBB92946304677
:107F5000FFF748FCC0B16B6EDC070ED54FF0FF3069
:107F60001DB0BDE8F08F7B4B9D4201D1B568DFE7C6
:107F7000794B9D4208BFF568DAE7AB899805EDD4E7
:107F8000A86DFFF752FEE9E70023099320238DF83F
:107F9000293030234FF00109CDF80C80DFF8BC8187
:107FA0008DF82A3023469A4613F8012B0AB1252A68
:107FB000F9D1BAEB040B0BD05B462246294630467A
:107FC000FFF793FF013000F0AA80099A5A44099202
:107FD0009AF80030002B00F0A28000234FF0FF320F
:107FE000CDE905230AF1010A049307938DF8533074
:107FF0001A935446052214F8011B584800F0F8FA69
:10800000049AD8B9D10644BF20238DF85330130702
:1080100044BF2B238DF853309AF800302A2B15D00B
:10802000544600204FF00A0C079A214611F8013BF4
:10803000303B092B4ED9B0B1079214E0A0EB0803F6
:1080400009FA03F31343A2460493D2E7039B191DD5
:108050001B680391002BBBBF5B4242F002020793F7
:108060000793B8BF049223782E2B0CD163782A2B68
:1080700035D1039B02341A1D1B680392002BB8BF35
:108080004FF0FF330593DFF8D8A003225046217844
:1080900000F0AEFA40B14023A0EB0A0003FA00F072
:1080A000049B01340343049314F8011B06222D485A
:1080B0008DF8281000F09CFA00283FD02A4B1BBBFB
:1080C000039B073323F0070308330393099B3B44C7
:1080D000099367E70C4601200CFB0232A5E7002359
:1080E0004FF00A0C194601340593204610F8012B75
:1080F000303A092A03D9002BC5D00591C3E70446BD
:1081000001230CFB0121F0E703AB00932A46304624
:10811000164B04A9AFF300800746781CD6D16B6ECE
:10812000D90705D4AB899A0502D4A86DFFF77DFD68
:10813000AB895B063FF512AF099811E703AB0093DB
:108140002A463046094B04A900F082F8E4E700BF54
:10815000C0B60008E0B60008A0B6000800B70008E6
:1081600006B700080AB7000800000000EB7E000810
:108170002DE9F047164699468A680B6907469342EF
:10818000B8BF1346336091F843200C46DDF82080D9
:108190000AB1013333602368990642BF3368023362
:1081A0003360256815F0060506D104F1190AE36865
:1081B00032689B1AAB4228DC94F84320131E2268D5
:1081C00018BF012392062DD44946384604F14302D4
:1081D000C047013020D02368E56803F00603042B74
:1081E00018BF002532684FF00006A36808BFAD1A1B
:1081F000226908BF25EAE5759342C4BF9B1AED18B2
:108200001A34B5421AD1002008E0012352464946EB
:108210003846C047013003D14FF0FF30BDE8F0874A
:108220000135C4E73020E11881F843005A1C94F866
:1082300045102244023382F84310C5E70123224649
:1082400049463846C0470130E6D00136D9E700003C
:108250002DE9FF470F7E9146782F80460C469A46BF
:108260000C9D01F1430207D8622F0AD8002F00F0BD
:10827000D980582F00F0A48004F1420584F84270A0
:108280003AE0A7F16303152BF6D801A151F823F0CA
:10829000E9820008FD8200087982000879820008DE
:1082A0007982000879820008FD820008798200083E
:1082B0007982000879820008798200080B8400081E
:1082C0002D830008ED830008798200087982000878
:1082D0002D840008798200082D8300087982000827
:1082E00079820008F58300082B681A1D1B682A6034
:1082F00004F1420584F842300123A4E02068296893
:10830000060601F104030AD50E682B60002E03DA7D
:108310002D23764284F843300A235E4819E00E6824
:1083200010F0400F2B6018BF36B2EFE72B682068C3
:10833000191D2960010601D51E6802E04606FBD51D
:108340001E886F2F0CBF08230A235248002184F88F
:1083500043106568002DA8BF2168A560A4BF21F067
:10836000040121600EB9002D4DD01546B6FBF3F186
:1083700003FB1167C75D05F8017D3746BB420E461A
:10838000F4D9082B0BD12368DE0708D5236961686F
:108390009942DEBF302305F8013C05F1FF35521B41
:1083A00022614B4621464046CDF800A003AAFFF7C4
:1083B000DFFE01304CD14FF0FF3004B0BDE8F08754
:1083C000344881F845702968236851F8046B2960A6
:1083D0001D0614D5DF0744BF43F0200323601EB9F8
:1083E000236823F0200323601023AFE7236843F0C2
:1083F000200323607823284884F84530E3E75906B2
:1084000048BFB6B2E6E71546BBE72B682668181DDD
:108410006169286035061B6801D5196002E07006A5
:10842000FBD51980002315462361BAE72B6800218C
:108430001A1D2A601D686268284600F0D9F808B144
:10844000401B606063682361002384F84330A8E721
:108450002A46494640462369D0470130ABD02368BD
:108460009B0713D4E068039B9842B8BF1846A4E763
:108470000123324649464046D04701309BD0013562
:10848000E36803995B1AAB42F2DCEBE7002504F1E9
:108490001906F5E711B7000822B7000838B5002320
:1084A000054D044608462B60FAF74CF9431C02D1EF
:1084B0002B6803B1236038BD3808002010B50C4686
:1084C000B1F90E1000F0AEF80028ABBF636DA389C0
:1084D0001B1823F48053ACBF6365A38110BD2DE945
:1084E000F0411F468B890546DB050C46164605D52F
:1084F00002230022B1F90E1000F068F8A389324679
:1085000023F48053A38128463B46B4F90E10BDE8FE
:10851000F04100F017B810B50C46B1F90E1000F09C
:1085200055F8431CA38915BF606523F4805343F4B9
:108530008053A38118BFA38110BDB1F90E1000F0C4
:1085400013B8000038B50446084611460022054D10
:108550002A601A46FAF768F8431C02D12B6803B167
:10856000236038BD3808002038B50023054D044687
:1085700008462B60FAF772F8431C02D12B6803B14E
:10858000236038BD3808002038B50023064D044666
:10859000084611462B60FAF78DF8431C02D12B6870
:1085A00003B1236038BD00BF3808002038B5002370
:1085B000054D044608462B60FAF72AF8431C02D101
:1085C0002B6803B1236038BD3808002038B5044655
:1085D000084611460022054D2A601A46FAF74AF865
:1085E000431C02D12B6803B1236038BD380800203A
:1085F000034610B5C9B202449342184601D1002087
:1086000003E0047801338C42F6D110BD0148FFF736
:108610000BBB00BF2A0800200148FFF706BB00BFC4
:108620002A08002038B50446084611460022054DA8
:108630002A601A46FAF726F8431C02D12B6803B1C8
:10864000236038BD38080020F8B504460D4600F018
:108650008FF8224606460F462B4620462946F8F755
:10866000CDF988B92046294601F0D0FA0022084BFE
:10867000F8F7BAF940B1FEF7CDFE212303600548B3
:10868000BDE8F84001F0CCBA30463946F8BD00BF2D
:108690000000F03F44A9000800F066BA2DE9F84355
:1086A00014461D468046894600F032FB22460646A7
:1086B0000F462B4620462946F8F7A0F9C8BB0022F2
:1086C000002340464946F8F767F9B8B10022002375
:1086D00020462946F8F760F9002841D1204629466E
:1086E00001F097FA28B30022002320462946F8F724
:1086F0005DF9F0B1FEF78EFE222319E030463946CF
:1087000001F087FAC8B94046494601F082FAA0B1A3
:108710002046294601F07DFA78B132463B46304684
:108720003946F8F76BF90028E4D0FEF773FE2123F1
:10873000036030463946BDE8F88300220023304606
:108740003946F8F729F90028F3D04046494601F0A8
:1087500060FA0028EDD02046294601F05AFAC8E711
:108760000026014FE5E700BF0000F03F00000000D9
:108770002DE9F04FC44B21F0004687B09E420246DF
:1087800004460D46059129DD034606F1404606F5EF
:108790008016334314D1A2A3D3E90023F7F794FE44
:1087A000A1A3D3E9002306460F4620462946F7F742
:1087B0008BFE02460B4630463946F7F7CFFC06E003
:1087C0000B46F7F7C9FC02460B46F7F7A7FF04462E
:1087D0000D462046294607B0BDE8F08FAB4B9E42C0
:1087E0000EDCB6F1795F80F2AB8091A3D3E9002370
:1087F000F7F7B4FC0022A64BF8F7F6F80028E8D10A
:108800002046294601F002FA02460B460020A04904
:10881000F7F7A2FC00229F4BF7F756FE86A3D3E999
:10882000002304460D46F7F74FFE85A3D3E9002346
:10883000F7F794FC22462B46F7F746FE82A3D3E9CE
:108840000023F7F789FC22462B46F7F73DFE80A36D
:10885000D3E90023F7F782FC22462B46F7F734FED4
:108860007DA3D3E90023F7F777FC22462B46F7F7E1
:108870002BFE7BA3D3E90023F7F770FC22462B469F
:10888000F7F722FE78A3D3E90023CDE900012046C3
:108890002946F7F719FE76A3D3E90023F7F75CFC26
:1088A00022462B46F7F710FE73A3D3E90023F7F710
:1088B00055FC22462B46F7F707FE71A3D3E90023A8
:1088C000F7F74AFC22462B46F7F7FEFD704B0022D5
:1088D000F7F744FCCDE902012046294600F02EFFBF
:1088E0006D4B82469E428B4640F3D880DDE90223E1
:1088F000DDE90001F7F712FF52465B46F7F7E4FDAA
:1089000052465B46F7F72AFC02460B46F7F726FC71
:1089100045A3D3E90023F7F71FFC02460B4640A10D
:10892000D1E90001F7F718FC059B0446002BDCBFDA
:10893000024601F100430D46DCBF14461D4648E7E0
:108940000B46F7F7C1FD3CA3D3E9002306460F46CB
:10895000F7F7BAFD3AA3D3E90023F7F7FFFB324656
:108960003B46F7F7B1FD38A3D3E90023F7F7F4FB53
:1089700032463B46F7F7A8FD35A3D3E90023F7F7C6
:10898000EDFB32463B46F7F79FFD33A3D3E90023C7
:10899000F7F7E2FB32463B46F7F796FD30A3D3E903
:1089A0000023F7F7DBFB32463B46F7F78DFD2EA39E
:1089B000D3E900238046894630463946F7F784FDDF
:1089C0002BA3D3E90023F7F7C7FB32463B46F7F763
:1089D0007BFD29A3D3E90023F7F7C0FB32463B46D2
:1089E000F7F772FD26A3D3E90023F7F7B5FB32466C
:1089F0003B46F7F769FD0022254BF7F7AFFB024630
:108A00000B4640464946F7F789FE22462B46F7F7C4
:108A10005BFD02460B4620462946CEE6AFF30080BA
:108A2000182D4454FB21F93F075C143326A6913CD2
:108A30009C7500883CE4377E09F7FD0DE13D023F5F
:108A400088B20175E0EF493F3B8F68B52882A43FAB
:108A50005544880E55C1C93F7D6FEB0312D6D43FF4
:108A6000555555555555C53F82922EB1C5B8B33FA2
:108A700059018D1B6C06E63FC88A599CE52A0040C7
:108A80004B2D8A1C273A0340FFFFEF3FFFFFDF3FDC
:108A90000000F03F0000E03F3233EF3F02460B465C
:108AA000F7F75CFBDDE9022306460F46DDE900012E
:108AB000F7F734FE02460B4630463946F7F704FD19
:108AC0004FF0000806460F4642465B464046594670
:108AD000F7F7FAFC02460B4620462946F7F73CFB1F
:108AE000424604460D465B4650465946F7F736FB6C
:108AF00002460B4620462946F7F710FE02460B4673
:108B0000F7F72CFB02460B4613A1D1E90001F7F75A
:108B100023FB02460B4630463946F7F71DFB42461B
:108B200004460D465B4640465946F7F717FB02469A
:108B30000B460BA1D1E90001F7F70EFB02460B46ED
:108B400020462946F7F708FB02460B4604A1D1E967
:108B50000001E7E6AFF30080075C143326A6913CE2
:108B6000182D4454FB21E93F2DE9F84F92469946D0
:108B700023F000421F46CAF10003DFF884E143EA14
:108B80000A0342EAD373734504460D4608D84642A9
:108B900021F00043064343EAD67676458C4608D951
:108BA00052464B4620462946F7F7D8FA04460D466A
:108BB00019E009F1404606F5801656EA0A0603D187
:108BC000BDE8F84F00F098BEBE1706F0020646EA70
:108BD000D17653EA00010AD1022E67D0032E02D1CA
:108BE0003BA5D5E9004520462946BDE8F88F52EA65
:108BF0000A0106D1BCF1000F63DA37A5D5E90045BB
:108C0000F1E772450FD1934206F1FF3607D1022EEC
:108C100050D83C4B03EBC606D6E90045E3E7022EED
:108C20004CD8394BF6E77345E4D09B1AB3F1747F07
:108C30004FEA235220DA002F01DA3C3220DB524681
:108C40004B4620462946F7F769FD00F0DFFF00F0AC
:108C500053FE04460D46012E15D0022E17D0002ECD
:108C6000C1D01FA3D3E9002320462946F7F774FAA1
:108C70001DA3D3E9002316E01DA5D5E90045EAE7C9
:108C800000240025E7E705F100431D46ABE714A3E8
:108C9000D3E9002320462946F7F75EFA02460B4641
:108CA00011A1D1E90001F7F757FA7FE70EA5D5E941
:108CB000004598E710A5D5E9004594E70024002574
:108CC00091E70BA5D5E900458DE700BFAFF3008024
:108CD000182D4454FB2109C0182D4454FB21F9BF21
:108CE000075C143326A6A13C182D4454FB210940EF
:108CF000182D4454FB21F93F182D4454FB21E93F22
:108D00000000F07F38B7000850B7000800000000EE
:108D10002DE9F04F93B0CDE90223DDE9022727F0DA
:108D20000046894656EA0201804611D1031889F4AB
:108D3000002252419942824B934180F0B984DDE98F
:108D4000022340464946F7F709FA83468C466FE00E
:108D50007C4B29F000449C424D46824606DC01D102
:108D60000028ECD19E4201DC0FD172B105F14045E3
:108D700005F5801555EA0A05E1D1DDE90232DB1877
:108D800082F4002252419D42D5E7002D39DA6E4B24
:108D90009E4252DCA3F154739E4240F39C843315EF
:108DA000A3F2FF33142B0FDDC3F1340322FA03F1D6
:108DB00001FA03F3934240F08E8401F00101C1F106
:108DC0000203009382B15DE0002A59D1C3F114037C
:108DD00046FA03F101FA03F3B34240F0798401F05B
:108DE0000101C1F102030093584B9E4232D1002F82
:108DF00080F26A8442464B4600205449F7F78EFCC5
:108E0000A3E700230093002A3CD14E4B9E42EBD1B6
:108E100004F1404303F5801353EA0A0300F0488449
:108E20004B4B9C420BDD002FC0F24884DDE902BCB5
:108E30005846614613B0BDE8F08F0223E2E7002FE9
:108E40004FF0000B4FF0000CF2DADDE902B303F152
:108E5000004CEDE7B7F1804F06D142464B46404605
:108E60004946F7F731FB70E73A4B9F420AD1002D94
:108E700008DB4046494613B0BDE8F04F00F05EBC49
:108E8000002300934046494600F0C0FE83468C46CE
:108E9000BAF1000F28D124B12C4B25F040429A4260
:108EA00022D1002F07DA5A46634600202749F7F7F8
:108EB00035FC83468C46002DBADA009B04F1404411
:108EC00004F58014234308D15A4663465846614648
:108ED000F7F742F902460B4690E7009B012BA7D11A
:108EE0000CF100439C46A3E7EB0F013B0C930C9A5B
:108EF000009B134304D142464B4640464946E7E7B0
:108F0000154B9E4240F3F68003F104739E42104BD2
:108F100009DD9C420CDC002F0CDA002013B0BDE808
:108F2000F04F00F0E2BC9C42F5DB084B9C4215DDA3
:108F3000002FF2DC002013B0BDE8F04F00F0D0BCF1
:108F40000000F0FF0000F07FFFFF3F430000F03F14
:108F5000FFFFEF3F0000E03F0000E04161460022DC
:108F600058465F4BF7F7F8F855A3D3E900230446BA
:108F70000D46F7F7A9FA54A3D3E9002306460F4696
:108F800020462946F7F7A0FA002282468B46204663
:108F90002946544BF7F798FA02460B464CA1D1E903
:108FA0000001F7F7D9F822462B46F7F78DFA02466B
:108FB0000B4600204C49F7F7CFF822462B46804657
:108FC000894620462946F7F77FFA02460B46404677
:108FD0004946F7F779FA40A3D3E90023F7F774FA83
:108FE00002460B4650465946F7F7B6F84FF0000ACE
:108FF00002460B4604460D4630463946F7F7AEF8B2
:1090000032463B4650468B46F7F7A6F802460B46DB
:1090100020462946F7F7A0F8DDE90267009B0C9A85
:10902000013B13434FF000064FF000020CBF2F4BE3
:109030002B4B04460D46DDE90201CDE90023324603
:109040003B46F7F789F852465B46F7F73DFADDE90C
:1090500002238046894620462946F7F735FA02461C
:109060000B4640464946F7F779F832463B4680467C
:10907000894650465946F7F727FA04460D460B46EF
:10908000024649464046CDE90245F7F767F8184BD6
:10909000824699420F460E4640F3E58201F13F4376
:1090A00003F5E003034300F0DF81DDE90001002266
:1090B0000023F7F77BFC003818BF01202EE700BF24
:1090C000000000604715F73F44DF5DF80BAE543EEB
:1090D000555555555555D53FFE822B654715F73FDC
:1090E0000000F03F0000D03F0000E03F0000F0BF74
:1090F000FFFF8F40D24B00222B4043B958466146B8
:10910000D04BF7F7E1F96FF0340283460C46231594
:10911000A3F2FF3313440B93CB4BC4F3130444F07B
:109120007F559C4245F4401508DDC84B9C4240F3F6
:1091300099810B9BA5F5801501330B930026F30055
:109140000D93C34B584603EBC603D3E900342946BD
:109150001A46CDE908342346F6F7FEFFDA462B46D9
:109160005246CDE90E01DDE90801F6F7F7FF0246A8
:109170000B460020B749F7F7D1FA02460B46CDE976
:109180001001DDE90E01F7F79FF9CDE90601DDE9F0
:109190000634CDE9043400230022AB466D1045F0BF
:1091A0000055049305F50025DDE9048905EB8643A8
:1091B0004046494614461D46F7F786F902460B46D7
:1091C000DDE90E01F6F7C8FFDDE9082306460F4684
:1091D00020462946F6F7C0FF02460B465046594640
:1091E000F6F7BAFF42464B46F7F76EF902460B46D2
:1091F00030463946F6F7B0FFDDE91023F7F764F99A
:10920000DDE90623CDE9080110461946F7F75CF9B8
:1092100079A3D3E9002304460D46F7F755F978A35F
:10922000D3E90023F6F79AFF22462B46F7F74CF9CD
:1092300075A3D3E90023F6F791FF22462B46F7F7F3
:1092400043F973A3D3E90023F6F788FF22462B46A0
:10925000F7F73AF970A3D3E90023F6F77FFF224628
:109260002B46F7F731F96EA3D3E90023F6F776FF23
:10927000224606460F462B4620462946F7F724F994
:1092800002460B4630463946F7F71EF904460D46AE
:10929000DDE9060142464B46F6F760FFDDE90823AB
:1092A000F7F712F922462B46F6F758FF42460646D4
:1092B0000F464B4640464946F7F706F90022664BF3
:1092C00082468B46F6F74AFF32463B46F6F746FFA4
:1092D00000240D4622460B4640464946F7F7F4F86F
:1092E000002280468946204629465B4BF6F734FF2C
:1092F00052465B46F6F730FF02460B46304639468B
:10930000F6F72AFFDDE90623F7F7DEF822460646E0
:109310000F46DDE908012B46F7F7D6F802460B4663
:1093200030463946F6F71AFF002406460F46024635
:109330000B4640464946F6F711FF3BA3D3E900230D
:1093400020460D46F7F7C0F842464B46CDE90601E8
:1093500020462946F6F700FF02460B4630463946BE
:10936000F6F7FAFE32A3D3E90023F7F7ADF832A3FC
:10937000D3E9002306460F4620462946F7F7A4F80E
:1093800002460B4630463946F6F7E8FE0D9A334B57
:109390004FF0000A1344D3E90023F6F7DFFE8046BE
:1093A0000B988946F7F726F804460D460D9A2C4B84
:1093B0001344D3E900674246DDE906014B46F6F760
:1093C000CDFE32463B46F6F7C9FE22462B46F6F75F
:1093D000C5FE22462B4650468B46F6F7BDFE32466A
:1093E0003B46F6F7B9FEDDE90623F6F7B5FE024681
:1093F0000B46404649460DE6EF4E454A287ECA3F99
:1094000065DBC9934A86CD3F01411DA96074D13FF8
:109410004D268F515555D53FFFAB6FDBB66DDB3F0A
:10942000033333333333E33F000000E009C7EE3F3B
:10943000FD033ADC09C7EE3FF5015B14E02F3EBEA9
:109440000000F07F000040438E98030079B60B00C7
:1094500068B700080000F03F0000084088B7000827
:1094600078B7000801266AE69DA3D3E900234046A9
:109470004946F6F773FE2246CDE904012B465046D5
:109480003946F6F769FE02460B46DDE90401F7F7B7
:10949000ABFA00287FF409AEA34A26F000439342BA
:1094A00040F301814FF4801A00201B15A3F2FE3314
:1094B0004AFA03F33344C3F30A529C4FA2F2FF3239
:1094C0001741C3F3130A23EA0701C2F114024AF455
:1094D000801A0B464AFA02FA002E02462946204616
:1094E000B8BFCAF1000AF6F737FECDE90201DDE99F
:1094F0000201002442464B46F6F730FE7AA3D3E938
:10950000002320460D46F6F7DFFFDDE9022306467D
:109510000F4620462946F6F71FFE02460B464046F8
:109520004946F6F719FE72A3D3E90023F6F7CCFFFC
:1095300071A3D3E900238046894620462946F6F7E1
:10954000C3FF02460B4640464946F6F707FE04466F
:109550000D4602460B4630463946F6F7FFFD3246C9
:109560003B4680468946F6F7F7FD02460B46204605
:109570002946F6F7F1FD424606460F464B46404661
:109580004946F6F7A1FF5EA3D3E9002304460D4642
:10959000F6F79AFF5CA3D3E90023F6F7DDFD224638
:1095A0002B46F6F791FF5AA3D3E90023F6F7D6FD31
:1095B00022462B46F6F788FF57A3D3E90023F6F798
:1095C000CBFD22462B46F6F77FFF55A3D3E90023B8
:1095D000F6F7C4FD22462B46F6F776FF02460B4609
:1095E00040464946F6F7B8FD04460D4602460B468E
:1095F00040464946F6F768FF0022CDE902014FF0E8
:10960000804320462946F6F7A7FD02460B46DDE9D2
:109610000201F7F783F8324604460D463B464046C2
:109620004946F6F751FF32463B46F6F797FD0246AC
:109630000B4620462946F6F78FFD42464B46F6F785
:109640008BFD02460B4600203949F6F785FD01EBFC
:109650000A54B4F5801F29DA524600F0E9FADDE930
:109660000023FFF7FEBB334B21F000479F427FF7FB
:1096700013AF314B0B44034309D0DDE90001002255
:109680000023F7F793F9003818BF012053E422466E
:109690002B46F6F761FD42464B46F7F79BF900284B
:1096A0003FF4FAAEE9E74FF0000A20E72146D6E79B
:1096B0004FF0000BDFF878C0FFF7BABB4FF0000B9C
:1096C0004FF0000CFFF7B4BB40464946FFF73DBBE7
:1096D0000092FFF789BB0023FFF773BBAFF3008055
:1096E000FE822B654715973C00000000432EE63FA5
:1096F000EF39FAFE422EE63F396CA80C615C20BEC1
:10970000D0A4BE726937663EF16BD2C541BDBB3E87
:109710002CDE25AF6A56113F93BDBE166CC1663F65
:109720003E5555555555C53F0000E03FFFFF0F0022
:109730000000F03FFFCB904000346F3FDFF858C18E
:109740002DE9F0413CEA010C06460D460C460A465E
:10975000074603460FD102460B46F6F7B5FE024612
:109760000B4630462946F6F7F9FC06460D463046CC
:109770002946BDE8F08100290EDC21F0004C5CEAAE
:109780000707F4D041B102460B46F6F7E5FC024666
:109790000B46F6F7C3FFE8E7211575D0CC074FF06D
:1097A0000004C2F31302A1F2FF3742F480125EBF3D
:1097B000D90F5B0001EB4202D90F01EB42021625E3
:1097C00020464FF400117F105B0046189642DEBF22
:1097D000921B701864185200013D02EBD3724FEADD
:1097E00051014FEA4303F0D129464FF0200E4FF0CC
:1097F0000046824206EB050C02DC13D19C4511D8D1
:10980000BCF1000F0CEB060543DA002D41DB00F143
:109810000108121A40469C4588BF02F1FF32A3EBB3
:109820000C0331444FEAD37CBEF1010E0CEB420233
:109830004FEA43034FEA5606DBD1134306D0481CD8
:109840000BBF71460131013421F001016310490859
:1098500003F17F53E20703F5001348BF41F00041D5
:109860000E4603EB075582E7DA0A15385B05002A36
:10987000FAD0D5020AD5C1F1200423FA04F44D1E12
:109880008B402243411B89E70846F0E75200013133
:10989000EFE78046BDE700BF0000F07F70B50446EB
:1098A0000D461646FDF7B6FD29460660204670BDFA
:1098B00037B515461C4680B1104603F10041CDE98D
:1098C0000001DDE9002328462146F6F7FDFD2222AE
:1098D00003B0BDE83040FFF7E1BF10461946EEE7A0
:1098E00000224FF08053FFF7E3BF00224FF0E04328
:1098F000FFF7DEBF000000002DE9F84FB64B21F066
:1099000000469E4204460D468B4617DDB34B9E42F1
:1099100001DC09D140B122462B4620462946F6F704
:109920001DFC04460D4605E0BBF1000FAC4C00F3F6
:109930002181AC4D20462946BDE8F88FAA4B9E42B6
:1099400011DCA3F1DE739E420ADC8BA3D3E9002372
:10995000F6F704FC0022A54BF7F746F80028E9D1FA
:109960004FF0FF3A27E000F051F9A14B04469E4228
:109970000D4600F3B880A3F550239E4200F39C806F
:1099800002460B46F6F7EAFB0022984BF6F7E4FB9B
:10999000002206460F464FF0804320462946F6F740
:1099A000DDFB02460B4630463946F6F7B7FE4FF070
:1099B000000A04460D4622462B4620462946F6F765
:1099C00083FD02460B4680468946F6F77DFD6CA373
:1099D000D3E9002306460F46F6F776FD6AA3D3E9DE
:1099E0000023F6F7BBFB32463B46F6F76DFD68A356
:1099F000D3E90023F6F7B2FB32463B46F6F764FDA7
:109A000065A3D3E90023F6F7A9FB32463B46F6F7F8
:109A10005BFD63A3D3E90023F6F7A0FB32463B4688
:109A2000F6F752FD60A3D3E90023F6F797FB424611
:109A30004B46F6F749FD5EA3D3E9002380468946ED
:109A400030463946F6F740FD5BA3D3E90023F6F72D
:109A500083FB32463B46F6F737FD59A3D3E9002393
:109A6000F6F77AFB32463B46F6F72EFD56A3D3E9CE
:109A70000023F6F771FB32463B46F6F725FD54A36B
:109A8000D3E90023F6F768FB32463B46F6F71CFDA8
:109A900002460B4640464946F6F760FB22462B46F7
:109AA000F6F712FDBAF1FF3F02460B4644D12046BD
:109AB0002946F6F751FB34E700224C4BF6F74CFBF6
:109AC000002206460F4620462946484BF6F746FB3D
:109AD00002460B4630463946F6F720FE4FF0010AA3
:109AE00004460D4667E7434B9E421ADA0022424B7A
:109AF000F6F732FB002206460F46204629463E4B2B
:109B0000F6F7E2FC0022394BF6F728FB02460B463B
:109B100030463946F6F702FE4FF0020A04460D467B
:109B200049E702460B4600203449F6F7F7FD4FF0AF
:109B3000030A04460D463EE7314B324E06EBCA0699
:109B400003EBCA0ADAE90023F6F706FB22462B46A6
:109B5000F6F702FB02460B46D6E90001F6F7FCFADF
:109B6000BBF1000F04460D46BFF6E4AE01F1004321
:109B70001D46DFE6244DDDE69C7500883CE4377E1B
:109B800011DA22E33AAD903FEB0D76244B7BA93FEF
:109B9000513DD0A0660DB13F6E204CC5CD45B73FBD
:109BA000FF8300922449C23F0D5555555555D53F69
:109BB0002F6C6A2C44B4A2BF9AFDDE522DDEAD3F5D
:109BC0006D9A74AFF2B0B33F711623FEC671BC3FFD
:109BD000C4EB98999999C93FFFFF0F440000F07FAB
:109BE000182D4454FB21F9BFFFFFDB3F0000F03F7D
:109BF000FFFFF23F008003400000F83F0000F0BF8D
:109C0000B8B7000898B70008FB21F93F21F00041E0
:109C1000704741F0004000F58010C00F7047000011
:109C200000200149704700BF0000F87F00000000DD
:109C3000F8B5C1F30A5604460D4617460B4696B9C9
:109C400021F00043034339D0334B0022F6F73CFCAC
:109C5000324B04469F420D460FDA2BA3D3E9002373
:109C6000F6F732FC06E040F2FF7296420AD1024655
:109C7000F6F774FA04460D4620E00B46C1F30A518C
:109C8000A1F1360640F2FE72B91991420EDD05F0DF
:109C9000004444F0FC4141F45F1141F4105120486C
:109CA00041F03C011AA3D3E90023D9E7002908DDDC
:109CB00023F0FF4323F4E00343EA015520462946FD
:109CC000F8BD11F1350F12DA4CF250339F424FEAD2
:109CD000D5734FEAC374DCDC0BA3D3E9002344F053
:109CE000D27141F4B7310F4841F01F01B8E723F0BA
:109CF000FF43363123F4E00343EA01552046294669
:109D00000022094BACE700BF59F3F8C21F6EA50152
:109D10009C7500883CE4377E00005043B03CFFFF58
:109D20009C75008859F3F8C20000903CF8B500BF5C
:109D3000F8BC08BC9E467047F8B500BFF8BC08BC2C
:049D40009E46704784
:109D4800000000000000000000000000000000000B
:109D58003F400000000000000000300040003000DC
:109D68004000000009000BC03D000BC03D00090089
:109D780018C024407FE0224031800000180024C031
:109D88001B000D803240018003801C4027401C804E
:109D980007400040100060000000000000000000C4
:109DA8000000000000001F802040402000004020EC
:109DB80020401F8000000000090006001F800600E8
:109DC80009000000040004003F80040004000000B3
:109DD8000010006000000000000000000400040003
:109DE800040004000400000000000040000000001F
:109DF80000000000002001C00600380040000000FC
:109E08001F802040204020401F800000000010409C
:109E18003FC000400000000018C0214022402440FC
:109E28001840000010802040244024401B8000007F
:109E380002000D0011003FC0014000003C8024409A
:109E480024402440238000001F80244024403440C4
:109E5800038000003000200027C0380020000000E8
:109E68001B802440244024401B8000001C0022C08A
:109E7800224022401F80000000000000084000002F
:109E88000000000000000000046000000000000066
:109E9800000004000A001100208040400900090069
:109EA800090009000900000000004040208011005E
:109EB8000A000400180020002340240018000000B5
:109EC8001F802040274029401F400000004007C055
:109ED80039000F0001C0004020403FC0244024400A
:109EE8001B8000001F802040204020403080000060
:109EF80020403FC0204020401F80000020403FC03D
:109F080024402E4030C0000020403FC024402E0096
:109F1800300000000F0010802040224033800200F3
:109F280020403FC0040004003FC0204020402040A3
:109F38003FC02040204000000060202020203FC07B
:109F48002000200020403FC024400B0030C02040AB
:109F580020403FC020400040004000C03FC03C00BF
:109F680003C03C003FC0000020403FC00C4023001D
:109F78003FC020001F802040204020401F8000005C
:109F880020403FC024402400180000001F802140CA
:109F9800214020E01FA0000020403FC024402600B0
:109FA80019C0004018C024402440224031800000DD
:109FB800300020403FC020403000000020003F809B
:109FC800004000403F80200020003E0001C0070004
:109FD80038002000380007C03C0007C038000000E7
:109FE800204039C0060039C0204000002000384019
:109FF80007C0384020000000304021C026403840CB
:10A0080020C00000000000007FE040204020000049
:10A01800000070000C000380004000000000402099
:10A0280040207FE0000000000000200040002000E9
:10A0380000000000001000100010001000100010B8
:10A048000000000040000000000000000000028046
:10A058000540054003C0004020003FC004400440C4
:10A068000380000000000380044004400640000014
:10A0780000000380044024403FC0004000000380EB
:10A088000540054003400000000004401FC0244074
:10A0980024402000000002E005500550065004202E
:10A0A80020403FC00440040003C0004000000440BA
:10A0B80027C000400000000000100010041027E036
:10A0C8000000000020403FC00140070004C00440D9
:10A0D800204020403FC000400040000007C004006E
:10A0E80007C0040003C00000044007C00440040087
:10A0F80003C00040000003800440044003800000C7
:10A10800041007F00450044003800000000003809E
:10A118000440045007F00010044007C00240040047
:10A1280004000000000006400540054004C000008F
:10A13800000004001F800440004000000400078065
:10A148000040044007C000400400070004C001802C
:10A1580006000400060001C0070001C00600000058
:10A16800044006C0010006C00440000004100710A7
:10A1780004E00180060004000000044005C0064019
:10A18800044000000000000004007BE040200000C4
:10A19800000000000000FFF0000000000000402068
:10A1A8007BE0040000000000400080004000200028
:10A1B8002000400000000000000000000000000037
:10A1C800000000000000000000001FCC000C000090
:10A1D80000000000000008003000600008003000A7
:10A1E80060000000022003FC1E20022003FC1E2049
:10A1F8000220000000000E1811043FFF10840C78A4
:10A20800000000000F0010840F3800C00778188481
:10A218000078000000780F8410C411240E9800E420
:10A2280000840008080068007000000000000000BA
:10A238000000000000000000000007E018182004DB
:10A2480040020000000040022004181807E0000047
:10A25800000000000240024001800FF0018002402F
:10A26800024000000080008000800FF8008000801D
:10A27800008000000001000D000E0000000000003A
:10A288000000000000000080008000800080008046
:10A29800008000800000000C000C0000000000009E
:10A2A80000000000000000060018006001800600A1
:10A2B80018002000000007F008081004100408081F
:10A2C80007F000000000080408041FFC0004000454
:10A2D8000000000000000E0C10141024104411841B
:10A2E8000E0C000000000C18100411041104128850
:10A2F8000C700000000000E00320042408241FFC68
:10A308000024000000001F98108411041104108814
:10A3180010700000000007F0088811041104188864
:10A328000070000000001C00100010FC13001C004E
:10A338001000000000000E381144108410841144ED
:10A348000E38000000000700088C104410440888EC
:10A3580007F00000000000000000030C030C0000E0
:10A3680000000000000000000001010600000000DD
:10A3780000000000000000800140022004100808CE
:10A3880010040000022002200220022002200220E5
:10A3980002200000000010040808041002200140F8
:10A3A8000080000000000E001200100C106C1080DD
:10A3B8000F00000003E00C1813E4142417C4082845
:10A3C80007D000000004003C03C41C40074000E420
:10A3D800001C000410041FFC1104110411040E8851
:10A3E8000070000003E00C1810041004100410089A
:10A3F8001C10000010041FFC1004100410040808AE
:10A4080007F0000010041FFC1104110417C4100405
:10A418000818000010041FFC1104110017C01000D8
:10A428000800000003E00C181004100410441C7805
:10A438000040000010041FFC10840080008010847D
:10A448001FFC10040000100410041FFC100410046A
:10A458000000000000030001100110011FFE1000A1
:10A468001000000010041FFC110403801464181C61
:10A478001004000010041FFC100400040004000471
:10A48800000C000010041FFC1F0000FC1F001FFC34
:10A498001004000010041FFC0C04030000E0101856
:10A4A8001FFC100007F00808100410041004080826
:10A4B80007F0000010041FFC10841080108010802A
:10A4C8000F00000007F0081810241024101C080AB8
:10A4D80007F2000010041FFC1104110011C0113014
:10A4E8000E0C000400000E1C11041084108410448B
:10A4F8001C3800001800100010041FFC1004100085
:10A508001800000010001FF81004000400041004D4
:10A518001FF8100010001E0011E0001C00701380CE
:10A528001C0010001FC0103C00E01F0000E0103CA1
:10A538001FC000001004180C163401C001C01634E6
:10A54800180C100410001C00130400FC13041C0059
:10A55800100000000804101C1064108413041C046C
:10A56800101800000000000000007FFE40024002BA
:10A5780040020000000030000C0003800060001C56
:10A588000003000000004002400240027FFE00007D
:10A5980000000000000000002000400040004000D3
:10A5A800200000000001000100010001000100017D
:10A5B80000010001000040004000200000000000F1
:10A5C80000000000000000980124014401440144F7
:10A5D80000FC000410001FFC00880104010400882E
:10A5E80000700000000000700088010401040104EC
:10A5F80000880000000000700088010401041108B0
:10A608001FFC0004000000F8014401440144014417
:10A6180000C800000000010401040FFC110411042B
:10A6280011001800000000D601290129012901C9DB
:10A638000106000010041FFC008401000100010451
:10A6480000FC000400000104190419FC00040004C3
:10A65800000000000000000300010101190119FEBB
:10A668000000000010041FFC0024004001B4010C8D
:10A67800010400000000100410041FFC0004000482
:10A6880000000000010401FC0104010001FC0104B8
:10A69800010000FC010401FC008401000100010428
:10A6A80000FC0004000000F8010401040104010496
:10A6B80000F80000010101FF008501040104008881
:10A6C800007000000000007000880104010401050A
:10A6D80001FF00010104010401FC008401040100E0
:10A6E80001800000000000CC012401240124012481
:10A6F8000198000000000100010007F801040104AE
:10A7080000000000010001F8000400040004010832
:10A7180001FC0004010001800170000C00100160C0
:10A728000180010001F0010C003001C00030010C73
:10A7380001F0010000000104018C00740170018C1B
:10A7480001040000010101810171000E001801607F
:10A758000180010000000184010C013401440184DE
:10A76800010C0000000000000000000001003EFC99
:10A77800400240020000000000000000FFFF00004F
:10A78800000000000000400240023EFC0100000002
:10A7980000000000000060008000800040004000D1
:10A7A8002000200000000000000000000102030457
:10A7B800060708090000000001020304020304055B
:10A7C800060708090A0B0C0D0E0F1010006D7075A6
:10A7D8005F7365745F73656E736F7220636F6D70FE
:10A7E8006C657465202E2E2E2E2E2E0D006D707524
:10A7F8005F636F6E6669677572655F6669666F200D
:10A80800636F6D706C657465202E2E2E2E2E2E0DA6
:10A81800006D70755F7365745F73616D706C655FF3
:10A828007261746520636F6D706C657465202E2E7F
:10A838002E2E2E2E0D00646D705F6C6F61645F6D3F
:10A848006F74696F6E5F6472697665725F6669724C
:10A858006D7761726520636F6D706C657465202E0D
:10A868002E2E2E2E2E0D00646D705F7365745F6F33
:10A878007269656E746174696F6E20636F6D706C58
:10A88800657465202E2E2E2E2E2E0D00646D705FA1
:10A89800656E61626C655F6665617475726520637B
:10A8A8006F6D706C657465202E2E2E2E2E2E0D0069
:10A8B800646D705F7365745F6669666F5F726174FB
:10A8C8006520636F6D706C657465202E2E2E2E2E9C
:10A8D8002E0D0073657474696E6720626961732058
:10A8E80073756363657366756C6C79202E2E2E2ED6
:10A8F8002E2E0D006D70755F7365745F646D705FEB
:10A90800737461746520636F6D706C657465202E57
:10A918002E2E2E2E2E0D00556E737570706F72745C
:10A92800656420736F6674776172652070726F64F6
:10A93800756374207265762025642E0A0050726F44
:10A9480064756374204944207265616420617320D2
:10A958003020696E64696361746573206465766923
:10A9680063652069732065697468657220696E6320
:10A978006F6D70617469626C65206F7220616E2002
:10A988004D5055333035302E0D0048616C662073BC
:10A99800656E736974697669747920706172742060
:10A9A800666F756E642E0D00680000047600540111
:10A9B800F7FD000175191A0C6A231B1C1F207274FD
:10A9C800433B4138393A6B6C376F06246D6E700023
:10A9D8008300000000080000000100183200050094
:10A9E800000020410000D242295C0F3E9A99993E0E
:10A9F8003333733F295C0F3EB8AAB38DB4980D3535
:10AA08005D004CCD6C000CC92C00365676002646ED
:10AA18006600FEF2ABC4AAF1DFDFBBAFDFDF00B830
:10AA2800AAAAAAB088C3C5C7000000700000000029
:10AA380024000000020003000000650054FFEF003E
:10AA480000FA80000B12820001030C30C30E8C8CBC
:10AA5800E914D5400213710F8E3883F8833000F85B
:10AA680083258EF8833000F883FFFFFFFF0FFEA9D0
:10AA7800D6240004001A8279A10000003CFFFF00E0
:10AA8800000010000038836FA2003E033040000031
:10AA98000002CAE3093E8000002000000000000018
:10AAA800004000000060000000000C0000000C18CE
:10AAB8006E000006920A16C0DFFFFF0256FD8CD317
:10AAC80077FFE1C496E0C5BEAA00000000FFFF0BB7
:10AAD8002B00001657000003594000000000001D1D
:10AAE800FA00026C1D000000003FFFDFEB003EB3E0
:10AAF800B6000D227800002F3C000000000019422B
:10AB0800B5000039A20000B365D90E9FC91DCF4C0E
:10AB18003430000000500000003BB67AE8006400C2
:10AB28000000C8000000000000100000001000FA3B
:10AB3800921000225E000D229F00010000003200EA
:10AB480000FF46000063D400001000000004D60097
:10AB58000004CC000004CC000000001072000000CB
:10AB68004000000000000000000006000200050090
:10AB78000700000000006400000000000000000062
:10AB8800050005006400200000000000000000002F
:10AB980000000040000000030000000032F89800A8
:10ABA80000FF650000830F0000FF9BFC0000000011
:10ABB800000000000000000000000000000000008D
:10ABC800000000000000000000000000000000007D
:10ABD800000000000000001000400000000000001D
:10ABE800060000B26A000200000001FB8300680052
:10ABF8000000D9FC007CF1FF830000000000650024
:10AC080000006403E800640028000000250000003C
:10AC18000016A000000000100000001000002F0027
:10AC280000000001F40000100000280000FFFF45AC
:10AC380081FFFFFA720000000000000000004400DD
:10AC4800050005BAC6004778A20000000100000010
:10AC58000000000600000000140000254D002F70C1
:10AC68006D000005AE000C02D000000000000000DE
:10AC7800000000000000000000001B0000000000B1
:10AC88000000000000000000000064000000080050
:10AC980000000000000000000000000000000000AC
:10ACA800000000000000000000000000000000009C
:10ACB800000000000000000000000000000000008C
:10ACC800000000000000000000000000000000007C
:10ACD800000000000000000000000000000000006C
:10ACE800000000000000000000001B000000000041
:10ACF8000000000000000E000E00000AC70004005B
:10AD08000000000032FFFFFF9C00000B2B0000003A
:10AD1800020000000100000064FFE50000000000E0
:10AD2800000000000000000000000000010000001A
:10AD38000000010000000000000001800000018008
:10AD48000000018000002426D3000000000000005D
:10AD580000000600100096003C0000000000000003
:10AD68000000000000000000000C0A4E68CDCF77FC
:10AD78000950166759C619CE82000000000000006D
:10AD880000000000000000000000000000000000BB
:10AD98000017D78400030000000000000000000036
:10ADA80000C7938F9D1E1B1C1900000000000000A7
:10ADB800000000000000000000000000000000008B
:10ADC8000002031885000040000000000300000096
:10ADD8000300000000000000004000000000000028
:10ADE800000000000000000000000000000000005B
:10ADF800000000000000000000000000000000004B
:10AE080000000000000000000000000000677DDF77
:10AE18007E72902E554CF6E6880000000000000077
:10AE2800000000000000000000D8DCB4B8B0D8B9B9
:10AE3800ABF3F8FAB3B7BB8E9EAEF132F51BF1B4A3
:10AE4800B8B08097F1A9DFDFDFAADFDFDFF2AAC59C
:10AE5800CDC7A90CC92C97F1A989264666B289994C
:10AE6800A92D557DB0B08AA896365676F1BAA3B406
:10AE7800B280C0B8A89711B28398BAA3F024084446
:10AE8800106418B2B9B49883F1A329557DBAB5B145
:10AE9800A38393F0002850F5B2B6AA839328547C74
:10AEA800F1B9A3829361BAA2DADEDFDB819AB9AE87
:10AEB800F5606870F1DABAA2DFD9BAA2FAB9A3824A
:10AEC80092DB31BAA2D9BAA2F8DF85A4D0C1BBAD52
:10AED80083C2C5C7B8A2DFDFDFBAA0DFDFDFD8D8FB
:10AEE800F1B8AAB38DB4980D355DB2B6BAAF8C96E9
:10AEF800198F9FA70E161EB49AB8AA872C547CBA2D
:10AF0800A4B08AB691325676B28494A4C808CDD833
:10AF1800B8B4B0F19982A82D557D98A80E161EA236
:10AF28002C547C92A4F02C5078F184A898C4CDFCC1
:10AF3800D80DDBA8FC2DF3D9BAA6F8DABAA6DED864
:10AF4800BAB2B68696A6D0F3C841DAA6C8F8D8B081
:10AF5800B4B882A892F52C548898F135D9F418D849
:10AF6800F1A2D0F8F9A884D9C7DFF8F883C5DADFE9
:10AF780069DF83C1D8F40114F1A8824EA884F311C3
:10AF8800D182F5D992289788F109F41C1CD884A895
:10AF9800F3C0F9D1D99782F129F40DD8F3F9F9D191
:10AFA800D982F4C203D8DEDF1AD8F1A2FAF9A8844C
:10AFB80098D9C7DFF8F8F883C7DADF69DFF883C301
:10AFC800D8F40114F198A8822EA884F311D182F53F
:10AFD800D992509788F109F41CD884A8F3C0F8F9DD
:10AFE800D1D99782F149F40DD8F3F9F9D1D982F47E
:10AFF800C403D8DEDFD8F1AD8898CCA809F9D98286
:10B0080092A8F57CF1883ACF944A6E98DB6931DAD8
:10B01800ADF2DEF9D88795A8F221D1DAA5F9F417AF
:10B02800D9F1AE8ED0C0C3AE82C684C3A88595C8F8
:10B03800A588F2C0F1F4010EF18E9EA8C63E56F521
:10B0480054F18872F40115F19845856EF58E9E04C9
:10B0580088F142985A8E9E068869F4011CF1981E60
:10B068001108D0F504F11E970202983625DBF9D9AC
:10B0780085A5F3C1DA85A5F3DFD88595A8F309DAA4
:10B08800A5FAD88292A8F578F1881A849F2688981C
:10B0980021DAF41DF3D8879F39D1AFD9DFDFFBF967
:10B0A800F40CF3D8FAD0F8DAF9F9D0DFD9F9D8F4F2
:10B0B8000BD8F3879F39D1AFD9DFDFF41DF3D8FA66
:10B0C800FCA869F9F9AFD0DADEFAD9F88F9FA8F1B0
:10B0D800CCF398DB45D9AFDFD0F8D8F18F9FA8CA59
:10B0E800F38809DAAF8FCBF8D8F2AD978D0CD9A5D4
:10B0F800DFF9BAA6F3FAF412F2D8950DD1D9BAA6A7
:10B10800F3FADAA5F2C1BAA6F3DFD8F1BAB2B68675
:10B1180096A6D0CAF349DAA6CBF8D8B0B4B8D8AD59
:10B1280084F2C0DFF18FCBC3A8B2B68696C8C1CB74
:10B13800C3F3B0B48898A821DB718D9D71859521E2
:10B14800D9ADF2FAD88597A828D9F408D8F28D296C
:10B15800DAF405D9F285A4C2F2D8A88D9401D1D920
:10B16800F411F2D88721D8F40AD8F28498A8C80133
:10B17800D1D9F411D8F3A4C8BBAFD0F2DEF8F8F8EF
:10B18800F8F8F8F8F8D8F1B8F6B5B9B08A95A3DEAA
:10B198003CA3D9F8D85CA3D9F8D87CA3D9F8D8F8B7
:10B1A800F9D1A5D9DFDAFAD8B18530F7D9DED8F8E0
:10B1B80030ADDADED8F2B48C99A32D557DA083DFAB
:10B1C800DFDFB591A0F629D9FBD8A0FC29D9FAD898
:10B1D800A0D051D9F8D8FC51D9F9D879D9FBD8A041
:10B1E800D0FC79D9FAD8A1F9F9F9F9F9A0DADFDFB1
:10B1F800DFD8A1F8F8F8F8F8ACDEF8ADDE8393AC48
:10B208002C547CF1A8DFDFDFF69D2CDAA0DFD9FA19
:10B21800DB2DF8D8A850DAA0D0DED9D0F8F8F8DBC2
:10B2280055F8D8A878DAA0D0DFD9D0FAF8F8F8F825
:10B23800DB7DF8D89CA88CF530DB38D9D0DEDFA0D0
:10B24800D0DEDFD8A848DB58D9DFD0DEA0DFD0DEDB
:10B25800D8A868DB70D9DFDFA0DFDFD8F1A8889035
:10B268002C547C98A8D05C38D1DAF2AE8CDFF9D8AF
:10B27800B087A8C1C1B188A8C6F9F9DA36D8A8F943
:10B28800DA36D8A8F9DA36D8A8F9DA36D8A8F9DA41
:10B2980036D8F78D9DADF818DAF2AEDFD8F7ADFAEB
:10B2A80030D9A4DEF9D8F2AEDEFAF983A7D9C3C53E
:10B2B800C7F1889BA77AADF7DEDFA4F8849408A7C6
:10B2C80097F300AEF29819A488C6A39488F632DFE3
:10B2D800F28393DB09D9F2AADFD8D8AEF8F9D1DA2C
:10B2E800F3A4DEA7F1889B7AD8F38494AE19F9DA2F
:10B2F800AAF1DFD8A881C0C3C5C7A39283F628AD39
:10B30800DED9F8D8A350ADD9F8D8A378ADD9F8D8F4
:10B31800F8F9D1A1DADEC3C5C7D8A18194F818F22B
:10B32800B089ACC3C5C7F1D8B8B4B09786A8319B6B
:10B33800069907AB9728889BF00C201440B0B4B846
:10B34800F0A88A9A285078B79BA82951792470596F
:10B35800446938644831F1BBAB88002C547CF0B3A5
:10B368008BB8A804285078F1B088B49726A85998C3
:10B37800BBABB38B02264666B0B8F08A9CA82951AD
:10B38800798B2951798A2470598B2058718A44699C
:10B39800388B3940688A6448318B30496088F1AC11
:10B3A800002C547CF08CA804285078F1889726A8A3
:10B3B8005998AC8C02264666F0899CA829517924B4
:10B3C8007059446938644831A98809205970AB110B
:10B3D800384069A8193148608CA83C415C207C0041
:10B3E800F187981986A86E767EA999882D557DD8FB
:10B3F800B1B5B9A3DFDFDFAED0DFAAD0DEF2ABF89C
:10B40800F9D9B087C4AAF1DFDFBBAFDFDFB9D8B1A4
:10B41800F1A3978E60DFB084F2C8F8F9D9DED8932B
:10B4280085F14AB183A308B5839A0810B79F10D84D
:10B43800F1B0BAAEB08AC2B2B68E9EF1FBD9F41D95
:10B44800D8F9D90CF1D8F8F8AD61D9AEFBD8F40C1D
:10B45800F1D8F8F8AD19D9AEFBDFD8F416F1D8F861
:10B46800AD8D61D9F4F4ACF59C9C8DDF2BBAB6AEEA
:10B47800FAF8F40BD8F1AED0F8AD51DAAEFAF8F12B
:10B48800D8B9B1B6A3839C08B9B1839AB5AAC0FD4F
:10B498003083B79F10B58B93F20202D1ABDADED8B6
:10B4A800F1B080BAABC0C3B284C1C3D8B1B9F38B11
:10B4B800A391B609B4D9ABDEB0879CB9A3DDF1B3CB
:10B4C8008B8B8B8B8BB087A3A3A3A3B28BB69BF27A
:10B4D800A3A3A3A3A3A3A3A3A3A3F1B087B59AA3EC
:10B4E800F39BA3A3DCBAACDFB9A3A3A3A3A3A3A331
:10B4F800A3A3A3A3A3A3A3A3A3D8D8D8BBB3B7F1EB
:10B50800AAF9DAFFD9809AAA28B48098A720B79711
:10B5180087A86688F07951F1902C870CA7819762EB
:10B5280093F071716085940129517990A5F1284CA7
:10B538006C870C95188578A38390284C6C886CD8F8
:10B54800F3A28200F210A8921980A2F2D926D8F1AB
:10B5580088A84DD948D896A83980D93CD89580A8CC
:10B5680039A68698D92CDA87A72CD8A8899519A93D
:10B5780080D938D8A88939A980DA3CD8A82EA83922
:10B5880090D90CD8A8953198D90CD8A809D9FFD842
:10B5980001DAFFD89539A9DA26FFD890A80D89993C
:10B5A800A810809821DA2ED88999A83180DA2ED867
:10B5B800A886963180DA2ED8A8873180DA2ED8A8C6
:10B5C8008292F34180F1D92ED8A882F31980F1D95B
:10B5D8002ED882ACF3C0A28022F1A62EA72EA922D3
:10B5E80098A829DAACDEFFD8A2F22AF1A92E829215
:10B5F800A8F23180A696F1D900AC8C9C0C30ACDE58
:10B60800D0DEFFD88C9CACD010ACDE8092A2F24C7D
:10B6180082A8F1CAF235F19688A6D900D8F1FF4D73
:10B628006F746F723A004F464600204F4E00456EC9
:10B63800636F646572002D002B00534552564F000E
:10B64800566F6C7461002E005600416E676C650081
:10B658005A686F6E677A6869007B4325643A256487
:10B668003A25643A25643A25643A25643A25643AC9
:10B67800256424007B4125643A25643A25643A25EB
:10B68800647D24007B4225643A25643A25647D2440
:10B69800000000008C0000200000000000000000F6
:10B6A8000000000000000000000000000000000092
:10B6B8000000000000000000000000000000000082
:10B6C8000000000000000000000000000000000072
:10B6D8000000000000000000000000000000000062
:10B6E8000000000000000000000000000000000052
:10B6F8000000000000000000232D302B2000686CA3
:10B708004C0065666745464700303132333435367C
:10B7180037383941424344454600303132333435B5
:10B7280036373839616263646566000000000000DE
:10B73800182D4454FB21E9BFD221337F7CD9024024
:10B74800D221337F7CD902C00000000000000080B5
:10B75800182D4454FB210940182D4454FB2109C0DD
:10B76800000000000000F03F000000000000F83F6B
:10B7780000000000000000000000004003B8E23FA5
:10B78800000000000000000006D0CF43EBFD4C3E57
:10B798004FBB610567ACDD3F182D4454FB21E93FE1
:10B7A8009BF681D20B73EF3F182D4454FB21F93FD0
:10B7B800E2652F227F2B7A3C075C143326A6813C56
:10B7C800BDCBF07A8807703C075C143326A6913C01
:08B7D800145AFF7F010000007C
:04B7E0003501000827
:04B7E4001101000847
:10B7E8000000D84200C8AF4601000000EE02000089
:10B7F800004083450000A04200007A460100000096
:10B808000024F40001000000100000000100000006
:10B8180001000000010000000000803F00004040DF
:10B82800000040403898B8C229CB0AC16891284125
:10B83800040000000400000010000000BCA900087B
:10B84800B0A900080000000000000000000000008F
:10B8580000000000000000000000000000000000E0
:10B8680000000000D8A900088C000020000000009B
:10B87800C0B60008E0B60008A0B600080000000046
:10B8880000000000000000000000000000000000B0
:10B8980000000000000000000000000000000000A0
:10B8A8000000000000000000000000000000000090
:10B8B8000000000000000000000000000000000080
:0CB8C80000000000000000000000000074
:0400000508002C259E
:00000001FF
