:020000040800F2
:1000000000500020955500088D5000088F500008C2
:10001000915000089350000895500008000000001F
:1000200000000000000000000000000097500008E1
:1000300099500008000000009B5000089D500008E7
:10004000DD550008DD550008DD550008DD550008C8
:10005000DD550008DD550008DD550008DD550008B8
:10006000DD550008DD550008DD550008DD550008A8
:10007000DD550008DD550008DD550008DD55000898
:10008000DD550008DD550008DD550008DD55000888
:10009000DD550008DD550008DD550008DD55000878
:1000A000DD550008DD550008DD550008DD55000868
:1000B000DD550008DD550008DD550008DD55000858
:1000C000DD550008DD550008DD550008DD55000848
:1000D000DD550008DD550008DD550008A150000879
:1000E000AD500008DD550008DD5500080000000097
:1000F0000000000000000000000000000000000000
:0C01000000000000000000005FF808F1A3
:1001100010B5054C237833B9044B13B10448AFF341
:1001200000800123237010BDF000002000000000BB
:10013000D099000808B5034B1BB103490348AFF33E
:10014000008008BD00000000F4000020D0990008E5
:1001500081F0004102E000BF83F0004330B54FEA78
:1001600041044FEA430594EA050F08BF90EA020FE5
:100170001FBF54EA000C55EA020C7FEA645C7FEA78
:10018000655C00F0E2804FEA5454D4EB5555B8BF9B
:100190006D420CDD2C4480EA020281EA030382EA0C
:1001A000000083EA010180EA020281EA0303362D9E
:1001B00088BF30BD11F0004F4FEA01314FF4801C71
:1001C0004CEA113102D0404261EB410113F0004F83
:1001D0004FEA03334CEA133302D0524263EB43033A
:1001E00094EA050F00F0A780A4F10104D5F1200ED8
:1001F0000DDB02FA0EFC22FA05F2801841F1000133
:1002000003FA0EF2801843FA05F359410EE0A5F106
:1002100020050EF1200E012A03FA0EFC28BF4CF037
:10022000020C43FA05F3C01851EBE37101F00045ED
:1002300007D54FF0000EDCF1000C7EEB00006EEBFA
:100240000101B1F5801F1BD3B1F5001F0CD3490884
:100250005FEA30004FEA3C0C04F101044FEA4452DB
:1002600012F5800F80F09A80BCF1004F08BF5FEA62
:10027000500C50F1000041EB045141EA050130BD42
:100280005FEA4C0C404141EB0101013C28BFB1F554
:10029000801FE9D291F0000F04BF01460020B1FA9F
:1002A00081F308BF2033A3F10B03B3F120020CDA72
:1002B0000C3208DD02F1140CC2F10C0201FA0CF050
:1002C00021FA02F10CE002F11402D8BFC2F1200CB5
:1002D00001FA02F120FA0CFCDCBF41EA0C0190406B
:1002E000E41AA2BF01EB0451294330BD6FEA0404B4
:1002F0001F3C1CDA0C340EDC04F11404C4F120029F
:1003000020FA04F001FA02F340EA030021FA04F3B0
:1003100045EA030130BDC4F10C04C4F1200220FA07
:1003200002F001FA04F340EA0300294630BD21FA45
:1003300004F0294630BD94F0000F83F4801306BF0B
:1003400081F480110134013D4EE77FEA645C18BFFF
:100350007FEA655C29D094EA050F08BF90EA020F96
:1003600005D054EA000C04BF1946104630BD91EA8E
:10037000030F1EBF0021002030BD5FEA545C05D191
:100380004000494128BF41F0004130BD14F58004D0
:100390003CBF01F5801130BD01F0004545F0FE4144
:1003A00041F470014FF0000030BD7FEA645C1ABF79
:1003B000194610467FEA655C1CBF0B46024650EAB0
:1003C000013406BF52EA033591EA030F41F40021DC
:1003D00030BD00BF90F0000F04BF0021704730B562
:1003E0004FF4806404F132044FF000054FF0000137
:1003F00050E700BF90F0000F04BF0021704730B5F8
:100400004FF4806404F1320410F0004548BF4042CC
:100410004FF000013EE700BF42004FEAE2014FEA21
:1004200031014FEA02701FBF12F07F4393F07F4FFC
:1004300081F06051704732F07F4208BF704793F0FF
:100440007F4F04BF41F40021704730B54FF4607412
:1004500001F0004521F000411CE700BF50EA010215
:1004600008BF704730B54FF000050AE050EA0102BE
:1004700008BF704730B511F0004502D5404261EB2E
:1004800041014FF4806404F132045FEA915C3FF46F
:10049000D8AE4FF003025FEADC0C18BF03325FEA0C
:1004A000DC0C18BF033202EBDC02C2F1200300FABD
:1004B00003FC20FA02F001FA03FE40EA0E0021FAE2
:1004C00002F11444BDE600BF70B54FF0FF0C4CF4D0
:1004D000E06C1CEA11541DBF1CEA135594EA0C0F82
:1004E00095EA0C0F00F0DEF82C4481EA030621EABD
:1004F0004C5123EA4C5350EA013518BF52EA0335F8
:1005000041F4801143F4801338D0A0FB02CE4FF0A9
:100510000005E1FB02E506F00042E0FB03E54FF0D9
:100520000006E1FB03569CF0000F18BF4EF0010ED1
:10053000A4F1FF04B6F5007F64F5407404D25FEACD
:100540004E0E6D4146EB060642EAC62141EA555180
:100550004FEAC52040EA5E504FEACE2EB4F1FD0CC2
:1005600088BFBCF5E06F1ED8BEF1004F08BF5FEA40
:10057000500E50F1000041EB045170BD06F00046F2
:1005800046EA010140EA020081EA0301B4EB5C049F
:10059000C2BFD4EB0C0541EA045170BD41F4801197
:1005A0004FF0000E013C00F3AB8014F1360FDEBFBC
:1005B000002001F0004170BDC4F10004203C35DA98
:1005C0000C341BDC04F11404C4F1200500FA05F31B
:1005D00020FA04F001FA05F240EA020001F00042BC
:1005E00021F0004110EBD37021FA04F642EB060132
:1005F0005EEA430E08BF20EAD37070BDC4F10C045C
:10060000C4F1200500FA04F320FA05F001FA04F21F
:1006100040EA020001F0004110EBD37041F100010B
:100620005EEA430E08BF20EAD37070BDC4F1200516
:1006300000FA05F24EEA020E20FA04F301FA05F27E
:1006400043EA020321FA04F001F0004121FA04F226
:1006500020EA020000EBD3705EEA430E08BF20EAF6
:10066000D37070BD94F0000F0FD101F00046400030
:1006700041EB010111F4801F08BF013CF7D041EAB2
:10068000060195F0000F18BF704703F000465200B6
:1006900043EB030313F4801F08BF013DF7D043EA87
:1006A0000603704794EA0C0F0CEA135518BF95EA3D
:1006B0000C0F0CD050EA410618BF52EA4306D1D1C4
:1006C00081EA030101F000414FF0000070BD50EAE3
:1006D000410606BF1046194652EA430619D094EA6D
:1006E0000C0F02D150EA013613D195EA0C0F05D157
:1006F00052EA03361CBF104619460AD181EA0301AB
:1007000001F0004141F0FE4141F470014FF0000062
:1007100070BD41F0FE4141F4780170BD70B54FF0FD
:10072000FF0C4CF4E06C1CEA11541DBF1CEA13557D
:1007300094EA0C0F95EA0C0F00F0A7F8A4EB05045F
:1007400081EA030E52EA03354FEA013100F0888056
:100750004FEA03334FF0805545EA131343EA12631F
:100760004FEA022245EA111545EA10654FEA0026D4
:100770000EF000419D4208BF964244F1FD0404F58D
:10078000407402D25B084FEA3202B61A65EB0305E9
:100790005B084FEA32024FF480104FF4002CB6EBA6
:1007A000020E75EB030E22BFB61A754640EA0C0026
:1007B0005B084FEA3202B6EB020E75EB030E22BF66
:1007C000B61A754640EA5C005B084FEA3202B6EBA7
:1007D000020E75EB030E22BFB61A754640EA9C0066
:1007E0005B084FEA3202B6EB020E75EB030E22BF36
:1007F000B61A754640EADC0055EA060E18D04FEAF4
:10080000051545EA16754FEA06164FEAC30343EA93
:1008100052734FEAC2025FEA1C1CC0D111F4801F60
:100820000BD141EA00014FF000004FF0004CB6E759
:1008300011F4801F04BF01430020B4F1FD0C88BFF8
:10084000BCF5E06F3FF6AFAEB5EB030C04BFB6EB03
:10085000020C5FEA500C50F1000041EB045170BDF6
:100860000EF0004E4EEA113114EB5C04C2BFD4EB23
:100870000C0541EA045170BD41F480114FF0000EA7
:10088000013C90E645EA060E8DE60CEA135594EA23
:100890000C0F08BF95EA0C0F3FF43BAF94EA0C0F26
:1008A0000AD150EA01347FF434AF95EA0C0F7FF49B
:1008B00025AF104619462CE795EA0C0F06D152EAEF
:1008C00003353FF4FDAE1046194622E750EA4106D3
:1008D00018BF52EA43067FF4C5AE50EA41047FF4E4
:1008E0000DAF52EA43057FF4EBAE12E74FF0FF3C49
:1008F00006E000BF4FF0010C02E000BF4FF0010C1A
:100900004DF804CD4FEA410C7FEA6C5C4FEA430C92
:1009100018BF7FEA6C5C1BD001B050EA410C0CBFE1
:1009200052EA430C91EA030F02BF90EA020F002043
:10093000704710F1000F91EA030F58BF994208BFAA
:1009400090422CBFD8176FEAE37040F00100704767
:100950004FEA410C7FEA6C5C02D150EA013C07D1BE
:100960004FEA430C7FEA6C5CD6D152EA033CD3D009
:100970005DF8040B704700BF8446104662468C4603
:100980001946634600E000BF01B5FFF7B7FF002836
:1009900048BF10F1000F01BD4DF808EDFFF7F4FF5F
:1009A0000CBF012000205DF808FB00BF4DF808EDEA
:1009B000FFF7EAFF34BF012000205DF808FB00BF0D
:1009C0004DF808EDFFF7E0FF94BF012000205DF82F
:1009D00008FB00BF4DF808EDFFF7CEFF94BF0120E4
:1009E00000205DF808FB00BF4DF808EDFFF7C4FFDD
:1009F00034BF012000205DF808FB00BF4FEA410C26
:100A00007FEA6C5C02D150EA013C0AD14FEA430C08
:100A10007FEA6C5C02D152EA033C02D14FF0000045
:100A200070474FF0010070474FEA410212F5001283
:100A300015D211D56FF47873B3EB625212D94FEA25
:100A4000C12343F0004343EA505311F0004F23FA0F
:100A500002F018BF404270474FF00000704750EA64
:100A6000013005D111F0004008BF6FF00040704721
:100A70004FF00000704700BF4FEA4102B2F1E0437F
:100A800024BFB3F5001CDCF1FE5C0DD901F0004C75
:100A90004FEAC0024CEA5070B2F1004F40EB8300C5
:100AA00008BF20F00100704711F0804F21D113F1F1
:100AB0003872BCBF01F00040704741F480114FEA2A
:100AC0005252C2F11802C2F1200C10FA0CF320FAB3
:100AD00002F018BF40F001004FEAC1234FEAD323D0
:100AE00003FA0CFC40EA0C0023FA02F34FEA43033A
:100AF000CCE77FEA625307D150EA01331EBF4FF0C3
:100B0000FE4040F44000704701F0004040F0FE40DD
:100B100040F40000704700BF80F0004002E000BFDA
:100B200081F0004142001FBF5FEA410392EA030FD8
:100B30007FEA226C7FEA236C6AD04FEA1262D2EB22
:100B40001363C1BFD218414048404140B8BF5B4227
:100B5000192B88BF704710F0004F40F4000020F0C0
:100B60007F4018BF404211F0004F41F4000121F0D6
:100B70007F4118BF494292EA030F3FD0A2F1010220
:100B800041FA03FC10EB0C00C3F1200301FA03F15E
:100B900000F0004302D5494260EB4000B0F5000F81
:100BA00013D3B0F1807F06D340084FEA310102F140
:100BB0000102FE2A51D2B1F1004F40EBC25008BFF2
:100BC00020F0010040EA03007047490040EB0000BC
:100BD000013A28BFB0F5000FEDD2B0FA80FCACF1BD
:100BE000080CB2EB0C0200FA0CF0AABF00EBC250EA
:100BF00052421843BCBFD0401843704792F0000FD8
:100C000081F4000106BF80F400000132013BB5E72A
:100C10004FEA41037FEA226C18BF7FEA236C21D0A0
:100C200092EA030F04D092F0000F08BF0846704705
:100C300090EA010F1CBF0020704712F07F4F04D1D3
:100C4000400028BF40F00040704712F100723CBFE6
:100C500000F50000704700F0004343F0FE4040F410
:100C6000000070477FEA226216BF08467FEA2363CE
:100C70000146420206BF5FEA412390EA010F40F4B9
:100C8000800070474FF0000304E000BF10F0004305
:100C900048BF40425FEA000C08BF704743F09643EC
:100CA00001464FF000001CE050EA010208BF704707
:100CB0004FF000030AE000BF50EA010208BF70478E
:100CC00011F0004302D5404261EB41015FEA010CA3
:100CD00002BF84460146002043F0B64308BFA3F19B
:100CE0008053A3F50003BCFA8CF2083AA3EBC2537D
:100CF00010DB01FA02FC634400FA02FCC2F120029C
:100D0000BCF1004F20FA02F243EB020008BF20F0D2
:100D10000100704702F1200201FA02FCC2F1200238
:100D200050EA4C0021FA02F243EB020008BF20EA2D
:100D3000DC7070474FF0FF0C1CEAD0521EBF1CEA5B
:100D4000D15392EA0C0F93EA0C0F6FD01A4480EA49
:100D5000010C400218BF5FEA41211ED04FF0006332
:100D600043EA501043EA5111A0FB01310CF000405E
:100D7000B1F5000F3EBF490041EAD3715B0040EA84
:100D8000010062F17F02FD2A1DD8B3F1004F40EB54
:100D9000C25008BF20F00100704790F0000F0CF027
:100DA000004C08BF49024CEA502040EA51207F3AEB
:100DB000C2BFD2F1FF0340EAC250704740F40000C6
:100DC0004FF00003013A5DDC12F1190FDCBF00F0B7
:100DD00000407047C2F10002410021FA02F1C2F165
:100DE000200200FA02FC5FEA310040F1000053EA01
:100DF0004C0308BF20EADC70704792F0000F00F04F
:100E0000004C02BF400010F4000F013AF9D040EA54
:100E10000C0093F0000F01F0004C02BF490011F4E8
:100E2000000F013BF9D041EA0C018FE70CEAD153E6
:100E300092EA0C0F18BF93EA0C0F0AD030F0004C66
:100E400018BF31F0004CD8D180EA010000F000401A
:100E5000704790F0000F17BF90F0004F084691F0D8
:100E6000000F91F0004F14D092EA0C0F01D1420212
:100E70000FD193EA0C0F03D14B0218BF084608D1DB
:100E800080EA010000F0004040F0FE4040F4000025
:100E9000704740F0FE4040F4400070474FF0FF0CB8
:100EA0001CEAD0521EBF1CEAD15392EA0C0F93EAFF
:100EB0000C0F69D0A2EB030280EA010C49024FEA51
:100EC000402037D04FF0805343EA111143EA10130A
:100ED0000CF000408B4238BF5B0042F17D024FF4C2
:100EE000000C8B4224BF5B1A40EA0C00B3EB510F9D
:100EF00024BFA3EB510340EA5C00B3EB910F24BF86
:100F0000A3EB910340EA9C00B3EBD10F24BFA3EB0A
:100F1000D10340EADC001B0118BF5FEA1C1CE0D1D2
:100F2000FD2A3FF650AF8B4240EBC25008BF20F085
:100F3000010070470CF0004C4CEA50207F32C2BFD9
:100F4000D2F1FF0340EAC250704740F400004FF076
:100F50000003013A37E792F0000F00F0004C02BFA7
:100F6000400010F4000F013AF9D040EA0C0093F071
:100F7000000F01F0004C02BF490011F4000F013BCB
:100F8000F9D041EA0C0195E70CEAD15392EA0C0F33
:100F900008D142027FF47DAF93EA0C0F7FF470AF6B
:100FA000084676E793EA0C0F04D14B023FF44CAFAE
:100FB00008466EE730F0004C18BF31F0004CCAD143
:100FC00030F000427FF45CAF31F000437FF43CAF7F
:100FD0005FE700BF4FF0FF3C06E000BF4FF0010CA1
:100FE00002E000BF4FF0010C4DF804CD4FEA400283
:100FF0004FEA41037FEA226C18BF7FEA236C11D0CD
:1010000001B052EA530C18BF90EA010F58BFB2EB7F
:10101000030088BFC81738BF6FEAE17018BF40F0FF
:10102000010070477FEA226C02D15FEA402C05D1B3
:101030007FEA236CE4D15FEA412CE1D05DF8040B38
:10104000704700BF844608466146FFE70FB5FFF7CB
:10105000C9FF002848BF10F1000F0FBD4DF808ED83
:10106000FFF7F4FF0CBF012000205DF808FB00BF74
:101070004DF808EDFFF7EAFF34BF012000205DF8CE
:1010800008FB00BF4DF808EDFFF7E0FF94BF01201B
:1010900000205DF808FB00BF4DF808EDFFF7D2FF18
:1010A00094BF012000205DF808FB00BF4DF808ED5B
:1010B000FFF7C8FF34BF012000205DF808FB00BF28
:1010C0004FEA4002B2F1FE4F0FD34FF09E03B3EB55
:1010D00012620DD94FEA002343F0004310F0004F95
:1010E00023FA02F018BF404270474FF000007047EB
:1010F00012F1610F01D1420205D110F0004008BF8A
:101100006FF0004070474FF00000704742000ED271
:10111000B2F1FE4F0BD34FF09E03B3EB126209D432
:101120004FEA002343F0004323FA02F070474FF0E8
:101130000000704712F1610F01D1420202D14FF05D
:10114000FF3070474FF00000704700BF7BB972B9A5
:101150000029BEBF00204FF0004106E008BF002874
:101160001CBF6FF000414FF0FF3000F09BB9ADF1B4
:10117000080C6DE904CE002909DB002B1ADB00F016
:1011800035F8DDF804E0DDE9022304B070474042A1
:1011900061EB4101002B1BDB00F028F8DDF804E0D7
:1011A000DDE9022304B0404261EB4101524263EBAE
:1011B00043037047524263EB430300F017F8DDF836
:1011C00004E0DDE9022304B0404261EB41017047D5
:1011D000524263EB430300F009F8DDF804E0DDE977
:1011E000022304B0524263EB430370472DE9F047FA
:1011F000089D0C46002B4ED194468C458646B2FA8B
:1012000082F262D94AB1C2F12003914020FA03F37D
:101210000CFA02FC194300FA02FE4FEA1C47B1FB2C
:10122000F7F407FB14111FFA8CF64FEA1E4343EA4A
:10123000014304FB06F199420AD91CEB030304F1B4
:10124000FF3080F01081994240F20D81023C6344EE
:10125000591AB1FBF7F007FB101100FB06F61FFA55
:101260008EF343EA01439E420AD91CEB030300F1CB
:10127000FF3180F0FA809E4240F2F78063440238EA
:1012800000219B1B40EA04401DB1D3400022C5E968
:101290000032BDE8F0878B4205D90DB1C5E90001E8
:1012A00000210846F5E7B3FA83F1002946D1A342AD
:1012B00002D39042C0F0EE80861A64EB0303012053
:1012C000002DE6D0C5E90063E3E7002A40F08F80F7
:1012D000A1EB0C0401214FEA1C481FFA8CF7B4FB68
:1012E000F8F608FB164407FB06F04FEA1E4343EAF4
:1012F0000443984208D91CEB030306F1FF3402D2E1
:10130000984200F2CB8026461C1AB4FBF8F008FB8A
:10131000104400FB07F71FFA8EF343EA04439F4291
:1013200008D91CEB030300F1FF3402D29F4200F204
:10133000AE802046DB1B40EA0640A5E7C1F120074E
:101340008B4022FA07FC4CEA030C24FA07F64FEA1A
:101350001C49B6FBF9F81FFA8CFE09FB186620FA47
:1013600007F38C4000FA01FA08FB0EF01C43230C33
:1013700043EA0643984202FA01F20AD91CEB03033E
:1013800008F1FF3680F0818098427ED9A8F10208EA
:1013900063441E1AB6FBF9F309FB136603FB0EFE4A
:1013A000A4B244EA0644A64508D91CEB040403F1A0
:1013B000FF3066D2A64564D9023B644443EA084044
:1013C000A0FB0283A4EB0E049C42C6461E4650D3EB
:1013D0004DD055B1BAEB0E0364EB060404FA07F7DF
:1013E000CB401F43CC40C5E90074002151E70CFA03
:1013F00002FCC2F12003D9404FEA1C4820FA03F353
:1014000000FA02FEB1FBF8F008FB101194401C43F7
:101410001FFA8CF7230C43EA014300FB07F19942C2
:1014200008D91CEB030300F1FF362CD299422AD9CC
:10143000023863445B1AB3FBF8F108FB1133A4B222
:1014400044EA034401FB07F3A34208D91CEB04045C
:1014500001F1FF3613D2A34211D902396444E41AD0
:1014600041EA00413BE70446F2E6084608E7C24588
:10147000AFD2B8EB020E63EB0C060138A9E7314698
:10148000EDE703469AE73046D4E7B04681E7634488
:1014900002384FE706462346084611E7023E6344FA
:1014A00032E700BF704700BF12281FB528BF0020D9
:1014B0000123019003910E4801A9029304F056F90B
:1014C00008B103F04DFD0A4804F00CFAC8210848A1
:1014D00004F0A4F8064804F0C7F910F4007003D033
:1014E000034804F03FF980B205B05DF804FB00BF8B
:1014F000080600200000000008B507210820FFF7BB
:10150000D3FFFEF777FF0CA3D3E90023FEF7DCFF40
:1015100000220B4BFEF7D8FF00220A4BFEF7D4FF48
:101520000022094BFEF7D0FFFFF77EFA40F2EC43B2
:101530009842A8BF184608BD6666666666660A4099
:1015400000002640000059400000303F4FF0E022EC
:1015500010B50024D2F8FC3D43F08073C2F8FC3D86
:10156000074B1A685C6042F001021A6004F08AFEC0
:10157000044BB0FBF3F0044B1860204610BD00BFD5
:10158000001000E040420F0010010020054B10B594
:101590005C6804F077FE4FF47A73B0FBF3F0B4FBB1
:1015A000F0F010BD001000E070B50446FFF7EEFF4C
:1015B0000026054604F066FE4FF47A723346B0FB0F
:1015C000F2F200214FF0FF30FFF7C0FD84428E4160
:1015D000B8BF184B4FF47A76BCBF1B78E41804F000
:1015E00051FE0023B0FBF6F200214FF0FF30FFF771
:1015F000ADFD2C44A04271F100010ADA04F042FE74
:101600000023B0FBF6F24FF0FF310120FFF79EFD03
:101610000444AC4204D9FFF7B9FFA042FBD370BD2C
:10162000FFF7B4FFA042FBD8FFF7B0FFA042FBD307
:10163000F5E700BF7C0000200C4B0D495A68096893
:1016400001FB0020904208D85A68904209D3074A0B
:101650005368834207D3704700BF5A689042FBD853
:10166000704700BFF0E700BFF2E700BF001000E0E6
:101670001001002008B54FF0E0231A6922F004029F
:101680001A611A6922F002021A6104F0FBFD074B8D
:10169000B0FBF3F0064B80B21880C0EB401300EBB8
:1016A0008300044BC000188008BD00BF00127A0000
:1016B0000E0100200C0100200B4B00221B88584318
:1016C0004FF0E02358619A611A6942F001021A61F1
:1016D0001A6902F00112012AFAD01A6922F00102F5
:1016E0001A6100229A6170470C01002003280BD078
:1016F00004284FF000030DD002280DD14FF0804296
:10170000506A536200B270470022044B586A5A6212
:1017100000B27047024AF3E71846704700040040E1
:101720000008004010B51C4C4FF40041636820468F
:1017300023F0704363606368012243F040536360A9
:1017400004F0EAFB4FF40041204604F0DFFB08B947
:10175000002010BD01224FF48071104804F0DCFB22
:101760000120FFF769FF204600224FF4004104F0FA
:10177000D3FB20464FF4004104F0C8FB0446002888
:10178000E6D10120FFF758FF044822464FF480714C
:1017900004F0C2FB0120DCE7000C0140000801401E
:1017A00038B5154C154D6368284623F070436360C7
:1017B0006368002243F0405363604FF4807104F08B
:1017C000ABFB00224FF40041204604F0A5FB0120B2
:1017D000FFF732FF284601224FF4807104F09CFB92
:1017E000204601224FF4004104F096FBBDE838404A
:1017F0000120FFF721BF00BF000C0140000801409D
:1018000038B51B4D01226B684FF4004123F0704343
:101810006B606B68284643F000436B6004F07CFB10
:101820000120FFF709FF01224FF48071114804F0F5
:1018300073FB0120FFF700FF33244FF400412846DB
:1018400004F064FB024630B90A484FF4807104F09A
:1018500063FB012006E0013C14F0FF0403D1FFF715
:101860009FFF204638BD0120FFF7E6FEE5E700BFF9
:10187000000C01400008014010B5144C0022204625
:101880004FF4807104F048FB1148002243684FF484
:10189000004123F070434360436843F0405343608A
:1018A00004F03AFB0120FFF7C7FE01224FF48071DC
:1018B000204604F031FB0120FFF7BEFE2046BDE8C4
:1018C000104000224FF4807104F026BB0008014054
:1018D000000C014010B5144C002220464FF48071DA
:1018E00004F01AFB1148012243684FF4004123F031
:1018F00070434360436843F04053436004F00CFB83
:101900000120FFF799FE01224FF48071204604F078
:1019100003FB0120FFF790FE2046BDE810400022A7
:101920004FF4807104F0F8BA00080140000C014047
:101930001B4B70B55A68044622F070425A605A68D0
:101940004FF4807142F040525A601648002204F071
:10195000E3FA0825134E23064CBF012200224FF460
:1019600000410F4804F0D8FA0120FFF765FE01227C
:101970004FF48071304604F0CFFA0120FFF75CFE8F
:1019800000224FF48071304604F0C6FA013D012078
:10199000FFF752FE640015F0FF05E4B2DBD170BD25
:1019A000000C014000080140F8B504460F461546FA
:1019B0001E46FFF7B7FE48B1600000F0FE00FFF7DB
:1019C000B7FFFFF71DFF18B9FFF7EAFE012010E08F
:1019D0003846FFF7ADFF0024FFF712FFA54205DDF3
:1019E000305DFFF7A5FFFFF70BFF18B9FFF7D8FE33
:1019F0000020F8BD0134F1E7F8B5064608250024BB
:101A0000184B194F5A6822F070425A605A6842F0D7
:101A100000425A6000224FF48071384604F07CFA8C
:101A20000220FFF709FE4FF480713846012204F0CE
:101A300073FA64004FF400410A48E4B204F066FA15
:101A400008B10134E4B20220013DFFF7F5FD15F0C5
:101A5000FF05DFD11EB1FFF70FFF2046F8BDFFF7EE
:101A600039FFFAE7000C014000080140F8B50546CF
:101A70000F4614461E46FFF755FE48B16D00EDB205
:101A80002846FFF755FFFFF7BBFE18B9FFF788FEA2
:101A90000120F8BD3846FFF74BFFFFF7B1FEFFF717
:101AA00041FE681CC0B2FFF743FFFFF7A9FE1CB957
:101AB000FFF776FE2046ECE7012C0CBF002001204A
:101AC000FFF79AFF013C06F8010BE4B2EFE738B5E7
:101AD00004460D46FFF726FE2046FFF729FFFFF7D5
:101AE0008FFE2846FFF724FFFFF78AFEFFF71AFE56
:101AF000601CC0B2FFF71CFFFFF782FE0020FFF75B
:101B00007BFF0446FFF74CFE204638BDF8B507467C
:101B10000E4615461C46FFF705FE3846FFF708FF40
:101B2000FFF76EFE3046FFF703FFFFF769FE25441F
:101B3000AC4203D1FFF734FE0120F8BD14F8010BCD
:101B4000FFF7F6FEFFF75CFEF2E710B51446FFF76D
:101B5000BEFF2070012010BD07B58DF807200DF1E4
:101B600007030122FFF7D2FF03B05DF804FB2DE964
:101B7000F0411C4690469DF8185006460F46FFF768
:101B8000A6FFC4F108039D40EDB2C8F107031D4153
:101B9000FF23A4EB0804073408F1010843FA04F416
:101BA00003FA08F31C4300EA04022A43394630468C
:101BB000BDE8F041D2B2FFF7CFBF2DE9F341904627
:101BC0001F4601240DF1070205460E4604FA08F4EB
:101BD000FFF7BBFF9DF8072047B12243D2B2314641
:101BE000284602B0BDE8F041FFF7B6BF22EA040282
:101BF000F5E700002DE9F04120210546274804F0D3
:101C000085F9274E20BB338801339BB2202123481E
:101C1000338004F07BF9234F3B781843C0B208B9F6
:101C200001233B70DFF88080204C98F800308BB99E
:101C30003A78012A01BF237888F800200133237005
:101C40002078022806D10023194A2370138010E05F
:101C50000023DBE72021114804F058F9012808BFD0
:101C60000023207804BF3B7088F80030012802D0A0
:101C70000020BDE8F0810E4A3188138801339BB201
:101C8000AB42138004D98D4202D900232370DDE7D3
:101C90008D42EDD2002323701380E9E70008014054
:101CA0001A01002018010020170100201601002051
:101CB00014010020024610B528B9BDE810401021DB
:101CC000074804F029B9074C236801338342236095
:101CD00005D11021024804F024F90023236010BD2F
:101CE000000801401C01002070B50A46044601B1FD
:101CF00001224FF40041124804F00EF90825114E5C
:101D0000002220210F4804F007F923064CBF0122CE
:101D100000221021304604F0FFF8013D012220216D
:101D2000304604F0F9F8640015F0FF05E4B2E7D19D
:101D3000BDE8704001224FF40041014804F0ECB8C6
:101D400000080140000C014070B5B0240E4E002187
:101D50002046FFF7C9FF00210846FFF7C5FF002115
:101D60001020FFF7C1FF002516F8350001210135CD
:101D7000FFF7BAFF802DF7D10134E4B2B82C06F199
:101D80000106E4D170BD00BF20010020002310B483
:101D90001C4607480022191801F832400132802AF7
:101DA000FAD10133082BF5D110BCFFF7CDBF00BF2E
:101DB00020010020030610B512D43F2910D80124B9
:101DC00001F00703C3F107039C40C908064BC1F1AA
:101DD0000701C9B203EBC000435C12B12343435473
:101DE00010BD23EA0403FAE7200100202DE9F74F94
:101DF00088460C218146444600261F46203A1C4B4B
:101E0000D2B203EB021300931A4B9DF830B001FBE2
:101E100002330193B74202D103B0BDE8F08F0C2F1B
:101E200021D1019B9D5D04F108035FFA83FA2B0623
:101E300058BFBBFA8BF2214604F101044CBF5A464D
:101E400052094846E4B2FFF7B5FFA4EB08026D0063
:101E5000BA42EDB209D1C24609F101005FFA80F938
:101E600054460136D6E7009BDCE7A245DFD1F7E711
:101E7000E8990008D89F00082DE9F04F002580461A
:101E8000AA464FF00A094FF0010B87B09DF8406059
:101E900005925F1E720803910492FCB2FF2C27D1B9
:101EA00007B0BDE8F08F09FB03F3013AD2B2FF2A75
:101EB000F9D1059AB2FBF3F3B3FBF9F209FB123344
:101EC000DAB2BAF1000F18D1AF4216DD9BB9334632
:101ED0002022CDF800B040460399FFF787FF049B0E
:101EE000013C03EB080001355FFA80F8E4B2D5E766
:101EF00022460123D9E74FF0010A30323346CDF8AC
:101F000000B0D2B2E7E7F7B504460D460127561EEA
:101F100016F8013F0BB903B0F0BD7A2C82BF103523
:101F2000EDB200243A2D03D90025FFF72FFF2C46F0
:101F3000009720460C23294632780834FFF756FFD5
:101F4000E4B2E5E710B53B4C00220821204603F03F
:101F5000E3FF6420FFF728FB01222046082103F05D
:101F6000DBFF0021AE20FFF7BFFE0021D520FFF7E9
:101F7000BBFE00215020FFF7B7FE0021A820FFF78D
:101F8000B3FE00213F20FFF7AFFE0021D320FFF773
:101F9000ABFE00210846FFF7A7FE00214020FFF717
:101FA000A3FE00218D20FFF79FFE00211420FFF7E4
:101FB0009BFE00212020FFF797FE00210220FFF763
:101FC00093FE0021A120FFF78FFE0021C020FFF724
:101FD0008BFE0021DA20FFF787FE00211220FFF799
:101FE00083FE00218120FFF77FFE0021EF20FFF715
:101FF0007BFE0021D920FFF777FE0021F120FFF7BB
:1020000073FE0021DB20FFF76FFE00213020FFF779
:102010006BFE0021A420FFF767FE0021A620FFF73A
:1020200063FE0021AF20FFF75FFEBDE81040FFF721
:10203000ADBE00BF000C01402DE9F04F7A4B87B0D8
:10204000834240F0ED80794B794A1B78794F0A2B17
:10205000137025DD5A2B784E784D794C794800F075
:10206000D280412B00F0D780452B00F0D680A3F121
:102070004202022A4ED9A3F14602022A8CBF002254
:10208000012200214FF0000C7B2B86F800C085F860
:1020900000C02270017040F0B18001223A7022E04D
:1020A00021D00126684A644D644C65486549167024
:1020B0002BB900222A70227002700A7013E0012BE3
:1020C0004FF0000201D12B70F5E7052B02D12A70E9
:1020D0002670F1E7A3F1020CBCF1020F14D82A70AC
:1020E000227002700E703A78012A16D1574958486A
:1020F0000A78835401320A7001224C494A4807B0D9
:10210000BDE8F04F05F029B8092BD2D02A70227013
:102110000670D2E700220121B4E7022AECD1DFF8F1
:102120003081DFF8289198F803304A4C502B0FD1BA
:102130000122494B1A700021484B322219700023AA
:102140004348397089F80010236005F0E9FAD3E7B5
:1021500098F80160232EEED099F800A0DFF8FCB0CB
:102160005546032D8BF8005007D8303E052EE2D897
:10217000DFE806F03135383B3E4108EB050313F844
:10218000010C3038FEF736F9CDE90001AAEB050065
:10219000FEF730F902460B460020314906F080F880
:1021A00002460B462068CDE90423FEF735F9DDE948
:1021B0000423CDE90201DDE90001FEF785F90246BD
:1021C0000B46DDE90201FDF7C9FFFEF755FC013DB5
:1021D0002060EDB2C5E72268224B1A60ABE72268A7
:1021E000214BFAE72268214BF7E72268204BF4E7FE
:1021F0002268204BF1E722681F4BEEE77D2B7FF42E
:1022000072AF02224AE700220021327000222970B8
:102210002270027067E70122F6E700220121F4E74D
:1022200007B0BDE8F08F00BF940700205A050020DA
:102230005905002058050020690600206806002086
:10224000670600206606002065060020570500206E
:1022500025050020200500204A0600202405002036
:10226000000024406C000020680000206400002072
:10227000600000205C0000203806002003788B54AA
:10228000437811444B7083788B70C378CB70704760
:1022900007B54B1E092B01900ED80239082906D824
:1022A000DFE801F00D0F11131517191B1D00012296
:1022B0000C4901A8FFF7E2FF03B05DF804FB05221B
:1022C000F6E70922F4E70D22F2E71122F0E71522E2
:1022D000EEE71922ECE71D22EAE72122E8E72522B2
:1022E000E6E700BF5B050020431E092B37D82422F8
:1022F0001C4B02381A70082806D8DFE800F0090DD8
:102300001115191D21262B00052206205A71704730
:1023100009220A205A7270470D220E205A73704704
:10232000112212205A747047152216205A757047D0
:1023300019221A205A7670471D221E205A7770479C
:102340002122222083F8212070472522262083F88D
:102350002520704729222A2083F829207047002051
:10236000704700BF5B05002070B5284C284A2378D1
:1023700013B1284B1B782BB9274B1978274B1B78A7
:1023800039B13BB113780133DBB2312B137028D84C
:1023900070BD0B4613701F4B1D78204B1E7855EAFD
:1023A00006031F4B27D01A782AB91E4A11681E4A05
:1023B000116001221A70B6B11C4B19681A4B1868CB
:1023C000FEF7B0FB174B1860194A13780133DBB2E4
:1023D000322B1370DCD9104B26701D700023137044
:1023E000D6E73C23D6E735B1124B19680E4B186877
:1023F000FEF796FBE6E71A78012AE5D10A4A11684A
:10240000084A116000221A70DEE700BF9F05002015
:102410009D050020660600209E050020670600201E
:102420009C05002044060020980500201C00002088
:1024300094050020180000204FF0320CF0B5104C2D
:10244000104D2368411A2868A1EB4302CF1A0244B9
:1024500001EB81000CFB07003C270B4E07FB020041
:1024600032682B601044094A21609042B8BF104680
:10247000B0F5E15FA8BF4FF4E1503060F0BD00BFA0
:10248000900500208C05002088050020E0E3FFFF78
:102490004FF4E1520028094BCBBF101A00F5E15070
:1024A0009A635A63CCBF58639863054A054B126818
:1024B0001B681344044A1364704700BF00080040BF
:1024C0003C06002070000020002C0140054B064A0D
:1024D0001968914201DA1A6003E041F6F422914250
:1024E000F9DC70475C0600200CE5FFFF3220F8B5F0
:1024F000FFF780FB012819D1114C124D26788EB9B7
:102500002B78012B0CD1104B10491F683846FEF771
:10251000C3FD40B138460E49FEF7B4FD18B12E7028
:10252000012301E028700023237007E0022805D171
:10253000084A1378B3FA83F35B091370F8BD00BF40
:10254000870500207400002054060020000020C1F0
:10255000000020416406002070B50C461049054675
:10256000FEF786FD0F4E88B928460F49FEF79EFDFF
:1025700060B93378012B09D040F2C5239C4205DDB8
:102580000A4B0B491868FEF773FD38B10120094B5F
:10259000094A1B6803F2EE231364307070BD00BF5C
:1025A000000020C27400002000002042E805002046
:1025B0000000A0C13C060020002C0140012808B505
:1025C0000CD102F041F8064B1A68064B1A60064B14
:1025D000B3F90200FEF75AFB044B186008BD00BFB8
:1025E000EC05002054060020F80500204C060020D1
:1025F000F8B51B4C064623780D46002B2CD1194B01
:1026000019491F683846FEF78BFA3146FEF730FD50
:1026100008B90020F8BD14493846FEF783FA314660
:10262000FEF744FD0028F4D06B1C022BF1D80F4BB1
:102630001B78012BEDD123700D4A13780133DBB2E7
:10264000322B89BF00231370137023700835E0DA32
:10265000002301202370DDE7012BEDD0D9E700BF77
:102660008605002044060020000020417400002060
:1026700085050020B0F5805F2DE9F84F5AD19649C5
:102680000B78012B09D1954A13780133DBB20A2B61
:1026900009BF0023137013700B70914A914C13788B
:1026A000914D022B48D8013320781370FFF786FF35
:1026B000FEF722FF8D4B8E4A8E49186013680C6816
:1026C00001332044642B1360086006D190FBF3F0C3
:1026D000894B186000230B6013606420FFF7EAFA4F
:1026E00000210920FEF7E0FE0C23A0F5806090FB9E
:1026F000F3F0824B18602B78012B1BD100210320B3
:10270000FEF7D2FEA0F58060FEF7C0FA7C49FEF726
:1027100011FB7C49FEF70EFB05F03AFE7949FEF706
:10272000BDFB794B01461860784B1868FEF7FAF943
:10273000774B1860BDE8F88F4FF0000A022082F84E
:1027400000A0FEF7D3FF4042FEF7A0FA7149FEF762
:10275000A5FBFEF7B5FC704EDFF8C0913060207825
:10276000FFF72CFF6E4B6F491868FEF797FB6E4F13
:10277000C9F8000038686D4CA0F2EE20FEF786FA2A
:102780006B49FEF78BFBDFF8AC81C8F80000FFF760
:10279000ADFE31682068FFF72BFF574B0128196801
:1027A000206808BF85F800A0FFF7D6FE2B781843F5
:1027B000C0B2002840F08E80FFF7D6FD544B206851
:1027C0001968FEF7ADF95C4B1968FEF7B3FA5B4B7D
:1027D000D9F8001004461868FEF7ACFA0146204606
:1027E000FEF7A0F9564BD8F8001004461868FEF71B
:1027F000A1FA01462046FEF795F9524900F1004042
:10280000FEF798FAFEF75CFCFEF740FA4E4B0446E2
:1028100018604E4BDFF838811868FEF737FAD8F8A1
:102820000050814629462046FEF77AF9014648467F
:10283000FEF780FA474B81461868FEF727FA2146D3
:10284000FEF778FA01464846FEF76CF929468246BB
:102850002846FEF767F9DFF8009101462046FEF7AB
:102860005FF9D9F80010FEF75DF93C4B8346186814
:10287000FEF70CFA01465846FEF75CFA0146504650
:10288000FEF750F9FEF71CFC354B3A68186042F22F
:10289000107390FBF3F31344B3F55C7FA8BF4FF4C0
:1028A0005C73B3F51B7FB8BF4FF41B736FF03B0134
:1028B00030683B60C8F80040C9F80050FFF7BCFD25
:1028C000284C2060FFF702FE20684042BDE8F84F28
:1028D000FFF7DEBD0020F9E748060020490600208A
:1028E000C40500207500002074000020C0050020F1
:1028F000BC050020B8050020580600203C0600203A
:1029000085EBA13B00002041B405002040060020DB
:102910004406002093D8194260060020500600208B
:102920004C06002033338341700000205406002001
:102930009A996940B0050020140000201000002082
:102940000C0000200000C842AC050020040000205C
:10295000A805002008000020A40500200000002099
:10296000A00500205C0600202DE9F043012785B07A
:10297000B44CADF8047006460D46D4E900109046FC
:10298000897C0222007801ABFFF70EF8814628B15E
:102990004FF0FF38404605B0BDE8F083C820FEF791
:1029A0008BFED4E900108DF804903A46C97B00787C
:1029B00001ABFEF7F9FF0028EAD1D4E900103A464E
:1029C0004979007801ABFEF7EFFF0028E0D1D4E9A8
:1029D00000103A46897C007801ABFEF7E5FF00283D
:1029E000D6D1D4E900103A46C97D007801ABFEF794
:1029F000DBFF0028CCD1D4E900103A4609790078F1
:102A000001ABFEF7D1FF0028C2D1D4E900100C239E
:102A10008DF804303A460979007801ABFEF7C4FF1F
:102A20000028B5D10F20FEF747FED4E90010A36AB5
:102A30003A465B7A89788DF80430007801ABFEF76E
:102A4000B3FF0028A4D1D4E90010A36A3A461B7A48
:102A500049788DF80430007801ABFEF7A5FF002817
:102A600096D1A36A9B7AB8F1000F01D043F0E0033E
:102A70008DF80430D4E9001001228979007801AB87
:102A8000FEF792FF002883D1B8F1000F00F0D78045
:102A9000A36ADB7A43F0E0038DF80430D4E9001038
:102AA0000122C979007801ABFEF77EFF00287FF490
:102AB0006FAFB8F1000F02D0C820FEF7FDFDD4E9DA
:102AC000001040238DF8043001220979007801AB11
:102AD000FEF76AFF00287FF45BAFD4E9001078238B
:102AE0008DF8043001224979007801ABFEF75CFFD4
:102AF000074600287FF44CAF3220FEF7DDFDD4E915
:102B000000108DF8047001224979007801ABFEF7BE
:102B10004BFF00287FF43CAFD4E900100222897AF1
:102B2000007801ABFEF7A2FF804600287FF430AFAB
:102B30000C23BDF8047081467FBABFB2B7FBF3F730
:102B4000C6E901003060C5E90100FFB228605FFA04
:102B500089F3BB4278D334688322E1170904002348
:102B6000200441EA1441FEF7F1FA3A460023FEF749
:102B7000EDFA74688322E11709040023306041EA0A
:102B800014412004FEF7E2FA3A460023FEF7DEFA8B
:102B9000B4688322E11709040023706041EA1441FC
:102BA0002004FEF7D3FA00233A46FEF7CFFAB060CE
:102BB0002B68D917090451EA13414FEA034004D5A1
:102BC00040F2FF73C01841F10001C00A002340EA3F
:102BD00041503A46C912FEF7B9FA6B682860D91716
:102BE000090451EA13414FEA034004D540F2FF7350
:102BF000C01841F10001C00A002340EA41503A46A2
:102C0000C912FEF7A3FAAB686860D917090451EA44
:102C100013414FEA034004D540F2FF73C01841F15D
:102C20000001C00A40EA41503A460023C912FEF7AB
:102C30008DFA00283ADDA0F58030A860AAE61823B6
:102C40002AE700BF20000020D4E900100C22C97A36
:102C5000007801ABFEF70AFF09F1010900287FF4B3
:102C600097AEBDF804002B68C0BA0344BDF8061047
:102C70002B606B68C9BA0B44BDF808206B60AB6869
:102C8000D2BA1344AB60BDF80A003368C0BA03443B
:102C9000BDF80C1033607368C9BA0B44BDF80E2040
:102CA0007360B368D2BA1344B36050E700F5803064
:102CB000C3E700BF13B50F4C94F8243083B1400034
:102CC0008DF807000122D4E900100DF10703C97B3C
:102CD0000078FEF769FE50B99DF80730637406E08E
:102CE000A37A23B10028EBD0637C002BE8D002B09C
:102CF00010BD00BF2000002013B5564CA37A1BB9AD
:102D00004FF0FF3002B010BD0023D4E900108DF861
:102D100007300122C97B00780DF10703FEF744FE5E
:102D20000028EDD1D4E900100122497900780DF195
:102D30000703FEF739FE0028E2D1D4E90010012292
:102D4000097900780DF10703FEF72EFE0028D7D190
:102D5000D4E90030197994F82430002B40D00C23AA
:102D60008DF80730012200780DF10703FEF71CFEF5
:102D70000028C5D1D4E90010C0238DF80730A37A0C
:102D80000122DB0744BFE0238DF807300979007882
:102D90000DF10703FEF708FE0028B1D1D4E90010B9
:102DA000637C0122003B18BF01235B008DF80730D4
:102DB000C97B00780DF10703FEF7F6FD00289FD1CF
:102DC0000DF107038DF80700D4E9001001224979BD
:102DD0000078FEF7E9FD003818BF0120404291E776
:102DE00004238DF80730012200780DF10703FEF768
:102DF000DBFD002884D1A37C4BBBA37A13F0010F29
:102E000014BF60234023D4E900108DF8073001225D
:102E1000097900780DF10703FEF7C6FD00287FF45D
:102E20006FAFD4E90010637C0122003B18BF01237F
:102E30008DF80730C97B00780DF10703FEF7B4FD6C
:102E400000287FF45DAFD4E90010034BBEE74023B8
:102E5000D9E700BF20000020300000200B4B1B7A78
:102E6000032B0ED8DFE803F00F02070A4FF4FA73C2
:102E70000380002070474FF47A73F9E74FF4FA6348
:102E8000F6E70023F4E7FA23F2E700BF2000002072
:102E900013B5184CA37A43B1B0F57A7F0ED008D899
:102EA000FA2823D0B0F5FA7F22D04FF0FF3002B0DD
:102EB00010BDB0F5FA6FF8D1182300E01023227A84
:102EC0008DF80730B2EBD30F0ED0D4E900100122F9
:102ED000897900780DF10703FEF766FD0028E4D13B
:102EE0009DF80730DB0823720020E0E70023E6E7C7
:102EF0000823E4E7200000200C4A537A032B12D861
:102F0000DFE803F00C02080A04230370D27C3AB90C
:102F1000002070470823F8E71023F6E70223F4E7C0
:102F20005B000370F4E74FF0FF3070472000002093
:102F300013B5174CA37A33B108280CD007D8022850
:102F400021D0042821D04FF0FF3002B010BD10284E
:102F5000F9D1182300E01023627A8DF80730B2EB24
:102F6000D30F0ED0D4E900100122C97900780DF1F9
:102F70000703FEF719FD0028E5D19DF80730DB08AF
:102F800063720020E1E70023E6E70823E4E700BFDF
:102F9000200000200C4BDB7A013B052B10D8DFE82A
:102FA00003F0110307090B0D622303800020704713
:102FB0002A23FAE71423F8E70A23F6E70523F4E7C0
:102FC0000023F2E7BC23F0E72000002013B5184CE3
:102FD000A37A1BB94FF0FF3002B010BDBB2810D848
:102FE000612810D8292810D8132810D809288CBF98
:102FF00005230623E27A8DF807309A4209D1002092
:10300000EAE70123F6E70223F4E70323F2E70423C8
:10301000F0E7D4E900100122897800780DF1070368
:10302000FEF7C2FC0028D5D19DF80730E372E6E731
:1030300020000020054A034692F8240010B9D289E6
:103040001A8070474FF0FF30704700BF200000200B
:103050000A4B1B7A032B0DD8DFE803F00206080A9F
:10306000074B036000207047064BFAE7064BF8E772
:10307000064BF6E74FF0FF30704700BF20000020FE
:103080000000034300008342333303423333834160
:103090000E4A537A032B16D8DFE803F00F02090C0F
:1030A00041F69C730380D27C52B9002070474FF4E4
:1030B0008053F7E74FF40063F4E74FF48043F1E700
:1030C0005B080380F1E74FF0FF30704720000020DD
:1030D000F8B5124E96F82430EBB9B47AC4B100F0CA
:1030E000FE05307D2C402843377C347408D0012005
:1030F000FFF7E0FD3DB9601B18BF4FF0FF30F8BD92
:10310000FFF7D8FDF7E7FFF7F7FD0028F3D0377496
:103110004FF0FF30F3E70020F1E700BF2000002070
:103120002DE9F341214F064697F82430884615468D
:103130008BB1BB7A7BB1D7E900100222897A007883
:1031400001ABFEF793FC30B9BDF8044064BAA4B2F9
:10315000A64205D928704FF0FF3002B0BDE8F081DB
:103160007B68396818785B88B4EB530F0FD901225C
:10317000497C01ABFEF77AFC0028ECD19DF80430C5
:10318000DB0604D5FFF7B8FD6FF00100E5E7D7E9EE
:1031900000104346C97A0078F2B2FEF767FC0028B7
:1031A000D9D1B4FBF6F4013C2C70D6E72000002006
:1031B00037B5394C0546A37C83426AD06368012247
:1031C0001878236819790DF107036DB3FEF74EFCEB
:1031D00018B14FF0FF3003B030BD9DF80730D4E98F
:1031E000001023F020038DF80730012209790078C0
:1031F0000DF10703FEF7D8FB0028EAD10320FEF704
:103200005BFA02238DF8073094F8223013B1822341
:103210008DF8073094F823307BB39DF8073043F0E6
:1032200030038DF8073028E0FEF720FC0028D0D1CD
:10323000D4E90010A27A9DF80730D2074CBF43F0C2
:10324000200303F0DF038DF80730012209790078AD
:103250000DF10703FEF7A8FB0028BAD10320FEF703
:103260002BFA94F8223094F82320003B18BF012356
:10327000DB018DF80730002AD1D1D4E900100122FA
:10328000097D00780DF10703FEF78EFB0028A0D121
:10329000A57400209FE700BF2000002037B5164C22
:1032A000054694F82330834220D000280CBF002329
:1032B0003023A27C8DF807301AB143F002038DF859
:1032C000073094F822302BB19DF8073063F07F036C
:1032D0008DF80730D4E900100122097D00780DF146
:1032E0000703FEF761FB20B984F82350002003B0E8
:1032F00030BD4FF0FF30FAE720000020282837B516
:10330000054603D94FF0FF3003B030BD254C90B9CE
:10331000FFF7C4FFD4E900104FF4E063ADF80430C8
:103320000222897C007801ABFEF73EFB0028E9D140
:1033300020750020E8E70120FFF7B0FF2023012DD2
:103340008DF804301ED1002305208DF80530FFF7DD
:103350003DFED4E900109DF8053002229B0143F0A8
:1033600007038DF80530897C007801ABFEF71CFB64
:103370000028C7D108220123A27220732375FFF70A
:10338000A7FED6E7052D01D80123DDE7142D95BF53
:10339000022303230A20142094BF8DF805308DF8F2
:1033A0000530D4E72000002073B51E4D0446AB7AEB
:1033B0001BB94FF0FF3002B070BD95F82400002813
:1033C000F7D12B7D4BB1631E272B04D8E0B2FFF75A
:1033D00095FF0020EFE7FFF791FFD5E90010B4F566
:1033E0007A7F28BF4FF47A74042C38BF04244FF43A
:1033F0007A76B6FBF4F4013C8DF807400122497857
:1034000000780DF10703FEF7CFFA0028D1D19DF81F
:1034100007300133B6FBF3F0E8814008FFF7D6FD33
:10342000D7E700BF2000002010F0700F0CBFB0FAEB
:1034300080F3012373B504BF5B099B01294D8DF80F
:1034400007300446D5E900100122897C00780DF18F
:103450000703FEF7A9FA30B100234FF0FF36AB7235
:10346000304602B070BD9DF80730A10623F040033E
:103470002B7384F04003C3F380134FEA83038DF86A
:1034800007305EBFDBB243F002038DF80730E2067F
:1034900058BF9DF80730D5E900105CBF43F0010329
:1034A0008DF80730230758BF9DF807304FF0010211
:1034B0005CBF43F038038DF80730C97C00780DF10C
:1034C0000703FEF771FA06460028C5D114F0F70F7E
:1034D00001D0FFF7E3FE00233220AC722B75FEF71C
:1034E000EBF8BDE720000020802337B5474C8DF86E
:1034F0000030D4E900106B460122897C0078FEF789
:1035000053FA0546002861D16420FEF7D5F8D4E9C6
:1035100000108DF800506B460122897C0078FEF780
:1035200043FA002852D1D4E900106B460622897D67
:103530000078FEF79BFA002848D19DF805109DF809
:10354000033089005B0003F0020301F0040119431A
:103550009DF8013003F0010319433CD0012952D0FA
:10356000022930D10023E3744FF6FF73E381237403
:10357000FF23A3744FF0FF330122A36000232449EB
:103580004FF4FA60C4F8163022734B608B60A3824C
:1035900062846362FFF77CFCC0B90220FFF7C8FCBD
:1035A000A0B92A20FFF712FD80B93220FFF7FCFEF8
:1035B00060B9FFF78DFD48B9FFF7FAFD044628B959
:1035C000FFF732FF04E0134803F09EFE4FF0FF3494
:1035D000204603B030BDD4E900106B460122C97803
:1035E0000078FEF743FA0028F0D19DF8003013F080
:1035F0000F0303D1084803F0EFFEE7E7042BB1D136
:10360000064803F0E9FE0123ADE700BF20000020DB
:10361000360000204CA4000872A40008BFA40008D3
:10362000F7B50D4616461AB94FF0FF3003B0F0BD9E
:10363000114CA37A002BF7D0676843BAADF8043079
:10364000C0B27B8908449842EEDC21680222097EE0
:10365000387801ABFEF7A8F90028E5D1D4E90010CD
:103660003346497D0078EAB2FEF79EF9003818BF6C
:1036700001204042DAE700BF20000020F7B50D46E8
:1036800016461AB94FF0FF3003B0F0BD114CA37AC3
:10369000002BF7D0676843BAADF80430C0B27B891D
:1036A00008449842EEDC21680222097E387801AB9A
:1036B000FEF77AF90028E5D1D4E900103346497DB8
:1036C0000078EAB2FEF7D2F9003818BF0120404274
:1036D000DAE700BF200000202DE9F04F244D89B02B
:1036E00095F8254081468A461646019324B14FF04D
:1036F000FF3009B0BDE8F08F0029F8D04C4512D357
:1037000076BAADF80C60D5E900100222897E007807
:1037100003ABFEF749F90028E9D1012385F82530EC
:10372000019BEB84E5E7A9EB0408B8F1100FA8BFF3
:103730004FF010080AEB040B1FFA88F75A46394677
:103740002046FFF76DFF0028D1D13946204604AA54
:10375000FFF794FF0028CAD13A46584604A903F05F
:10376000CFFF10B92744BCB2C8E76FF00100C0E733
:103770002000002037B51D4C054694F824308342C4
:103780001ED000B394F825306BB30020FFF792FAF7
:103790000020FFF70DFDE08CFFF706FE00236068B8
:1037A0008DF807300122232100780DF10703FEF781
:1037B000FBF8012084F82400FFF77CFAFFF79CFA5D
:1037C000002003B030BDFFF775FA237C60688DF8E8
:1037D00007300122232100780DF10703FEF7E4F8FA
:1037E00084F82450EAE74FF0FF30EAE72000002099
:1037F0002DE9F04FB34D95B095F8243080468946B9
:10380000009323B10020FFF7B5FF012300930DF1D2
:103810001E00FFF723FB0DF11D00FFF76DFB0DF1FF
:103820002200FFF7B7FB08A8FFF704FCAB7A0022E1
:1038300001932B7C494640460393FFF795F80028F7
:103840007FD101220EA90BA8FFF78EF8002840F0C7
:10385000A980686804220D2100780AABFEF706F9FA
:103860000446002800F0A6800024A3460EAE11AF47
:1038700056F8043B59F82B00C01A0028B8BF404244
:10388000FDF704FA4FF05E51FDF754FA57F8043B88
:103890008246002118460293FDF7E0FB002840F025
:1038A000CB80029B50461946FDF7F8FA4FF07E5147
:1038B000FDF736F9844920F00040FDF7F7FB18B119
:1038C000012303FA0BF31C430BF1010BBBF1030FB4
:1038D000CED16868E3B202935A460D21007811AB4D
:1038E000FEF7C4F80446002840F0E98006464FF091
:1038F000010BBDF844309DF8462023F4604302F0EC
:103900001F0223F0E003ADF844308DF846200DF19E
:103910002C0A11AF5AF8043B58F82600C01A0028A8
:10392000B8BF4042FDF7B2F94FF05E51FDF702FA21
:1039300017F8013B8146002B00F0B48063486449CE
:103940008AE0002249464046FFF70EF800283FF47F
:1039500078AF00244FF6FF730126EB812B744FF0F4
:10396000FF33BDF81E00AB602E73FFF791FA9DF890
:103970001D00FFF7DDFABDF82200FFF727FBBDF8B9
:103980002000FFF711FD0198FFF74EFD0398FFF7A8
:103990009FFB009B13B13046FFF7ECFE204615B0AD
:1039A000BDE8F08F01220EA90BA8FEF7DDFF00286D
:1039B000CFD14EE79DF828309DF82B20DB10C2F3C5
:1039C000011103F01C030B438DF824309DF82930BE
:1039D000C2F38101DB1003F01C030B438DF825308B
:1039E0009DF82A3002F00302DB1003F01C0313439E
:1039F0008DF826300023DFF8DCB037490DF1240ABA
:103A000011AF1AF8016BAEB93B600134E4B2032C7C
:103A100007F10407F5D127E704930291FDF78AF92E
:103A20000299049B013E16F0FF063860F4D10AF8B3
:103A3000016CEAE75846F5E750462849FDF718FBC0
:103A400000287FF43DAF5046254936E7CDE9041301
:103A5000FDF770F9DDE90413013B13F0FF03F5D125
:103A6000014607F8013C4846FDF718FA4FF07E5131
:103A7000FDF756F8144920F00040FDF717FB10B190
:103A80000123B3401C430136032E7FF443AFE4B25D
:103A9000B4FA84F46409029B002B7FF45BAF44F01A
:103AA000020457E70F49FDF7E3FA28B948460E49E3
:103AB000FDF7FCFA0028E6D00BFA06F3E2E7002453
:103AC000E9E700BF20000020295C0F3E0000C8414C
:103AD00054E3853F7B14AE3E1D5A843F9A99993E2C
:103AE0003333733F000020410000D2427047000092
:103AF0001FB5084A01AB10685168127A03C3092147
:103B00001A704FF4976001AAFFF78AFD05B05DF8BF
:103B100004FB00BF30A50008C8234FF4806240F6C4
:103B2000F6300149FFF7D8BD61A5000810B54A4B32
:103B300086B01A889B78ADF808208DF80A30474B7C
:103B400000F003011A889B78ADF80C208DF80E3038
:103B5000434B04461A889B78ADF810208DF812303C
:103B6000404B1A889B78ADF814208DF8163001F17F
:103B700018030DEB030111F8103CC0F3C1028DF8DE
:103B8000003002F118030DEB030212F8103C11F89B
:103B90000C1C8DF80130C0F3811318336B4413F8FB
:103BA000100C12F80C2C13F80C3C8DF802008DF858
:103BB00004108DF8052003216A4640F226408DF856
:103BC0000630FFF72DFD18B14FF0FF3006B010BDE5
:103BD000032140F22A4001AAFFF722FD0028F3D179
:103BE000049B6107ADF800304FEA13438DF80230B3
:103BF000059B4FF00301ADF804304FEA13438DF8F5
:103C0000063041BF37238DF8003027238DF804306C
:103C1000A20641BF57238DF8013047238DF80530A8
:103C2000E30542BF77238DF8023067236A464FF4DD
:103C3000886048BF8DF80630FFF7F2FC0028C3D13A
:103C4000032140F2314001AAFFF7EAFC0028BBD172
:103C5000054B1C81BAE700BF3AA500083EA5000845
:103C600042A5000846A50008C8050020234B37B52B
:103C70001A8902F00303C2F3C10150F8233054073C
:103C800050F8215048BF5B42910648BF6D42C2F3D5
:103C90008111D2051A4A50F8211085FB025048BF05
:103CA0004942AD0F45EA800581FB021083FB0232D9
:103CB0009B0F8C0F43EA820344EA80041BBA042161
:103CC0004FF4747001AA0193FFF7AAFC18B14FF0EA
:103CD000FF3003B030BD2DBA04214FF4757001AA36
:103CE0000195FFF79DFC0028F1D124BA042101AA17
:103CF0004FF476700194FFF793FCEAE7C8050020C3
:103D000009E3CA027FB506460DF10200FFF7C0F9CC
:103D1000214BBDF802401D89E40305F0030356F86A
:103D20002310C5F3C1036A0756F8232048BF494250
:103D3000AB0648BF5242C5F38113E8054FEAE1756F
:103D4000A1FB041004FB05004FEA917141EA8001D8
:103D500009BA01914FEAE270A2FB042104FB0011B1
:103D600056F823304FEA927242EA810248BF5B4222
:103D700012BA0292D917A3FB043204FB01229B0F53
:103D800043EA82031BBA0C2101AA4FF42570039366
:103D9000FFF746FC04B070BDC805002010B504460E
:103DA000144A86B01068516803AB03C39068C82CEE
:103DB000186003D94FF0FF3006B010BD00238DF816
:103DC0000430C823B3FBF4F30221013B40F2162078
:103DD00001AA8DF80530FFF723FC0028EAD10C2159
:103DE00040F6C12003AAFFF71BFC0028E2D1024BDA
:103DF0009C81E1E74AA50008C805002073B5044688
:103E00000846610715D0B0F5C86F12D8FCF73AFF25
:103E10004349FDF743F806460DF10300FFF76CF840
:103E20009DF80330082B5FD007D8022B11D0042B4C
:103E300050D04FF0FF3002B070BD102BF9D14FF0D1
:103E40008A413046FCF776FFFDF760F9354985B2C7
:103E500008E04FF08D413046FCF76CFFFDF756F956
:103E6000314985B23046FCF765FFFDF74FF980B266
:103E70006DBA40BAE207ADF80450ADF806003DD483
:103E8000A30710D502214FF4EC7001AAFFF7C8FB7D
:103E90000028CED102214FF494700DF10602FFF7F5
:103EA000BFFB0028C5D114F00400C4D002214FF498
:103EB000EE7001AAFFF7B4FB0028BAD102214FF43B
:103EC00096700DF10602FFF7ABFB003818BF01201A
:103ED0004042B0E74FF08C413046FCF72BFFFDF736
:103EE00015F9124985B2BDE74FF08B413046FCF71A
:103EF00021FFFDF70BF90E4985B2B3E702214FF41C
:103F0000EA7001AAFFF78CFB002892D102214FF43E
:103F100092700DF10602FFF783FB0028B0D088E70E
:103F2000000048430000C044000040460000C04577
:103F30000000404510F0010318BF302307B5820789
:103F40008DF8073042BFDBB243F00C038DF8073029
:103F5000430748BF9DF807304FF0010148BF43F0C9
:103F600003030DF107024FF4A47048BF8DF807302A
:103F7000FFF756FB03B05DF804FB042807B528BF24
:103F80000420012838BF012001388DF807000121E5
:103F90000DF1070240F24F10FFF742FB03B05DF84E
:103FA00004FB052307B5B0FBF3F040BAADF80400FD
:103FB000022101AA4FF4EF70FFF732FB03B05DF866
:103FC00004FB052307B5B0FBF3F040BAADF80400DD
:103FD000022101AA4FF4ED70FFF722FB03B05DF858
:103FE00004FB4FF47A7307B590FBF3F0484300BA33
:103FF0000190042101AA4FF4AE70FFF711FB03B04A
:104000005DF804FB052307B5B0FBF3F040BAADF84B
:104010000400022101AA4FF4AD70FFF701FB03B0C9
:104020005DF804FB052307B5B0FBF3F040BAADF82B
:104030000400022101AA4FF4AC70FFF7F1FA03B0BB
:104040005DF804FB1FB520B105B05DF804EBFFF788
:104050004FBD084A01AB10685168127A03C30921A9
:104060001A704FF4976001AAFFF7DAFA05B05DF80D
:1040700004FB00BF57A5000807B560B1074B04213A
:1040800001AA40F698200193FFF7CAFAFEF734FE22
:1040900003B05DF804FB4FF08B33F0E7C0C2C4C639
:1040A00007B560B1074B042101AA40F69E20019399
:1040B000FFF7B6FAFEF720FE03B05DF804FB4FF001
:1040C000A333F0E7202830382DE9FF41684B042165
:1040D00001AA044668200193FFF7A2FAA32314F073
:1040E000400803BF19461A461846C8211CBFC22201
:1040F000C02014F4C0768DF804300CBFA323C42371
:104100008DF806108DF8072004BF19461A468DF861
:1041100008304FF0A3031CBFCC21C6228DF80B3012
:104120004AF2A3338DF805008DF809108DF80A20A6
:104130000A2101AA40F6A720ADF80C30FFF770FA6B
:1041400014F003070CBFD8232023012140F6B6202A
:1041500001AA8DF80430FFF763FA14F0200077D03D
:10416000FFF7C6FCD6B104F48073002B15BFB22054
:10417000B0208B21802115BFB622B4229B2390232F
:104180008DF804008DF805108DF80620042140F606
:10419000A22001AA8DF80730FFF742FAE3075AD5AB
:1041A000F82301AA01214FF40B608DF80430FFF7CA
:1041B00037FAFA210720FFF721FE0720FFF7BAFEA2
:1041C0000120FFF7DAFE6420FFF7EBFE4FF4FA70F0
:1041D000FFF7F7FEC8212748FFF703FF2820FFF766
:1041E00011FF0A20FFF71EFF14F0020F0CBFD823A7
:1041F000D923012101AA40F23D708DF80430FFF768
:104200000FFA14F0040018BF0120FFF735FF14F077
:10421000100018BF0120184DFFF742FF44F00803BB
:104220006B81FEF769FDB8F1000F0CBF0023062378
:10423000DEB9AB7314F0140F1EBFAB7B1033AB733E
:1042400017B1AB7B0433AB73002004B0BDE8F08141
:10425000FFF7F8FE86E7D823012101AA4FF40B608F
:104260008DF80430FFF7DCF9BEE70633E1E700BF65
:1042700002CAE30909E3CA02C80500202DE9F04F8C
:104280009946002389B0129DDFF84CA10746884665
:1042900093466946139A9AF80E002B80FEF740FF6A
:1042A000064650BBBAF80A3013F0140F00F09180A4
:1042B000019A009814BA4FEA244C0CFB0CFC00BA8B
:1042C000CBF80000001400FB00C00299039A09BA61
:1042D000CBF80810091401FB010112BACBF80C202D
:1042E000121402FB021202F17142B2F1007FCBF80C
:1042F000044008D9FEF700FD2E804FF0FF3630460F
:1043000009B0BDE8F08F2A8842F480722A8010221A
:10431000580620D502F12001694411F8204C11F80B
:104320001F0C063240EA0420A8F8000011F81E4CC9
:1043300011F81D0CD2B240EA0420A8F8020011F8CE
:104340001C0C11F81B1C41EA0021A8F80410298854
:1043500041F00801298013F4C07F1DD002F1200133
:10436000694411F8204C11F81F0C063240EA042071
:10437000388011F81E4C11F81D0CD2B240EA04200E
:10438000788011F81C0C11F81B1C41EA0021B9803F
:10439000298841F070012980990716D00DEB02049D
:1043A0006378E578DA0708D5DAF800302BB105F044
:1043B00007010131C5F3C200984763781B0704D594
:1043C000DAF804300BB1A80998474846FFF78EFB8E
:1043D00095E702469CE700BFC805002090F9003031
:1043E000002B0CDC0DD190F90130002B0BDC0CD133
:1043F00090F90230002B0ADC0BD006207047002019
:104400007047042070470120704705207047022044
:1044100070470720704707B50323009002226B21E5
:10442000D020FDF7A4FB03B05DF804FB07B5022321
:10443000009004221B21D020FDF799FB03B05DF80A
:1044400004FB07B50223009004221C21D020FDF7B5
:104450008EFB03B05DF804FB034606226B21D020DF
:10446000FDF7ABBB034605226A21D020FDF7A5BBB3
:10447000034601223721D020FDF79FBB08B502205B
:10448000FFF7C9FF0320FFF7D1FF0020FFF7D9FF97
:104490000020FFF7E1FF0020FFF7E4FFBDE8084040
:1044A0000020FFF7E5BF0000002330B589B00122EE
:1044B00075218DF8003068206B46FDF7D7FA01238F
:1044C000514C5248237002F087FF9DF80030682B52
:1044D0000CD0BFF34F8F4E494E4BCA6802F4E062D6
:1044E0001343CB60BFF34F8F00BFFDE7FEF7FCFF28
:1044F000002840F084807820FEF796FF10B94348EA
:1045000002F06AFF7820FEF7E3FD10B9424802F09E
:1045100063FFC820FEF748FF10B9404802F05CFF77
:10452000FFF7FAFA10B93E4802F056FF3D48FFF790
:1045300055FF02463C48FFF751FF01463B48FFF755
:104540004DFF830143EAC100104380B2FFF7EEFA4A
:1045500010B9374802F040FF40F27310FFF7B4FD86
:1045600010B9344802F038FFC820FFF717FC10B923
:10457000314802F031FF05A902A8FFF739F90728F1
:1045800036D101A8FEF764FD019D0298FCF77EFB81
:104590002946FCF7CFFBFCF793FD02900398FCF74C
:1045A00075FB2946FCF7C6FBFCF78AFD03900498CF
:1045B000FCF76CFB2946FCF7BDFBFCF781FD049082
:1045C00002A8FFF753FB0DF10200FEF761FDBDF8F5
:1045D0000220059B05A853430593069B534306936E
:1045E000079B53430793FFF78DFB144802F0F4FE3B
:1045F0000120FFF7BFF810B9114802F0EDFE0023CB
:10460000237009B030BD00BF6406002057B1000818
:1046100000ED00E00400FA0577B100089BB1000846
:10462000C0B100084C0000204F00002052000020C4
:10463000F1B1000816B200083AB200085DB20008F5
:104640007EB20008000000002DE9F04F6E4C89B0EA
:104650000DF10B0301936D4903AB6D48009404AA5F
:10466000FFF70CFE2388DB0540F1C5800498FCF7BA
:104670000DFB4FF04251FCF75DFB664B06461860A0
:104680000598FCF703FB4FF04251FCF753FB624BDC
:10469000054618600698FCF7F9FA4FF04251FCF70E
:1046A00049FB5E4B044618600798FCF7EFFA4FF0A1
:1046B0004251FCF73FFB5A4B074618604FF0404110
:1046C0002846FCF737FB314680463046FCF72AFA8D
:1046D000414682463846FCF72DFB5146814620462E
:1046E000FCF728FB01464846FCF71CFAFBF794FE52
:1046F00003F0ACFD42A3D3E90023FBF7E5FEFCF792
:10470000BBF9484B214618602046FCF70BFA41469E
:1047100083462846FCF70EFB594680462046FCF7A8
:1047200009FB01464046FCF7FBF94FF07E51FCF7D0
:10473000F9F9FBF771FE8046894638465946FCF781
:10474000F9FA514683462846FCF7F4FA01465846E2
:10475000FCF7E8F9FBF760FE42464B4603F09EFD8E
:1047600027A3D3E90023FBF7AFFEFCF785F92E4B17
:10477000314618603046FCF7DDFA29468046284667
:10478000FCF7D8FA01464046FCF7CCF921468046B2
:104790002046FCF7CFFA01464046FCF7C1F93946FE
:1047A00080463846FCF7C6FA01464046FCF7B8F9A1
:1047B000FBF732FE8046894628462146FCF7BAFAC6
:1047C000394604463046FCF7B5FA01462046FCF768
:1047D000A9F90146FCF7A6F9FBF71EFE42464B4637
:1047E00003F05CFD06A3D3E90023FBF76DFEFCF7A5
:1047F00043F90E4B186009B0BDE8F08FAFF30080AD
:104800006666666666A64C40F0050020F20500204C
:10481000F805002058000020E0050020DC050020FD
:10482000D8050020EC050020E8050020E405002064
:1048300073B50021804A0846FDF765FB7F4B197868
:10484000002900F0C78000217D4A46207D4CFDF7FD
:104850005AFB0A2100207C4AFDF755FB2368002BF8
:1048600080F2BA80794A0A215020FDF74CFB0C23D4
:1048700022680093032352420A215F20744CFDF703
:10488000FBFA14210020734AFDF73DFB2368724DAB
:10489000002B80F2AB806D4A14215020FDF733FBD2
:1048A0002B6822681A440C23009303235242642489
:1048B0000C2514215F20FDF7DFFA1E210020674A36
:1048C000FDF721FB664E1E213A20664AFDF71BFBD1
:1048D0001E215020644AFDF716FB3268022392FB2A
:1048E000F4F21E212D200095FDF7C6FA326802234E
:1048F00092FBF4F1442004FB112200951E21FDF7E8
:10490000BBFA336893FBF4F204FB1233092B06DC89
:10491000022300221E213E200095FDF7ADFA28213A
:104920000020524AFDF7EFFA514B00211C68204647
:10493000FCF79EFB002865D020464E49FCF7F2F8B4
:10494000FCF7E4FB0C23024628212D2000934A4C5F
:104950000323FDF791FA32210020484AFDF7D3FAEC
:1049600000212068FCF784FB00284DD03221374A13
:104970004620FDF7C8FA20680C2500F10040FCF73E
:10498000C5FB02230246322150200095FDF774FA40
:1049900032216020334AFDF7B6FA246804F100445E
:1049A0002046FCF78DFBFCF771F901462046FCF729
:1049B000B7F83349FCF7BEF9FCF7A8FB0123024620
:1049C00032216A200095FDF757FA02B0BDE8704029
:1049D000FDF7BAB92B4A38E72B4A0A215020FDF7D8
:1049E00092FA0C2300932268032345E71421264AF8
:1049F0005020FDF788FA0C2321682A6800930A44A6
:104A0000032354E720469BE732211F4A4620FDF747
:104A10007AFA2068FCF77AFB0C2502460223322141
:104A200050200095FDF728FA322160200D4AFDF74D
:104A30006AFA2468B4E700BFA1B20008740000203D
:104A4000A8B2000860060020B0B20008B8B20008A2
:104A500070000020BCB200083C060020C2B2000872
:104A600058060020C8B20008CAB20008CCB200083C
:104A7000540600200000B44344060020D2B20008CF
:104A800000002041ACB20008BAB2000800000000EB
:104A90003B4BF0B51C6887B0A4F2C6246400A31C8D
:104AA00038DBB4F5977F37DC032394FBF3F4354A06
:104AB000354B16781F68B6FA86F3344D5B091370D0
:104AC0002B78012B2AD10024CDE90344304B314906
:104AD0001868FCF72FF9FCF7F3FA2F4B02901868CF
:104AE0002C49FCF727F9FCF7EBFA2C4B01901868DE
:104AF0002B49FCF71FF9FCF7E3FA2A4B2A4A2B490A
:104B000000901B6812680968294802F0FDFB2C70B0
:104B100007B0F0BD0024CAE76424C8E7254B186835
:104B2000FCF7CEFA0546AEB13846FBF763FC12A39C
:104B3000D3E90023FBF7F2FDFBF776FF80EAE07292
:104B4000A2EBE072D2B22346114600951A4802F059
:104B5000DBFBDDE7194B1C6C194B1868FCF7B0FA4E
:104B6000234602462946174807B0BDE8F04002F048
:104B7000CBBB00BFAFF30080CDCCCCCCCCCCF43FD2
:104B800058060020FE050020600600204A0600208E
:104B900018000020000020411C00002044060020D6
:104BA0000000C8420000002008000020040000208F
:104BB000DBB2000854060020F6B20008002C0140C9
:104BC0005006002006B300081A4B70B51868FCF7B1
:104BD0005DF81949FCF762F9184B01211860184B70
:104BE000184C1868FDF754FB174B02211868FDF7A5
:104BF0004FFB164B164D186CFCF744F80321FDF7DC
:104C000047FB0320FDF770FB124B134A187000237B
:104C100019461370DEB2B04202D801B1107070BDF7
:104C200029684906FCD514F8011B0133696001218C
:104C3000F0E700BF580600200000C8420006002030
:104C4000540600205B05002050060020002C014087
:104C50000038014004060020050600201FB5114859
:104C6000114A0023012402604FF46022CDE9013390
:104C70000393836003730375C2614360046100F0B2
:104C8000B9FE08B100F06CF90323CDE9013400232B
:104C9000044801A9039300F069FD08B100F060F930
:104CA00004B010BD0806002000240140102210B5F9
:104CB000044688B00DEB0200002102F031FD2268AD
:104CC000174B9A422AD103F56C439A69032442F4A4
:104CD00000729A619A69134802F400720192019A73
:104CE0009A6904A942F004029A619A6902F00402E6
:104CF0000292029A9A6942F008029A619B6903F053
:104D000008030393039B0823CDE9043401F026F83C
:104D1000054804A9CDE9044401F020F808B010BD0D
:104D20000024014000080140000C014010222DE940
:104D3000F04188B00DEB0200002102F0F1FC2F4B96
:104D40002F4F9A692F4D42F020029A619A69384696
:104D500002F020020192019A9A6948F2101142F081
:104D600004029A619A69012402F004020292029AF2
:104D70009A69002642F008029A619B69012203F0B9
:104D800008030393039B01F0C7F80122284648F269
:104D9000380101F0C1F84FF0030848F2101338460B
:104DA00004A9CDE90434CDE9066800F0D7FF20233B
:104DB000384604A9CDE90436069400F0CFFF4FF43D
:104DC0008052114B284604A9CDE90423069400F033
:104DD000C5FF48F23803284604A9CDE90434CDE9DB
:104DE000066800F0BBFF22460221282000F002FFE7
:104DF000282000F02FFF08B0BDE8F081001002402D
:104E000000080140000C01400000211010B594B0D2
:104E1000142200210CA802F083FC142200210DEBC7
:104E2000020002F07DFC1022002101A802F078FCB3
:104E300002244FF480330122CDE91143CDE90A2346
:104E40004FF4E0130AA80E92139301F07FF808B113
:104E500072B6FEE70F23CDE905344FF48063079067
:104E6000CDE90830214605A801F046FA08B172B62E
:104E7000FEE74FF4004301A80194039301F0F8FA10
:104E800008B172B6FEE714B010BD000008B500F01E
:104E9000A7FBFFF7BBFFFFF749FFFFF7DFFE00F0BF
:104EA00037FA00F029F900F055F900F085FA00F022
:104EB000C3FA00F0DDFA282000F0DAFEFCF7DAFB96
:104EC0001D4800F015FE00211C4801F023FE0421BE
:104ED0001A4801F01FFE0C21194801F01BFE3C216D
:104EE000184801F025FC3C21174801F021FCFDF792
:104EF00029F8FFF7C3FAFFF7D7FA144800F032F8A1
:104F000001221349114802F028F9282000F0A2FEDE
:104F1000FFF78EFC0F4B1B7853B9FFF7B9FDFFF776
:104F200087FC01220C4B1A7000220C4B1A70FEE712
:104F3000FFF74AFEF5E700BF0806002074060020D0
:104F40004C07002004070020BC0600209407002026
:104F50005A0500206406002048060020490600206B
:104F600072B6FEE7044B02221860044B1868002357
:104F70008068194602F038BA6C06002090000020C4
:104F8000022808B505D902F019FC092303600020A6
:104F900008BD0120FCE700000138012810B51446C7
:104FA0000BD809484FF0FF33006892B201F0AEFE13
:104FB000002818BF0524204610BD02F0FFFB09237E
:104FC0004FF0FF340360F6E76C060020022808B5B6
:104FD00006D902F0F3FB092303604FF0FF3008BD50
:104FE0000020FCE708B502F0E9FB092303604FF05D
:104FF000FF3008BD08B558B909484FF0FF3301220A
:10500000006801F0D8FE002814BF0520012008BD6B
:1050100002F0D4FB092303604FF0FF30F7E700BF35
:105020006C060020022808B504D84FF400534B60EA
:10503000002008BD02F0C2FB09230360F8E700006E
:10504000104B07B59A69052042F001029A619A69EE
:1050500002F001020092009ADA6942F08052DA61AD
:10506000DB6903F080530193019B00F0B1FD064A18
:10507000536823F0E06343F00073536003B05DF8BE
:1050800004FB00BF0010024000000140FEE7FEE705
:10509000FEE7FEE7FEE770477047704700F0B2BAE0
:1050A000014801F041BF00BF940700204FF4805039
:1050B00000F040BF0B4A0346116810B509B90A4910
:1050C0001160106809490A4C0344091B8B4206D938
:1050D00002F074FB0C2303604FF0FF3010BD13602F
:1050E000FCE700BF7006002070090020005000207F
:1050F000000400007047000010B58CB00021202291
:1051000004A802F00DFB00244FF08043104803A9CF
:10511000C0E900344FF6FF73C0E90334032303935F
:105120000123CDE90144846084610593099301F072
:10513000BDFB08B1FFF714FF054801A9CDE9014403
:1051400001F0EAFC08B1FFF70BFF0CB010BD00BF87
:105150000407002010B500248CB00021202204A8F0
:1051600002F0DEFA1048114B03A9C0E900344FF6F3
:10517000FF73C0E90334032303930123CDE9014402
:10518000846084610593099301F090FB08B1FFF7F7
:10519000E7FE054801A9CDE9014401F0BDFC08B1D5
:1051A000FFF7DEFE0CB010BDBC060020000400407E
:1051B00003680F4A82B093420BD10E4B9A6942F4B6
:1051C00000629A619B6903F400630093009B02B044
:1051D0007047094A9342FAD1064BDA6942F0040259
:1051E000DA61DB6903F004030193019BEFE700BF81
:1051F000002C01400010024000080040102210B5B1
:10520000044688B000210DEB020002F089FA236801
:10521000B3F1804F1BD103F50433DA6942F0010288
:10522000DA61DA6902F001020092009A9A6942F0AA
:1052300004029A619B6903F004030193019B032319
:105240000F4804A9049300F089FD08B010BD0D4A71
:105250009342FAD10C4BDA6942F00202DA61DA6960
:1052600002F002020292029A9A6942F004029A61E2
:105270009B6903F004030393039BC023E0E700BF93
:1052800000080140000400400010024010B5044630
:1052900086B01022002102A802F042FA2368174AC1
:1052A000934215D1164B4FF400619A69154842F0AC
:1052B00004029A619B6903F004030093009B02239C
:1052C000CDE90213059302A900F048FD06B010BD18
:1052D0000D4A9342FAD10A4B0C489A6902A942F04E
:1052E00008029A619B69C02203F008030193019BA5
:1052F0000223CDE902230593E6E700BF002C01401D
:10530000001002400008014000080040000C01406D
:1053100010B5002492B01C22214603A8CDE9014417
:1053200002F0FEF9202221460AA802F0F9F99023A2
:105330001F48204AC0E90544C0E9002342F20F7328
:105340008460C0E9033401F085FA08B1FFF708FE74
:10535000174801A9CDE9014401F0DEFB08B1FFF7D0
:10536000FFFD0C220024602311480DEB0201CDE962
:105370000334CDE907440594099401F017FB08B103
:10538000FFF7EEFD4FF4005309480AA9CDE90A449E
:10539000CDE90C440E940F93119401F0EBFB08B18E
:1053A000FFF7DEFD0248FFF771FF12B010BD00BF2E
:1053B0004C070020002C014010B500248AB01C22AC
:1053C000214603A8CDE9014402F0AAF91848194B77
:1053D0008460C0E9003441F61F438461C0E90334AE
:1053E00001F038FA08B1FFF7BBFD114801A9CDE97A
:1053F000014401F091FB08B1FFF7B2FD00226023E8
:105400000B4803A9CDE903320592079201F0CEFAC9
:1054100008B1FFF7A5FD0422054803A901F0C6FA6B
:1054200008B1FFF79DFD0248FFF730FF0AB010BD3D
:10543000740600200008004008B54FF4FA330A480B
:105440000A4AC0E9002300230C22C0E90233C0E964
:1054500005230361C36101F02BFC18B1BDE80840CE
:10546000FFF77EBD08BD00BFD8070020003801400F
:1054700008B54FF416530A480A4AC0E9002300232E
:105480000C22C0E90233C0E905230361C36101F0C6
:105490000FFC18B1BDE80840FFF762BD08BD00BFB2
:1054A0009407002000480040102210B5044688B040
:1054B0000DEB0200002102F033F92368304A9342D9
:1054C00029D1304B4FF400719A692F4842F4804241
:1054D0009A619A6902F480420092009A9A6942F0B5
:1054E00004029A619B6903F004030193019B022368
:1054F000CDE90413032304A9079300F02FFC4FF414
:105500008060002304A9CDE904031F48069300F03E
:1055100025FC08B010BD1D4A9342FAD1194B04A9CD
:10552000DA691B4842F48022DA61DA69002402F465
:1055300080220292029A9A6942F008029A619B695B
:105540004FF4806203F008030393039B0223CDE929
:1055500004230323079300F001FC4FF4006304A924
:105560000B48CDE90434069400F0F8FB01222146F3
:10557000272000F03FFB272000F06CFBC9E700BFAD
:10558000003801400010024000080140004800407F
:10559000000C01400C480D490D4A002302E0D4588C
:1055A000C4500433C4188C42F9D30A4A0A4C00236D
:1055B00001E013600432A242FBD3FFF79BFD02F02F
:1055C00003F9FFF763FC704700000020F0000020A3
:1055D00020B40008F00000206C090020FEE7000065
:1055E000074A08B51368032043F01003136000F066
:1055F000EFFA0020FBF7AAFFFFF722FD002008BD0D
:1056000000200240034A044B11681B780B441360CE
:10561000704700BF1C0800207C000020F7B5002662
:1056200004460D460196FBF7B1FF236807469A68CA
:10563000D10508D50120A36A84F8246043F0200333
:10564000A36203B0F0BD5A68D20503D4DB6A13F439
:10565000700F3DD03D4B02201E6800F083FF236891
:105660003B4A1969B6FBF0F611423A4A51D1D86863
:10567000394908424DD1196911425BD1DA68374B7B
:105680001A4214BF292314235E43019BB34223D241
:105690006A1C04D0002D53D1019BB3420AD3019B55
:1056A00001330193F1E76E1C13D065B923681B68C1
:1056B00098070DD4A36A032043F00403A3620023D8
:1056C00084F82430BDE7FBF761FFC01BA842EDD88A
:1056D000226813689907E6D56FF0120322681360F9
:1056E000A36A43F40073A362936803F46023B3F5E1
:1056F000602F0CD1237B53B9A36A23F48073A36278
:10570000A36ADB0403D4A36A43F00103A36200206D
:1057100097E71969114203D1D968104A11420BD099
:1057200019690F4A114209D1DB68134214BFFC23E7
:105730005423A9E72923A7E75423A5E7FC23A3E7DC
:10574000FBF724FFC01BA842A6D8A8E778000020DA
:105750002449922492244912244992009224490017
:10576000499224000368D86C70470000002373B589
:10577000019390F824300446012B6CD0012380F86B
:1057800024304D680268062D086805EB850322D891
:105790001F26556B053B9E4025EA060500FA03F3DC
:1057A0002B43536309288B6800EB40054FF007013A
:1057B00029D9D6681E3DA94026EA0101AB400B431A
:1057C000D360A0F11003012B25D90020002384F819
:1057D000243002B070BD0C2D4FF01F0509D8166B98
:1057E000233B9D4026EA050500FA03F32B43136390
:1057F000D8E7D66A413B9D4026EA050500FA03F347
:105800002B43D362CEE71069A94020EA0101AB40E7
:105810000B431361D9E7114B9A4216D193681B02CF
:10582000D3D49368102843F400039360CDD10C4B7C
:105830000C4A1B68B3FBF2F30A2253430193019B0A
:10584000002BC2D0019B013BF8E7A36A012043F083
:105850002003A362BAE70220BBE700BF0024014097
:105860007800002040420F00806A7047002337B55F
:105870000193036804469A68D20702D5002003B05A
:1058800030BD9A6842F001029A60144B144A1B68BA
:10589000B3FBF2F30193019BE3B9FBF777FE0546F7
:1058A00023689B68DB07E9D4FBF770FE401B0228E6
:1058B000F6D923689B6813F00103F1D1A26A012095
:1058C00042F01002A262E26A84F8243042F001023F
:1058D000E262D4E7019B013BDCE700BF78000020D7
:1058E00040420F0010B590F824300446012B54D0EC
:1058F000012380F82430FFF7B9FF002849D1A36ABB
:10590000274A23F4407323F0010343F48073A36216
:105910002368934204D123494A6812F4702F2ED190
:10592000A26A22F48012A2625A68520541BFA26A9A
:1059300022F4405242F48052A262A26A12F48052CF
:105940001CBFE26A22F00602E262002284F82420F0
:105950006FF002021A609A6802F46022B2F5602FBA
:1059600013D10F4A934205D1A2F58062526812F416
:10597000702F0AD19A6842F4A0029A6010BDA26A00
:1059800042F48012A2624A68CFE79A6842F4801219
:10599000F3E7002384F82430F0E70220EEE700BFAD
:1059A000002801400024014038B5036804469A6885
:1059B000D10701D4002038BD9A6822F001029A6014
:1059C000FBF7E4FD054623689B68DB07F2D5FBF790
:1059D000DDFD401B0228F6D923689B68DA07F2D563
:1059E000A36A012043F01003A362E36A43F00103BA
:1059F000E362E0E7F8B5044600286DD0836A23B976
:105A0000C36280F82430FFF751F92046FFF7CCFF3E
:105A1000A36A13F0100361D100285FD1A26A616804
:105A200022F4885222F0020242F00202E569A668DE
:105A3000A262227B2943B6F5807F41EA420136D03B
:105A4000771E7D427D412D02277D012F06D182BB2D
:105A5000A269013A45EA423242F400652268B6F58D
:105A6000807F576827F4694745EA070555609768BE
:105A70001D4D05EA070545EA0105956001D0012E97
:105A800002D12369013B1B05D56A25F470052B4320
:105A9000D3629268154B1340994213D10023E362FD
:105AA000A36A23F0030343F00103A362F8BD354664
:105AB000CAE7A26A42F02002A262E26A42F0010250
:105AC000E262CBE7A36A23F0120343F01003A36260
:105AD000E36A43F00103E3620120E7E7A36A43F0CE
:105AE0001003A362F8E700BFFDF7E1FFFE0E1FFF02
:105AF000002373B5019390F824300446012B62D043
:105B0000012380F82430FFF74FFF0546002832D1EB
:105B1000A36A022023F4885323F0020343F0020314
:105B2000A3622A4B1E6800F01DFDB6FBF0F676005E
:105B30000196019B1BBB2046FFF798FE22689368E5
:105B400043F008039360FBF721FD064623689A683B
:105B5000110718D49A6842F004029A60FBF716FD08
:105B6000064623689B685B0723D4A36A23F00303DC
:105B700043F00103A362002384F8243016E0019B64
:105B8000013B0193D5E7FBF701FD801B0A28DDD916
:105B900023689B681807D9D5A36A012523F012034F
:105BA00043F01003A362002384F82430284602B097
:105BB00070BDFBF7EBFC801B0A28D2D923689B68D9
:105BC0005A07CED5E8E70225F0E700BF78000020AD
:105BD00007490302CA6803F4E06322F4E062120496
:105BE000120C134343F0BF6343F40033CB607047A0
:105BF00000ED00E0154B30B5DC68C4F30224C4F1BD
:105C00000703251D042B28BF0423062D4FF0FF3565
:105C100094BF0024033C05FA03F321EA0303A540E3
:105C200022EA0502A340002843EA0203ACBF00F1C8
:105C30006040074A4FEA0313DBB2ABBF00F5614097
:105C400000F00F0080F80033135430BD00ED00E089
:105C500014ED00E0002807DB01234109034A00F0AE
:105C60001F00834042F82130704700BF00E100E090
:105C700000280CDB01220649430900F01F00824086
:105C8000203341F82320BFF34F8FBFF36F8F70474E
:105C900000E100E090F821200346022A06D0042209
:105CA00082630120002283F8202070470268C06BC5
:105CB000116821F00E011160116821F001011160DD
:105CC00001211A6C01FA02F24260002083F82110CF
:105CD000E8E7000008B590F82130022B03D0042338
:105CE0008363012008BD03681A6822F00E021A605F
:105CF0001A6822F001021A60164A93421CD014322C
:105D000093421BD0143293421AD0143293421AD0C9
:105D1000143293421AD01432934214BF4FF080735E
:105D20004FF480130C4A53604FF480730384436B29
:105D300003B198470020D5E70123F3E71023F1E7EB
:105D40004FF48073EEE74FF48053EBE74FF480336A
:105D5000E8E700BF08000240000002402DE9F74FCD
:105D600000242646DFF888C1624BDFF88CE1DFF8BB
:105D70008C810A6832FA06F502D103B0BDE8F08FD3
:105D80000127B74002EA070537EA02027AD14A68DA
:105D9000032A07D8013A022A00F28380DFE802F0E2
:105DA00092979D00122A00F095806DD8112A00F07C
:105DB0008B80FF2D98BF81464FF00F0B88BF00F1FD
:105DC00004094FEA8602D9F8007088BF203A0BFA1E
:105DD00002FA27EA0A0704FA02F21743C9F8007028
:105DE000D1F8049019F0805F4CD0DCF8182026F030
:105DF000030742F00102CCF81820DCF8182007F164
:105E0000804702F00102019207F5803706F0030A8D
:105E1000019A4FEA8A0ABA680BFA0AFB22EA0B0BCC
:105E2000374A90425DD002F5806290425BD002F525
:105E30008062904259D002F58062904214BF0422E1
:105E4000032202FA0AF242EA0B02BA601A6819F453
:105E5000803F14BF2A43AA431A605A6819F4003FCE
:105E600014BF2A43AA435A609A6819F4801F14BFCA
:105E70002A43AA439A60DA6819F4001F14BF2A4320
:105E8000AA43DA60013674E7DFF878904A4508D013
:105E900010D8A9F580194A4503D0724501D0424572
:105EA00087D18A68DAB1012A4FF008040CBF076174
:105EB00047617EE7DFF850904A45F2D009F5803916
:105EC0004A45EDE7CC6874E7CC68043471E7CC68E8
:105ED00008346EE7CC680C346BE7002469E70424CF
:105EE00067E70022ADE70122ABE70222A9E700BF86
:105EF00000100240000401400000211000001110B9
:105F0000000801400000221000003110836819428F
:105F100014BF0120002070470AB1016170470904D5
:105F2000FBE7C36801EA030221EA030141EA0241F7
:105F300001617047044A08B55169014202D05061BD
:105F4000FCF798FB08BD00BF000401402DE9F341B8
:105F5000054638B30368DB0710D42B689F075ED46F
:105F60002B68190700F195802B685A0700F1C18052
:105F7000EB69002B40F02C81002029E0904C6368F5
:105F800003F00C03042B07D0636803F00C03082B09
:105F90000AD16368DE0307D523689C03DDD56B68EF
:105FA000002BDAD1012013E06B68B3F5803F12D1EA
:105FB000236843F480332360FBF7E8FA064623683E
:105FC0009803CAD4FBF7E2FA801B6428F7D90320B0
:105FD00002B0BDE8F0819BB9236823F480332360CD
:105FE000236823F480232360FBF7D0FA0646236856
:105FF0009903B2D5FBF7CAFA801B6428F7D9E6E704
:10600000B3F5A02F236803D143F480232360CFE7A7
:1060100023F480332360236823F48023CBE7684C88
:10602000636813F00C0F07D0636803F00C03082BB0
:1060300010D16368DA030DD423689B0702D52B695E
:10604000012BAFD123686A6923F0F80343EAC20346
:10605000236085E72A695B4B6AB101221A60FBF76E
:1060600095FA064623689F07ECD4FBF78FFA801B4E
:106070000228F7D9ABE71A60FBF788FA06462368CF
:1060800098077FF56DAFFBF781FA801B0228F6D9E0
:106090009DE7AA694A4E4B4BE2B10122C3F8802426
:1060A000FBF774FA0446736A9B070DD54FF4FA5256
:1060B000454B1B68B3FBF2F3019300BF019B5A1ED3
:1060C0000192002BF9D14FE7FBF760FA001B022881
:1060D000E9D97CE7C3F88024FBF758FA0446736AD1
:1060E0009F077FF541AFFBF751FA001B0228F6D955
:1060F0006DE7334CE369D80024D40127E36943F00A
:106100008053E361E36903F080530093009B2F4EBB
:106110003368D90518D5EB68012B26D1236A43F0E3
:1061200001032362FBF732FA41F288380646236AFC
:106130009B073FD5002F3FF41BAFE36923F080534B
:10614000E36115E70027E2E7336843F480733360C7
:10615000FBF71CFA80463368DA05DCD4FBF716FA45
:10616000A0EB08006428F6D931E7ABB9236A41F205
:10617000883823F001032362236A23F00403236297
:10618000FBF704FA0646236A9807D3D5FBF7FEF916
:10619000801B4045F7D91AE7052B236A03D143F04A
:1061A00004032362BAE723F001032362236A23F086
:1061B0000403B6E7FBF7EAF9801B4045B7D906E7C9
:1061C00000100240000042427800002000700040B1
:1061D0002A4C626802F00C02082A3ED00022022BF0
:1061E000274B1A662CD1FBF7D1F906462368990193
:1061F00020D42B6AB3F5803F05D16268A96822F4E8
:1062000000320A436260696A62680B4322F47412C6
:106210001343012263601A4B1A66FBF7B7F9054670
:1062200023689A013FF5A8AEFBF7B0F9401B02289E
:10623000F6D9CCE6FBF7AAF9801B0228D6D9C6E628
:10624000FBF7A4F9054623689B017FF595AEFBF7A4
:106250009DF9401B0228F6D9B9E6012B3FF4A2AE06
:1062600060682B6A00F480329A427FF49BAE6B6ABE
:1062700000F47010C01A18BF0120A9E600100240F7
:106280000000424230B5184B87B002AC03F1100554
:10629000224618685968083303C2AB421446F7D146
:1062A00040F201231149ADF804304B6803F00C02B1
:1062B000082A17D1C3F3834218326A44DB0312F869
:1062C000100C0CD54B680A4AC3F3404350431833B3
:1062D0006B4413F8143CB0FBF3F007B030BD054B32
:1062E0005843FAE70248F8E72CB3000800100240D0
:1062F00000127A0000093D002DE9F0410D460446E8
:1063000010B90120BDE8F081444A136803F0070387
:106310008B4228D321688E0730D4CA0743D43F4A22
:10632000136803F00703AB4265D822683C4D12F0B6
:10633000040F6CD1130706D56B68226923F46053F0
:1063400043EAC2036B60FFF79DFF6B68354AC3F3F6
:106350000313D35CD840344B1860344B1868FBF7F8
:10636000F5F80020CEE7136823F007030B43136012
:10637000136803F007038B42C3D1CBE7284B11F01E
:10638000040F1EBF5A6842F4E0625A60080742BF19
:106390005A6842F460525A605A68A06822F0F002CB
:1063A00002435A60B9E762681D4E012A33681AD168
:1063B00013F4003FA5D0736841F2883823F003033B
:1063C00013437360FBF7E2F807467368626803F0F3
:1063D0000C03B3EB820FA2D0FBF7D8F8C01B4045EB
:1063E000F3D903208EE7022A02D113F0007FE1E700
:1063F00013F0020FDEE7136823F007032B4313604B
:10640000136803F00703AB427FF47BAF8DE76B6843
:10641000E16823F4E0630B436B608BE700200240EC
:10642000001002401CB3000878000020800000200B
:10643000044B054A5B68C3F30223D35C034A10682C
:10644000D84070470010024014B3000878000020C4
:10645000044B054A5B68C3F3C223D35C034A10684C
:10646000D84070470010024014B3000878000020A4
:1064700003682DE9F3410546D80721D5364CE36979
:10648000D9002BD40126E36943F08053E361E3692B
:1064900003F080530193019B304F3B68DA051FD511
:1064A000236A6A6813F440732ED1236A6A6823F45E
:1064B0004073134323621EB1E36923F08053E36109
:1064C0002A68910706D52449A8684B6823F44043FD
:1064D00003434B60D30636D4002012E00026DBE7EE
:1064E0003B6843F480733B60FBF750F880463B68A1
:1064F000DB05D5D4FBF74AF8A0EB08006428F6D9F1
:10650000032002B0BDE8F08102F440729A42CCD080
:106510000120134A236AC2F84004002023F440718A
:10652000DF07C2F840042162BFD5FBF72FF841F224
:1065300088380746236A9807B7D4FBF727F8C01BAB
:106540004045F7D9DCE7044AE968536823F480033F
:106550000B435360C0E700BF0010024000700040D2
:1065600000004242024670B5334B86B002AD03F1E3
:1065700010062C4618685968083303C4B3422546F0
:10658000F7D140F20123022AADF8043047D0102A97
:1065900003D0012A24D0002036E0284A5168106830
:1065A00010F0807030D0C1F3834318336B44C903BB
:1065B00013F8100C49BF5368214BC3F34043183301
:1065C00041BF6B4413F8141C1E4BB3FBF1F358434B
:1065D00053685B0218D403234000B0FBF3F013E0D0
:1065E00040F20231154A136A1940B1F5817F1FD07C
:1065F00003F44073B3F5007F08D149F64043506A75
:1066000010F0020018BF184606B070BDB3F5407F09
:10661000C1D110684FF2244310F40030F2E7FFF7C5
:1066200017FF064B5B68C3F3813301335B00D4E78C
:106630004FF40040E8E700BF2CB300080010024010
:1066400000093D0000127A00036A70B523F00103CF
:106650000362036A446882690D6822F073022A4368
:106660008D6823F002032B430A4DA8420BD1CD685D
:1066700023F008032B4324F44074D1E90556354335
:1066800023F004032C43446082614A68426303623E
:1066900070BD00BF002C0140036A70B523F4807305
:1066A0000362036A4468C2690D6822F073022A43D8
:1066B0008D6823F4007343EA05230B4DA8420DD1E6
:1066C000CD6823F4006343EA052324F44054D1E960
:1066D0000556354323F4806344EA05144460C261DF
:1066E0004A68C263036270BD002C0140036A30B582
:1066F00023F480530362036A4468C2690D6822F47C
:10670000E64242EA05228D6823F4005343EA05334A
:10671000064DA84202BF4D6924F4804444EA851422
:106720004460C2614A680264036230BD002C0140CB
:10673000034630B590F83E0093F83F2093F842505E
:1067400093F84340C0B2D2B2EDB2E4B2C1B901286D
:1067500045D1012D13D1022283F83E2083F8422037
:106760001A68116A21F001011162116A41F00101F8
:10677000002011621A68136843F00103136030BDF2
:10678000042911D1012A2AD1012C28D1022283F80F
:106790003F2083F843201A68116A21F0100111622A
:1067A000116A41F01001E3E7012818D1012AE6D16E
:1067B000012DE4D1012CE2D1022283F83E2083F89E
:1067C0003F2083F8422083F843201A68116A21F0A1
:1067D00001011162116A41F001011162DCE701203F
:1067E000CDE700001A4A036890420AD0B0F1804F0A
:1067F00007D0A2F59432904203D002F58062904215
:1068000015D14A6823F070031343114A90420AD00D
:10681000B0F1804F07D0A2F59432904203D002F538
:106820008062904203D1CA6823F4407313434A69DB
:1068300023F08003134303608B68C3620B68836299
:10684000034B984204BF0B69036301234361704704
:10685000002C014010B5044630B390F83D3003F0F1
:10686000FF021BB980F83C20FEF7A2FC022320683F
:1068700084F83D30211DFFF7B5FF0123002084F887
:10688000463084F83E3084F83F3084F8403084F855
:10689000413084F8423084F8433084F8443084F83E
:1068A000453084F83D3010BD0120FCE7F8B50D46B9
:1068B000044600284CD090F83D3003F0FF021BB98D
:1068C00080F83C20FEF79AFC0223214684F83D30F4
:1068D00051F8040B836823F4804323F0070383609B
:1068E000FFF780FF81682A688369AE691143AA684F
:1068F00023F4407323F0030342EA06221A432B6970
:10690000EE691B0143EA0623EE6822F47C4233431E
:106910002E6A22F0FC0243EA0633076A6E691343CB
:106920006A6827F0220742EA0612816017438361F2
:1069300001230762002084F8463084F83E3084F852
:106940003F3084F8423084F8433084F83D30F8BD5D
:106950000120FCE7036A70B523F010030362036AA9
:10696000446882690D6822F4E64242EA05228D6895
:1069700023F0200343EA05130B4DA8420DD1CD6847
:1069800023F0800343EA051324F44064D1E905565B
:10699000354323F0400344EA8504446082614A6839
:1069A0008263036270BD00BF002C014038B590F8CF
:1069B0003C300446012B4ED00123082A80F83C309D
:1069C00039D006D8BAB1042A25D0002084F83C007A
:1069D00038BD0C2AF9D10068FFF788FEC3690A693F
:1069E00043F40063C361C36923F48063C361C36973
:1069F00043EA02232DE00068FFF726FE83690A6957
:106A000043F008038361836923F00403836183698E
:106A100013438361D9E70068FFF79CFF83690A6924
:106A200043F400638361836923F480638361836932
:106A300043EA0223EDE70068FFF72EFEC3690A6907
:106A400043F00803C361C36923F00403C361C3694E
:106A50001343C361B9E70220BAE710B50124036A02
:106A600001F01F018C4023EA04030362036A8A4099
:106A70001A43026210BD000008B529B990F83E30F3
:106A8000012B1DD001202EE0042907D190F83F30C2
:106A9000012BF7D1022380F83F3014E0082907D1F9
:106AA00090F84030012BEDD1022380F840300AE00D
:106AB00090F84130012BE5D1022380F8413002E00B
:106AC000022380F83E3000680122FFF7C6FF0F4B1B
:106AD000984209D0B0F1804F0BD1836803F00703CF
:106AE000062B0DD1002008BD436C43F400434364E2
:106AF000F3E7074B9842F0D003F580639842ECD05F
:106B0000036843F001030360ECE700BF002C014081
:106B100000040040FFF7B0BF30B590F83C300246AB
:106B2000012B4FF0020022D0136882F83D005C6810
:106B30000D6824F070042C4398685C600C4CA342F0
:106B40000AD0B3F1804F07D0A4F59434A34203D008
:106B500004F58064A34204D1496820F08000014319
:106B600099600123002082F83D3082F83C0030BD5E
:106B7000002C014090F83C300246012B1ED0CB681F
:106B8000886823F440730343486823F48063034315
:106B9000086823F400630343086923F48053034324
:106BA000486923F4005303430020C96923F4804358
:106BB0000B4311684B6482F83C0070470220704719
:106BC0000368DA6822F49072DA605A6922F00102EE
:106BD0005A61026B012A02BFDA6822F01002DA6001
:106BE000202380F83E3000230363704710B504462D
:106BF0000368C1681A6922F440520A431A61826824
:106C00000069D9680243606921F4B05121F00C0198
:106C100002430A43DA605A69A16922F440720A43C6
:106C20005A610E4A934215D1FFF712FC19234343D0
:106C3000626820689200B3FBF2F36422B3FBF2F1C6
:106C400002FB11331B013233B3FBF2F303EB0113ED
:106C5000836010BDFFF7ECFBE8E700BF00380140A0
:106C6000F8B504460E4617461D462268136836EAF4
:106C7000030301D1002014E06B1CF7D095B9236801
:106C80000320DA6822F4D072DA605A6922F0010235
:106C90005A61202384F83D3084F83E30002384F884
:106CA0003C30F8BDFAF772FCC01B8542DDD2E6E746
:106CB00010B5044640B390F83D3003F0FF021BB915
:106CC00080F83C20FEF7F0FB2423226884F83D3056
:106CD000D368204623F40053D360FFF787FF23686F
:106CE00000201A6922F490421A615A6922F02A029D
:106CF0005A61DA6842F40052DA602023206484F892
:106D00003D3084F83E3010BD0120FCE72DE9F8430A
:106D1000984690F83D300446202B0E46174648D141
:106D2000002944D0002A42D090F83C30012B40D0BA
:106D30000123002580F83C302123056480F83D3094
:106D4000FAF724FCA3688146B3F5805FA784E78443
:106D500003D123690BB935461E46002384F83C3025
:106D6000E38C9BB253B943464A4640212046FFF785
:106D700077FF50B9202384F83D3007E043464A4668
:106D800080212046FFF76CFF10B10320BDE8F88397
:106D900022684EB935F8023BC3F308035360E18C17
:106DA000013989B2E184DBE716F8013BF6E70120FF
:106DB000ECE70220EAE72DE9F8431F4690F83E3061
:106DC0000446202B0E4691464FD100294BD0002A75
:106DD00049D090F83C30012B47D00123002580F8A2
:106DE0003C302223056480F83E300563FAF7CEFB81
:106DF000A3688046B3F5805FA4F82C90A4F82E9089
:106E000003D123690BB935461E46002384F83C3074
:106E1000E08D80B220B9202384F83E30BDE8F883AD
:106E20003B46424620212046FFF71AFFF8B9236867
:106E30004EB95B68C3F3080325F8023BE38D013BC1
:106E40009BB2E385E4E7A268B2F5805F02D032B975
:106E5000226922B95968C9B206F8011BEEE75968E0
:106E600001F07F01F8E70120D8E70220D6E70320F0
:106E7000D4E77047704708B50023406AC385C384D0
:106E8000FFF7F8FF08BD704790F83E3007B5222B9A
:106E900037D181680268B1F5805F836A34D10169B6
:106EA000002934D15268C2F3080223F8022BC28DA4
:106EB0008362013A92B2C2851ABB0368D96821F095
:106EC0002001D960D96821F48071D960596921F015
:106ED00001015961202180F83E10016B012920D168
:106EE0000263D96821F01001D9601968C90605D577
:106EF00001921A6801925B680193019B818DFFF7F3
:106F0000C2FF03B05DF804FB39B9016929B95268C1
:106F1000D2B21A70836A0133C9E7526802F07F0265
:106F2000F7E7FBF789F8ECE7036837B51A6804461A
:106F300012F00F0FD9685D6908D195065FD58D06EF
:106F40005DD503B0BDE83040FFF79EBF05F00100FE
:106F500001F49075054352D0D50705D5CB0542BF46
:106F6000236C43F001032364550704D518B1236C47
:106F700043F002032364930704D518B1236C43F054
:106F800004032364150707D501F0200303431EBF44
:106F9000236C43F008032364236C53B3920604D597
:106FA0008B0602D52046FFF76FFF216820464B690C
:106FB000226C03F0400302F0080253EA02051AD0E3
:106FC000FFF7FEFD4B695D0610D54B69A06B23F002
:106FD00040034B6150B1534B4363FEF77BFE40B11E
:106FE000A06B436B03B0BDE8304018472046FFF765
:106FF00041FF03B030BDFFF73DFF2564F9E7206B8B
:10700000012855D1D00653D5CD0651D50021019187
:107010001A6801925A680192019A5A6912F0400264
:107020002AD0A06B0268526892B2002AE1D0A58DE6
:107030009542DED9E2858269202A15D0DA6822F4E9
:107040008072DA605A6922F001025A615A6922F0AC
:1070500040025A61202284F83E202163DA6822F03F
:107060001002DA60FEF716FEE38DA18DC91A89B20F
:107070002046FFF708FFBCE7E08DE58DA18DADB29E
:1070800080B2002DB5D0091A89B20029B1D0D868D4
:1070900020F49070D860586920F0010058612020D9
:1070A00084F83E002263DA6822F01002DA60DFE73B
:1070B000100626D50D0624D594F83D20212A98D116
:1070C000A168226AB1F5805F16D12169A1B932F8B1
:1070D000021BC1F3080159602262E28C013A92B2AC
:1070E000E284002A85D1DA6822F08002DA60DA6868
:1070F00042F04002DA607CE7511C216212785A604B
:10710000EBE750067FF575AF4A067FF572AFDA6898
:10711000204622F04002DA60202384F83D30FFF759
:10712000A8FE66E7776E0008C28582858162034605
:1071300022220020186483F83C0083F83E201B685C
:10714000DA6842F48072DA605A6942F001025A61E8
:10715000DA6842F02002DA60704770B490F83E605E
:10716000202E0DD149B142B190F83C40012C07D0FE
:107170000024046370BCFFF7D7BF012070BC7047C8
:107180000220FBE7002310B50446C0E90033C0E944
:107190000433836081814366C2818361194608227A
:1071A0005C3000F0BDFA0D4B246263620C4BA362AD
:1071B0000C4BE3620C4B23630C4B9C4206D003F157
:1071C0006802944202D0D0339C4205D104F15800A9
:1071D000BDE8104000F01CBB10BD00BF5175000899
:1071E00073750008AB750008CF75000820080020F3
:1071F000024A0349034800F069B800BF8400002038
:10720000B98000089400002041680C4B10B59942E9
:10721000044601D000F050FFA168094B994202D00A
:10722000204600F049FFE168064B994204D0204611
:10723000BDE8104000F040BF10BD00BF2008002096
:1072400088080020F008002010B50B4B0B4C0C4AAE
:1072500020461A6004210022FFF794FF04F1680021
:1072600001220921FFF78EFF04F1D0000222BDE8C0
:1072700010401221FFF786BF580900202008002087
:10728000F1710008014800F0C4BA00BF6109002094
:10729000014800F0BFBA00BF6109002010B50446E4
:1072A000FFF7F0FF236A1BB1BDE81040FFF7F0BF06
:1072B000044B2362044B1B68002BF5D1FFF7C4FF7E
:1072C000F2E700BF09720008580900202DE9F843D1
:1072D0000746884614460026D4E90195B9F101090C
:1072E00005D52468002CF7D13046BDE8F883AB897A
:1072F000012B07D9B5F90E30013303D029463846A2
:10730000C04706436835E9E70FB407B5064904AB43
:10731000086853F8042B8168019300F0A3FB03B0C5
:107320005DF804EB04B0704790000020036A70B56C
:1073300005460E4684680BB9FFF7B0FF636EDB07A6
:1073400005D4A389980502D4A06D00F062FAA38940
:10735000190702D52369002B35D12146284600F0B4
:1073600079F980B34FF0FF35636EDA0705D4A3894E
:107370009B0502D4A06D00F04DFA284670BD002B8D
:1073800004DAA2699A4217DC0A2915D023685A1C2C
:1073900022601970A36816F8011F013BA360002941
:1073A000EDD1002B11DA22460A21284600F013F90C
:1073B0000130D7D00A25D7E72246284600F00BF93E
:1073C0000130E7D1CEE7013EE4E723685A1C226092
:1073D0000A221A70EEE70000024B01461868FFF718
:1073E000A5BF00BF900000202DE9F7431D46574B75
:1073F00004461F680E46904627B13B6A13B93846CB
:10740000FFF74CFFB8F1020F06D0B8F1010F00F200
:107410009A80002DC0F29780636ED90705D4A389A6
:107420009A0502D4A06D00F0F4F92146384600F028
:1074300043FE616B41B104F14403994202D03846E6
:1074400000F0EAF9002363630023A3616360A3896A
:107450001B0603D53846216900F0DEF9A389B8F18F
:10746000020F23F44A6323F00303A38161D001AB2D
:107470006A462146384600F047FEA3891843A0819A
:107480002DBB009D284600F00FFA0646002852D179
:10749000DDF80090A94540D14FF0FF35B4F90C302C
:1074A00043F00202A2810022A26004F1470222609E
:1074B000226101226261626ED60704D4980502D46B
:1074C000A06D00F0A7F9284603B0BDE8F083002EB8
:1074D000D8D03B6A13B93846FFF7E0FEB8F1010F88
:1074E00008BFA389C4E9046504BF43F00103A38175
:1074F000B4F90C30266013F008021ED0D90741BF42
:1075000000226D42A260A56158BFA560626ED207DD
:1075100001D49B0513D50025D5E7484600F0C4F9F2
:1075200006460028B8D0A3894D4643F08003A381C6
:10753000CFE70025B2E7A946F5E7A260E6E7A06D30
:1075400000F068F9E7E74FF0FF35BCE79000002056
:1075500010B50C46B1F90E1000F00CF90028ABBFC5
:10756000636DA3891B1823F48053ACBF6365A381AB
:1075700010BD2DE9F0411F468B890546DB050C4601
:10758000164605D502230022B1F90E1000F0E0F8EE
:10759000A389324623F48053A38128463B46B4F99D
:1075A0000E10BDE8F04100F0F7B810B50C46B1F987
:1075B0000E1000F0CDF8431CA38915BF606523F4BD
:1075C000805343F48053A38118BFA38110BDB1F948
:1075D0000E1000F0ADB8F8B50E461446054618B1C9
:1075E000036A0BB9FFF75AFEA369A360A3891A07C0
:1075F00001D5236943B92146284600F02BF818B17C
:107600004FF0FF373846F8BD23682269F6B2981A62
:1076100063693746834205DC2146284600F04CFD6D
:107620000028EDD1A368013BA36023685A1C2260A7
:107630001E706269431C9A4204D0A389DB07E1D51E
:107640000A2EDFD12146284600F036FD0028D9D089
:10765000D6E7000038B5294B054618680C4618B126
:10766000036A0BB9FFF71AFEB4F90C30190722D4DC
:10767000DA0607D409222A6043F040034FF0FF30B6
:10768000A38133E0580712D5616B41B104F1440383
:10769000994202D0284600F0BFF800236363A38913
:1076A00023F02403A3810023636023692360A3895B
:1076B00043F00803A38123694BB9A38903F4207322
:1076C000B3F5007F03D02146284600F042FDB4F90F
:1076D0000C3013F001020AD00022A260626952420B
:1076E000A261226942B913F08000C5D138BD990763
:1076F00058BF6269A260F4E70020F7E7900000201D
:1077000010B501390244904201D1002005E0037810
:1077100011F8014FA34201D0181B10BD0130F2E750
:1077200003460244934200D1704703F8011BF9E776
:1077300038B50023054D044608462B60FDF746FC8E
:10774000431C02D12B6803B1236038BD5C090020C3
:1077500038B50446084611460022054D2A601A46EF
:10776000FDF740FC431C02D12B6803B1236038BDF8
:107770005C09002038B50446084611460022054D34
:107780002A601A46FDF736FC431C02D12B6803B170
:10779000236038BD5C09002038B504460846114610
:1077A0000022054D2A601A46FDF7F6FB431C02D164
:1077B0002B6803B1236038BD5C090020014B1868B9
:1077C000704700BF9000002070B500260C4D0D4C96
:1077D000641BA410A64209D102F0FAF800260A4D53
:1077E0000A4C641BA410A64205D170BD55F8043B99
:1077F00098470136EEE755F8043B98470136F2E723
:1078000018B4000818B4000818B400081CB4000824
:10781000704770477047000038B50546002940D0D2
:1078200051F8043C0C1F002BB8BFE41800F0E6F838
:107830001C4A136833B9636014602846BDE83840B9
:1078400000F0E2B8A34208D9206821188B4201BF9A
:1078500019685B6809182160EDE71A465B680BB18F
:10786000A342FAD911685018A0420BD120680144F4
:10787000501883421160E0D118685B6808441060BA
:107880005360DAE702D90C232B60D6E72068211871
:107890008B4201BF19685B680918216063605460FE
:1078A000CBE738BD68090020024B0146186800F09C
:1078B00025B800BF9000002070B50F4E0C4631680F
:1078C000054611B900F0A4FC30602146284600F0BE
:1078D0009FFC431C03D14FF0FF34204670BDC41CF5
:1078E00024F00304A042F8D0211A284600F090FCAE
:1078F0000130F2D1EFE700BF640900202DE9F84321
:10790000CD1C25F0030508350C2D38BF0C25002DA6
:10791000064601DBA94204D90C2333600020BDE8F0
:10792000F883DFF8D48000F069F8D8F800301C46FE
:1079300044BB29463046FFF7BFFF431C044658D1DD
:10794000D8F800402746002F43D1002C4BD02368A5
:107950003946304604EB030900F05AFC814542D118
:10796000216830466D1A2946FFF7A6FF01303AD04C
:1079700023682B442360D8F800305A6862BBC8F8EB
:1079800000700FE02268521B20D40B2A17D961190E
:10799000A342256018BF5960636808BFC8F800108B
:1079A00062514B60304600F02FF804F10B00231DAC
:1079B00020F00700C21A1CBF1B1AA350AFE7626871
:1079C000A3420CBFC8F800205A60EBE72346646866
:1079D000AEE73C467F68B6E71A465B68A342FBD138
:1079E00000235360DEE70C233046336000F00CF8D0
:1079F00094E70560D6E700BF680900200148FFF75B
:107A000008BF00BF600900200148FFF703BF00BFA7
:107A100060090020936810B4013B002B936007DAE3
:107A20009469A34201DB0A2902D110BCFFF7D3BD40
:107A30001368581C10601970084610BC7047F8B5E0
:107A400006460F461446D518AC4201D1002007E087
:107A50003A46304614F8011BFFF7DCFF431CF3D114
:107A6000F8BD00002DE9F04F0D4614469846064635
:107A70009DB018B1036A0BB9FFF710FC6B6ED90704
:107A800005D4AB899A0502D4A86DFFF7C2FEAB8975
:107A90001B0701D52B699BB929463046FFF7DAFD54
:107AA00070B16B6EDC0704D54FF0FF301DB0BDE840
:107AB000F08FAB899805F7D4A86DFFF7ABFEF3E71D
:107AC0000023099320238DF8293030234FF001093A
:107AD000CDF80C80DFF8A8818DF82A3023469A462D
:107AE00013F8012B0AB1252AF9D1BAEB040B0BD0FC
:107AF0005B46224629463046FFF7A1FF013000F0E1
:107B0000A780099A5A4409929AF80030002B00F095
:107B10009F8000234FF0FF32CDE905230AF1010ACF
:107B2000049307938DF853301A935446052214F8A2
:107B3000011B534800F07CFB049AD8B9D10644BF1E
:107B400020238DF85330130744BF2B238DF8533077
:107B50009AF800302A2B15D0544600204FF00A0C1A
:107B6000079A214611F8013B303B092B4BD9B0B1A4
:107B7000079214E0A0EB080309FA03F31343A246AB
:107B80000493D2E7039B191D1B680391002BBBBF15
:107B90005B4242F0020207930793B8BF0492237836
:107BA0002E2B0AD163782A2B32D1039B02341A1D63
:107BB0001B68039243EAE3730593DFF8C8A003222E
:107BC0005046217800F034FB38B14022049BA0EBF2
:107BD0000A00824013430134049314F8011B062267
:107BE00029488DF8281000F023FB00283FD0274BB0
:107BF0001BBB039B073323F0070308330393099B45
:107C00003B4409936AE70C4601200CFB0232A8E7CB
:107C100000234FF00A0C194601340593204610F852
:107C2000012B303A092A03D9002BC6D00591C4E7AD
:107C3000044601230CFB0121F0E703AB00932A4625
:107C40003046134B04A9AFF300800746781CD6D109
:107C50006B6ED90705D4AB899A0502D4A86DFFF7DE
:107C6000D9FDAB895B063FF51FAF09981EE703AB53
:107C700000932A463046064B04A900F07DF8E4E75D
:107C80003DB3000843B3000847B3000800000000FC
:107C90003F7A00082DE9F047164698468A680B6936
:107CA00007469342B8BF1346336091F843200C4611
:107CB000DDF820900AB1013333602368990642BF92
:107CC000336802333360256815F0060506D104F1E8
:107CD000190AE36832689B1AAB422BDC94F84330F4
:107CE0002268003B18BF0123920630D44146384633
:107CF00004F14302C847013023D02368226903F00E
:107D00000603042B14BF002533684FF0000608BF9C
:107D1000E56804F11A0408BFED1A54F8123C08BFD4
:107D200025EAE5759342C4BF9B1AED18B5421AD1F6
:107D3000002008E00123524641463846C84701303A
:107D400003D14FF0FF30BDE8F0870135C1E73020A7
:107D5000E11881F843005A1C94F84510224402337C
:107D600082F84310C2E70123224641463846C847FD
:107D70000130E6D00136D9E72DE9FF470F7E914665
:107D8000782F80460C469A460C9E01F1430207D894
:107D9000622F0AD8002F00F0D380582F00F0BA804D
:107DA00004F1420684F842703AE0A7F16303152B10
:107DB000F6D801A151F823F0117E0008257E0008B5
:107DC000A17D0008A17D0008A17D0008A17D00081B
:107DD000257E0008A17D0008A17D0008A17D000886
:107DE000A17D0008277F00084F7E0008E17E000883
:107DF000A17D0008A17D0008497F0008A17D000841
:107E00004F7E0008A17D0008A17D0008E97E0008E2
:107E100033681A1D1B68326004F1420684F8423050
:107E200001239EE033682068191D3160060601D5E4
:107E30001D6803E04506FBD5B3F90050002D03DAB9
:107E40002D236D4284F843300A23594811E02168FC
:107E50003368080653F8045B02D4490648BFADB244
:107E60006F2F336014BF0A2308235148002184F880
:107E700043106668002EA8BF2168A660A4BF21F049
:107E8000040121600DB9002E4BD01646B5FBF3F16D
:107E900003FB1157C75D06F8017D2F46BB420D4617
:107EA000F4D9082B0BD12368DF0708D52369616853
:107EB0009942DEBF302306F8013C06F1FF36921BE3
:107EC00022614B4621464046CDF800A003AAFFF7A9
:107ED000E1FE01304AD14FF0FF3004B0BDE8F08739
:107EE000236843F0200323607827324884F84570E4
:107EF000236831681F0651F8045B02D45F0648BF4F
:107F0000ADB23160D90744BF43F0200323601DB1F7
:107F10001023ABE72648E9E7236823F0200323601A
:107F2000F6E71646BDE733682568181D61693060BD
:107F30002E061B6801D5196002E06806FBD5198082
:107F4000002316462361BCE7336800211A1D326006
:107F50001E686268304600F06BF908B1801B6060F3
:107F600063682361002384F84330AAE73246494618
:107F700040462369D0470130ADD023689B0713D416
:107F8000E068039B9842B8BF1846A6E70123324633
:107F900049464046D04701309DD00135E3680399FA
:107FA0005B1AAB42F2DCEBE7002504F11906F5E7BA
:107FB0004EB300085FB30008B1F90C20F8B51607FE
:107FC00005460C4654D44B68002B02DC0B6C002B8E
:107FD00048DDE66A002E45D0002312F480522F6857
:107FE000216A2B6030D0626DA389590705D563687B
:107FF000D21A636B0BB1236CD21A00232846E66AAF
:10800000216AB047431CA38906D129681D292BD8B2
:10801000284A0A41D60727D4002262602269D9047F
:10802000226004D5421C01D12B6803B96065616BE5
:108030002F60B9B104F14403994202D02846FFF7FA
:10804000EBFB002363630DE001232846B0470246A3
:10805000501CC9D12B68002BC6D01D2B01D0162B6C
:108060001DD12F60002021E043F040031BB21AE035
:108070000F69002FF6D0930718BF00230E6808BFC2
:108080004B69F61B0F608B60002EEBDD33463A46E2
:108090002846216AD4F828C0E047002807DCB4F954
:1080A0000C3043F040034FF0FF30A381F8BD07448C
:1080B000361AE9E7FEFFBFDF38B50B6905460C4607
:1080C00013B90025284638BD18B1036A0BB9FFF76C
:1080D000E5F8B4F90C30002BF3D0626ED00704D46D
:1080E000990502D4A06DFFF794FB28462146FFF7BF
:1080F00063FF636E0546DA07E4D4A3899B05E1D4E8
:10810000A06DFFF787FBDDE770B50C46B1F90E10E7
:10811000154600291E4696B00CDAA389002113F0FB
:10812000800F14BF40234FF48063002031602B6028
:1081300016B070BD6A4600F049F80028EDDB0199E1
:1081400001F47041A1F50053594259414FF4806345
:10815000EBE78B89F7B59D0706460C4607D504F17A
:108160004703236023610123636103B0F0BD6A46C6
:1081700001ABFFF7C9FF009F054639463046FFF7C0
:10818000BDFB48B9B4F90C309A05EED423F00303D3
:1081900043F00203A381E2E7A389C4E9040743F0A3
:1081A0008003A381019B20605BB13046B4F90E10BF
:1081B00000F01EF828B1A38923F0030343F0010364
:1081C000A381A3891D43A581CFE7000038B5002313
:1081D000064D0446084611462B60FCF723FF431C5E
:1081E00002D12B6803B1236038BD00BF5C090020B9
:1081F00038B50023054D044608462B60FCF7C0FE49
:10820000431C02D12B6803B1236038BD5C090020F8
:1082100038B50023054D044608462B60FCF74AFF9D
:10822000431C02D12B6803B1236038BD5C090020D8
:10823000034610B5C9B202449342184601D100204A
:1082400003E0047801338C42F6D110BDF8B5044642
:108250000D4600F0C1F8224606460F462B46204642
:108260002946F8F7CBFB88B92046294600F080F86C
:108270000022084BF8F7B8FB40B1FFF79FFA212323
:1082800003600548BDE8F84000F07CB83046394648
:10829000F8BD00BF0000F03F71A4000800F098BADC
:1082A0002DE9F84314461D468046894600F064FBDC
:1082B000224606460F462B4620462946F8F79EFBE7
:1082C000C8BB0022002340464946F8F765FBB8B119
:1082D0000022002320462946F8F75EFB002841D102
:1082E0002046294600F048F828B300220023204603
:1082F0002946F8F75BFBF0B1FFF760FA222319E09B
:108300003046394600F038F8C8B94046494600F0D2
:1083100033F8A0B12046294600F02EF878B1324655
:108320003B4630463946F8F769FB0028E4D0FFF7B2
:1083300045FA2123036030463946BDE8F883002220
:10834000002330463946F8F727FB0028F3D0404693
:10835000494600F011F80028EDD02046294600F0EB
:108360000BF8C8E70026014FE5E700BF0000F03F2B
:1083700021F000431946704741F0004000F580109D
:10838000C00F704700200149704700BF0000F87F10
:10839000C0F3C7537F3B162B014610B514DC002BEE
:1083A00007DA013300F0004101D141F07E51084667
:1083B00010BD084A1A410242F9D04FF48001194118
:1083C000014421EA0201F2E7802BF0D1F8F7AAFB81
:1083D0000146ECE7FFFF7F002DE9F04FC44B21F091
:1083E000004687B09E4204460D46019129D906F108
:1083F000404606F58016064314D1A3A3D3E9002313
:10840000F8F762F8A2A3D3E9002306460F462046F8
:108410002946F8F759F802460B4630463946F7F731
:108420009DFE07E002460B46F7F796FE02460B4616
:10843000F8F774F904460D462046294607B0BDE812
:10844000F08FAC4B9E420ED8B6F1795F80F0AB80D6
:1084500091A3D3E90023F7F781FE0022A64BF8F79A
:10846000C3FA0028E8D120462946FFF781FF0246DB
:108470000B460020A049F7F76FFE00229F4BF8F74C
:1084800023F887A3D3E9002304460D46F8F71CF828
:1084900085A3D3E90023F7F761FE22462B46F8F7C0
:1084A00013F883A3D3E90023F7F756FE22462B46A1
:1084B000F8F70AF880A3D3E90023F7F74FFE224626
:1084C0002B46F8F701F87EA3D3E90023F7F744FE23
:1084D00022462B46F7F7F8FF7BA3D3E90023F7F7F3
:1084E0003DFE22462B46F7F7EFFF79A3D3E90023A1
:1084F000CDE9020120462946F7F7E6FF76A3D3E946
:108500000023F7F729FE22462B46F7F7DDFF74A379
:10851000D3E90023F7F722FE22462B46F7F7D4FFD4
:1085200071A3D3E90023F7F717FE22462B46F7F78E
:10853000CBFF714B0022F7F711FECDE90401204675
:10854000294601F06FF96E4B82469E428B4640F2FF
:10855000D980DDE90423DDE90201F8F7DFF85246AE
:108560005B46F7F7B1FF52465B46F7F7F7FD024669
:108570000B46F7F7F3FD46A3D3E90023F7F7ECFD2D
:1085800002460B4640A1D1E90001F7F7E5FD019B4A
:108590000446002BDCBF024601F100430D46DCBF60
:1085A00014461D4648E702460B46F7F78DFF3CA3ED
:1085B000D3E9002306460F46F7F786FF3AA3D3E92F
:1085C0000023F7F7CBFD32463B46F7F77DFF38A394
:1085D000D3E90023F7F7C0FD32463B46F7F774FFB7
:1085E00035A3D3E90023F7F7B9FD32463B46F7F749
:1085F0006BFF33A3D3E90023F7F7AEFD32463B46CA
:10860000F7F762FF30A3D3E90023F7F7A7FD32465F
:108610003B46F7F759FF2EA3D3E90023804689464E
:1086200030463946F7F750FF2BA3D3E90023F7F77D
:1086300093FD32463B46F7F747FF29A3D3E90023D2
:10864000F7F78CFD32463B46F7F73EFF26A3D3E90A
:108650000023F7F781FD32463B46F7F735FF00224E
:10866000254BF7F77BFD02460B4640464946F8F797
:1086700055F822462B46F7F727FF02460B462046C1
:108680002946CCE6AFF30080182D4454FB21F93F76
:10869000075C143326A6913C9C7500883CE4377E29
:1086A00009F7FD0DE13D023F88B20175E0EF493F5A
:1086B0003B8F68B52882A43F5544880E55C1C93FF9
:1086C0007D6FEB0312D6D43F555555555555C53FD3
:1086D00082922EB1C5B8B33F59018D1B6C06E63F9F
:1086E000C88A599CE52A00404B2D8A1C273A034032
:1086F000FFFFEF3FFFFFDF3F0000F03F0000E03FE4
:108700003233EF3F02460B46F7F728FDDDE904233D
:1087100006460F46DDE90201F8F700F802460B466F
:1087200030463946F7F7D0FE4FF0000806460F46B0
:1087300042465B4640465946F7F7C6FE02460B46A0
:1087400020462946F7F708FD424604460D465B469B
:1087500050465946F7F702FD02460B462046294689
:10876000F7F7DCFF02460B46F7F7F8FC02460B462C
:1087700013A1D1E90001F7F7EFFC02460B463046A2
:108780003946F7F7E9FC424604460D465B4640464B
:108790005946F7F7E3FC02460B460BA1D1E900016D
:1087A000F7F7DAFC02460B4620462946F7F7D4FCD9
:1087B00002460B4604A1D1E90001E6E6AFF30080D2
:1087C000075C143326A6913C182D4454FB21E93F45
:1087D0002DE9F84F17469046994623F000427B4218
:1087E000DFF884A13B4342EAD373534504460D4668
:1087F00009D8464221F00043064343EAD67656455F
:108800008E46834608D942464B4620462946F7F70E
:10881000A5FC04460D4616E009F1404606F5801613
:108820003E4303D1BDE8F84F00F0CEBD4FEAA97634
:1088300006F0020653EA0B0B46EAD17607D1022E68
:1088400064D0032E66D020462946BDE8F88F174332
:1088500006D1BEF1000F68DA37A5D5E90045F2E789
:1088600052450FD1934206F1FF3607D1022E55D85B
:108870003E4B03EBC603D3E90045E4E7022E51D893
:108880003B4BF6E75345E4D09B1AB3F1747F4FEAB4
:10889000235221DAB9F1000F01DA3C3220DB4246E3
:1088A0004B4620462946F7F739FFFFF761FD00F0F8
:1088B0008BFD04460D46012E15D0022E17D0002E3A
:1088C000C1D01FA3D3E9002320462946F7F744FC73
:1088D0001DA3D3E9002316E01DA5D5E90045EAE76D
:1088E00000240025E7E705F100431D46ABE714A38C
:1088F000D3E9002320462946F7F72EFC02460B4613
:1089000011A1D1E90001F7F727FC82E70EA5D5E90F
:10891000004598E710A5D5E9004594E710A5D5E9ED
:10892000004590E7002400258DE709A5D5E900451D
:1089300089E700BFAFF30080182D4454FB21F9BF35
:10894000075C143326A6A13C182D4454FB21094092
:10895000182D4454FB21F93F182D4454FB2109C024
:10896000182D4454FB21E93F0000F07F88B3000834
:1089700070B30008000000002DE9F04F91B0CDE980
:1089800000238B46DDE9001828F00047824657EAAD
:10899000010012D153468BF40022DB185241984259
:1089A000914B934180F0CE84DDE900235046594637
:1089B000F7F7D4FB11B0BDE8F08F8C4B2BF00046DD
:1089C0009E425D46D14607D802D1BAF1000FEBD1E5
:1089D0009F4201D80FD171B105F1404505F58015D1
:1089E00055EA0905E0D1DDE90032DB1882F4002206
:1089F00052419D42D4E7002D334639DA7C4A9742F2
:108A00004ED8A2F15472974240F2AB843A15A2F2CA
:108A1000FF32142A0FDDC2F1340221FA02F404FA03
:108A200002F28A4240F09D8404F00104C4F1020481
:108A300000295AD10EE0002956D1C2F1140247FA9A
:108A400002F404FA02F2BA4240F0888404F001040D
:108A5000C4F10204674A974230D1B8F1000F80F2A6
:108A6000798452465B4600206249F7F757FEA1E73A
:108A70000024002939D15D4A9742EBD106F14043E9
:108A800003F5801353EA090300F05C845A4B9E42BD
:108A900008D9B8F1000FC0F25984DDE9000189E777
:108AA0000224E6E7B8F1000F4FF000004FF000019C
:108AB00080DADDE9000303F100417BE7B8F1804F84
:108AC00006D152465B4650465946F7F7FDFC71E722
:108AD0004A4A904509D1002D07DB5046594611B04E
:108AE000BDE8F04F00F09EBE002450465946029368
:108AF000FFF73EFC029BB9F1000F27D13D4A25F05C
:108B0000404C944500D00EBBB8F1000F05DA024688
:108B10000B4600203749F7F701FE002DBFF64AAF9C
:108B200006F1404606F58016264308D102460B465C
:108B300010461946F7F710FB02460B4695E7012C45
:108B40007FF438AF01F10043194633E7EA0F013AE9
:108B500052EA040C02D152465B46E9E74FF00009A5
:108B6000013C144314BFDFF88CA0DFF894A0B7F1E8
:108B7000844FCDE9029A40F20781224B9F421E4B5F
:108B800013D99E4208D8B8F1000F08DA002011B0BE
:108B9000BDE8F04F00F040BEB8F1000FF6DC002059
:108BA00011B0BDE8F04F00F032BE9E420CD2DDE9BC
:108BB000020100220023F7F7F9FE003818BF012058
:108BC000B8F1000FECDAE2E70A4B00229E421BD913
:108BD000DDE902010023F7F7E9FE003818BF0120A4
:108BE000B8F1000FD3DCDBE70000F0FF0000F07FFE
:108BF000FFFF3F430000F03FFFFFEF3F0000E03F7B
:108C00000000F0BF0000F0435B4BF7F7A5FA52A35A
:108C1000D3E9002304460D46F7F756FC50A3D3E9E9
:108C2000002306460F4620462946F7F74DFC002252
:108C300082468B4620462946504BF7F745FC0246B4
:108C40000B4649A1D1E90001F7F786FA22462B46E7
:108C5000F7F73AFC02460B4600204949F7F77CFA41
:108C60002246804689462B4620462946F7F72CFCAB
:108C700002460B4640464946F7F726FC3CA3D3E99B
:108C80000023F7F721FC02460B4650465946F7F7FA
:108C900063FA002402460B46804689463046394630
:108CA000F7F75CFA32463B4620460D46F7F754FA92
:108CB00002460B4640464946F7F74EFADDE90023E7
:108CC000CDE9042300230493DDE904AB06460F46F7
:108CD000DDE9000152465B46F7F73EFA22462B4695
:108CE000F7F7F2FBDDE90023804689463046394636
:108CF000F7F7EAFB02460B4640464946F7F72EFADD
:108D000052465B4606460F4620462946F7F7DCFBEF
:108D10000B4602468046894630463946F7F71EFA2A
:108D2000184B044699420D468A468B4640F3E08232
:108D300001F13F4303F5E003034300F0DF81DDE988
:108D4000020100220023F7F731FE003818BF01208E
:108D50001DE700BFAFF30080000000604715F73F3C
:108D600044DF5DF80BAE543E555555555555D53F2E
:108D7000FE822B654715F73F0000F03F0000D03F13
:108D80000000E03FFFFF8F40D34A2A40002A40F016
:108D90007A81D24B0022F7F797FB6FF034040B4631
:108DA0001A15A2F2FF3222440A92CD4AC3F31303EA
:108DB00043F07F55934245F4401508DDC94A93427C
:108DC00040F363810A9BA5F5801501330A930026C1
:108DD000F3000B93C44B294603EBC603D3E90034DD
:108DE0001A46CDE9083423468246F7F7B5F95246CC
:108DF0002B46CDE90C01DDE90801F7F7AFF9024692
:108E00000B460020B949F7F789FC02460B46CDE92D
:108E10000E01DDE90C01F7F757FBCDE90601DDE9AD
:108E20000634CDE9043400230022AB466D1045F032
:108E30000055049305F50025DDE9048905EB86431B
:108E40004046494614461D46F7F73EFB02460B4690
:108E5000DDE90C01F7F780F9DDE9082306460F4646
:108E600020462946F7F778F902460B465046594600
:108E7000F7F772F942464B46F7F726FB02460B46D8
:108E800030463946F7F768F9DDE90E23F7F71CFBA2
:108E9000DDE90623CDE9080110461946F7F714FB72
:108EA0007BA3D3E9002304460D46F7F70DFB7AA315
:108EB000D3E90023F7F752F922462B46F7F704FBD4
:108EC00077A3D3E90023F7F749F922462B46F7F7B2
:108ED000FBFA75A3D3E90023F7F740F922462B46A6
:108EE000F7F7F2FA72A3D3E90023F7F737F922462E
:108EF0002B46F7F7E9FA70A3D3E90023F7F72EF929
:108F0000224606460F462B4620462946F7F7DCFA4E
:108F100002460B4630463946F7F7D6FA04460D4668
:108F2000DDE9060142464B46F7F718F9DDE908236B
:108F3000F7F7CAFA22462B46F7F710F9424682465F
:108F40008B464B4640464946F7F7BEFA0022684B2F
:108F500006460F46F7F702F952465B46F7F7FEF86A
:108F600000240D4622460B4640464946F7F7ACFA28
:108F7000002280468946204629465D4BF7F7ECF8EB
:108F800032463B46F7F7E8F802460B46504659464C
:108F9000F7F7E2F8DDE90623F7F796FA22460646E8
:108FA0000F46DDE908012B46F7F78EFA02460B461D
:108FB00030463946F7F7D2F8002406460F460246F7
:108FC0000B4640464946F7F7C9F83DA3D3E90023CD
:108FD00020460D46F7F778FA42464B46CDE90601A2
:108FE00020462946F7F7B8F802460B463046394680
:108FF000F7F7B2F834A3D3E90023F7F765FA34A3FF
:10900000D3E9002306460F4620462946F7F75CFAC7
:1090100002460B4630463946F7F7A0F80B9A354B17
:1090200000241344D3E90023F7F798F882460A98FE
:109030008B46F7F7DFF906460F460B9A2E4B134483
:10904000D3E900895246DDE906015B46F7F786F869
:1090500042464B46F7F782F832463B46F7F77EF832
:1090600032463B4620460D46F7F776F842464B46D9
:10907000F7F772F8DDE90623F7F76EF802460B46BC
:109080005046594618E600248AE60126A0E600BFAD
:10909000EF4E454A287ECA3F65DBC9934A86CD3FDD
:1090A00001411DA96074D13F4D268F515555D53FC3
:1090B000FFAB6FDBB66DDB3F033333333333E33F5B
:1090C000000000E009C7EE3FFD033ADC09C7EE3FB0
:1090D000F5015B14E02F3EBE0000F07F000040432E
:1090E0008E98030079B60B00C0B300080000F03F73
:1090F00000000840A0B30008B0B300089AA3D3E969
:10910000002330463946F7F729F84246CDE90001F9
:109110004B4620462946F7F71FF802460B46DDE985
:109120000001F7F761FC00287FF409AE4FF48013CB
:109130004FEA2A5AAAF2FE3A43FA0AFADA44CAF382
:109140000A519B48A1F2FF31084100EA0A03CAF321
:10915000130AC1F114014AF4801A40464AFA01FA8E
:10916000BBF1000F49464FF00002B8BFCAF1000A38
:10917000F6F7F2FF80468946002432463B464046D9
:109180004946F6F7EBFF7AA3D3E9002320460D46C4
:10919000F7F79AF942464B46CDE9000120462946A9
:1091A000F6F7DAFF02460B4630463946F6F7D4FFAB
:1091B00071A3D3E90023F7F787F971A3D3E900235B
:1091C0008046894620462946F7F77EF902460B4637
:1091D00040464946F6F7C2FF04460D4602460B4696
:1091E000DDE90001F6F7BAFFDDE900238046894694
:1091F000F6F7B2FF02460B4620462946F6F7ACFFCB
:10920000424606460F464B4640464946F7F75CF94C
:109210005DA3D3E9002304460D46F7F755F95CA397
:10922000D3E90023F6F798FF22462B46F7F74CF9CF
:1092300059A3D3E90023F6F791FF22462B46F7F70F
:1092400043F957A3D3E90023F6F786FF22462B46BE
:10925000F7F73AF954A3D3E90023F6F77FFF224644
:109260002B46F7F731F902460B4640464946F6F7DA
:1092700073FF04460D4602460B4640464946F7F743
:1092800023F90022CDE900014FF080432046294612
:10929000F6F762FF02460B46DDE90001F7F73EFAFA
:1092A000324604460D463B4640464946F7F70CF920
:1092B00032463B46F6F752FF02460B462046294609
:1092C000F6F74AFF42464B46F6F746FF02460B4684
:1092D00000203849F6F740FF01EB0A54B4F5801F2F
:1092E0002EDA524600F000FADDE90223FFF7EDBB6B
:1092F000314C21F00043A3421AD9304B0B440343B5
:1093000009D0DDE9020100220023F7F74FFB003806
:1093100018BF012044E442464B46F6F71DFF324693
:109320003B46F7F757FB0028EBD1DFF894A0FDE6AA
:109330009A46244B9A453FF6F9AEDDF810A01BE79C
:109340002146D1E700201B49FFF734BB0020002154
:10935000FFF730BB50465946FFF72CBB0C46FFF7D2
:1093600079BB0024FFF764BBFE822B654715973C51
:1093700000000000432EE63FEF39FAFE422EE63FA2
:10938000396CA80C615C20BED0A4BE726937663E01
:10939000F16BD2C541BDBB3E2CDE25AF6A56113FF5
:1093A00093BDBE166CC1663F3E5555555555C53FDC
:1093B0000000F0FF0000F03FFFCB904000346F3F13
:1093C00000CC90400000E03F2DE9F84FBC4B21F06D
:1093D00000469E4204460D468B4618D9B94B9E4224
:1093E00001D809D140B122462B4620462946F6F73E
:1093F000B5FE04460D4606E0BBF1000F40F32381A5
:1094000093A5D5E9004520462946BDE8F88FAE4B27
:109410009E4211D8A3F1DE739E420AD88EA3D3E9EF
:109420000023F6F79BFE0022A84BF7F7DDFA002891
:10943000E9D14FF0FF3A27E0FEF79AFFA44B04462C
:109440009E420D4600F2B880A3F550239E4200F2E2
:109450009C8002460B46F6F781FE00229B4BF6F7F6
:109460007BFE002206460F464FF0804320462946E9
:10947000F6F774FE02460B4630463946F7F74EF9CA
:109480004FF0000A04460D4622462B462046294648
:10949000F7F71AF802460B4680468946F7F714F8A4
:1094A0006FA3D3E9002306460F46F7F70DF86EA326
:1094B000D3E90023F6F752FE32463B46F7F704F8AD
:1094C0006BA3D3E90023F6F749FE32463B46F6F795
:1094D000FBFF69A3D3E90023F6F740FE32463B4683
:1094E000F6F7F2FF66A3D3E90023F6F737FE32461C
:1094F0003B46F6F7E9FF64A3D3E90023F6F72EFE17
:1095000042464B46F6F7E0FF61A3D3E900238046CD
:10951000894630463946F6F7D7FF5FA3D3E90023E3
:10952000F6F71AFE32463B46F6F7CEFF5CA3D3E9C8
:109530000023F6F711FE32463B46F6F7C5FF5AA365
:10954000D3E90023F6F708FE32463B46F6F7BCFFA8
:1095500057A3D3E90023F6F7FFFD32463B46F6F763
:10956000B3FF02460B4640464946F6F7F7FD224652
:109570002B46F6F7A9FFBAF1FF3F02460B4644D14E
:1095800020462946F6F7E8FD33E700224F4BF6F771
:10959000E3FD002206460F46204629464B4BF6F7D0
:1095A000DDFD02460B4630463946F7F7B7F84FF077
:1095B000010A04460D4667E7464B9E421AD2002236
:1095C000454BF6F7C9FD002206460F4620462946C0
:1095D000414BF6F779FF00223C4BF6F7BFFD024600
:1095E0000B4630463946F7F799F84FF0020A044621
:1095F0000D4649E702460B4600203849F7F78EF83A
:109600004FF0030A04460D463EE7354B354E03EB5B
:10961000CA03D3E90023F6F79FFD22462B46F6F74F
:109620009BFD06EBCA0602460B46D6E90001F6F79B
:1096300093FDBBF1000F04460D46BFF6E4AE01F109
:1096400000431D46DFE61CA5D5E90045DBE600BF6B
:10965000182D4454FB21F93F9C7500883CE4377E6B
:1096600011DA22E33AAD903FEB0D76244B7BA93F14
:10967000513DD0A0660DB13F6E204CC5CD45B73FE2
:10968000FF8300922449C23F0D5555555555D53F8E
:109690002F6C6A2C44B4A2BF9AFDDE522DDEAD3F82
:1096A0006D9A74AFF2B0B33F711623FEC671BC3F22
:1096B000C4EB98999999C93F182D4454FB21F9BFDF
:1096C000FFFF0F440000F07FFFFFDB3F0000F03F93
:1096D000FFFFF23F008003400000F83F0000F0BFB2
:1096E000D0B30008F0B300082DE9F0481646C1F3E6
:1096F0000A5283468C460B4682B921F0004303434D
:1097000039D02F4B0022F6F7DFFE2E4B83469E42C8
:109710008C460DDA26A3D3E900231BE040F2FF7745
:10972000BA4209D10246F6F719FD83468C4622E07B
:109730000B46C1F30A52363A4CF250318E420CDDE0
:109740001DA3D3E900231C464FEADC7161F3DF74EB
:1097500021461D48F6F7B8FEE7E740F2FE713244B5
:109760008A42EDDC002A0ADD23F0FF4323F4E00304
:1097700043EA0255AC4658466146BDE8F08812F10E
:10978000350F09DA0CF0004343F0D27141F4B731E0
:109790000E4841F01F01BDE723F0FF43363223F4AA
:1097A000E00343EA0255584629460022084BD1E718
:1097B00059F3F8C21F6EA5019C7500883CE4377E02
:1097C00000005043B03CFFFF9C75008859F3F8C27D
:1097D0000000903C70B504460D461646FDF7EEFFBE
:1097E00029460660204670BD13B50446194610464A
:1097F0000CB103F10043CDE90023DDE90023F6F7C6
:1098000063FE222202B0BDE81040FFF7E3BF002252
:109810004FF08053FFF7E8BF00224FF0E043FFF71F
:10982000E3BF0000674A2DE9F84F8A4306460F461A
:109830000B4604460ED10246F6F746FE02460B469C
:1098400030463946F6F78AFC06460F46304639461A
:10985000BDE8F88F00290CDC21F000420243F5D06E
:1098600089B10246F6F778FC02460B46F6F756FF3A
:10987000EAE70A1515D1002109E0E30A153A640563
:10988000002BFAD0F7E70A46FAE75B000131D8026D
:10989000FBD5481E121AC1F1200024FA00F0034340
:1098A0008C400026A2F2FF371621D2074FF4001099
:1098B0003246C3F3130343F480135CBF5B0003EB36
:1098C000D4734FEA430358BF640003EBD4737F1093
:1098D000640015189D42DEBF2A185B1B3618E50F81
:1098E000013905EB43034FEA44044FEA5000F0D13D
:1098F0000D464FF0200A4FF000409A4201EB000C59
:1099000002DB13D1A44511D8BCF1000F0CEB000110
:1099100042DA002940DB02F1010E9B1A7246A4458F
:1099200088BF03F1FF33A4EB0C0405444FEAD47C59
:10993000BAF1010A0CEB43034FEA44044FEA50002A
:10994000DBD11C431AD0204CDFF880B0D4E90001F1
:10995000DBE90023F6F700FCD4E9008902460B4658
:1099600040464946F7F72CF840B1D4E90001DBE95D
:109970000023B5F1FF3F11D15546013672106B0837
:10998000F10702F17F5202F5001248BF43F0004395
:10999000184602EB075157E79646BEE7F6F7DEFB9F
:1099A000D4E9008902460B4640464946F6F7FEFFD9
:1099B00020B1A81C08BF01360235DFE76B1C23F07D
:1099C0000105DBE70000F07FE8000020E000002058
:1099D000F8B500BFF8BC08BC9E467047F8B500BF9C
:0899E000F8BC08BC9E4670476C
:1099E800000000000000000000000000000000006F
:1099F8000000000000001FCC000C00000000000068
:109A0800000008003000600008003000600000001E
:109A1800022003FC1E20022003FC1E20022000005E
:109A280000000E1811043FFF10840C78000000009D
:109A38000F0010840F3800C00778188400780000E1
:109A480000780F8410C411240E9800E400840008E4
:109A5800080068007000000000000000000000001E
:109A680000000000000007E0181820044002000071
:109A7800000040022004181807E000000000000061
:109A88000240024001800FF00180024002400000C5
:109A98000080008000800FF80080008000800000B7
:109AA8000001000D000E0000000000000000000092
:109AB800000000800080008000800080008000801E
:109AC8000000000C000C0000000000000000000076
:109AD8000000000600180060018006001800200041
:109AE800000007F0080810041004080807F0000038
:109AF8000000080408041FFC000400040000000023
:109B080000000E0C10141024104411840E0C0000D8
:109B180000000C1810041104110412880C700000C5
:109B2800000000E00320042408241FFC0024000097
:109B380000001F9810841104110410881070000090
:109B4800000007F00888110411041888007000004C
:109B580000001C00100010FC13001C001000000086
:109B680000000E3811441084108411440E3800008F
:109B780000000700088C10441044088807F0000013
:109B8800000000000000030C030C000000000000AF
:109B980000000000000101060000000000000000B5
:109BA8000000008001400220041008081004000092
:109BB80002200220022002200220022002200000AF
:109BC8000000100408080410022001400080000072
:109BD80000000E001200100C106C10800F00000026
:109BE80003E00C1813E4142417C4082807D0000055
:109BF8000004003C03C41C40074000E4001C0004AF
:109C080010041FFC1104110411040E8800700000D8
:109C180003E00C1810041004100410081C100000B5
:109C280010041FFC100410041004080807F00000BA
:109C380010041FFC1104110417C4100408180000B4
:109C480010041FFC1104110017C0100008000000C8
:109C580003E00C181004100410441C7800400000A5
:109C680010041FFC10840080008010841FFC100466
:109C78000000100410041FFC100410040000000071
:109C880000030001100110011FFE10001000000069
:109C980010041FFC110403801464181C1004000035
:109CA80010041FFC1004000400040004000C000051
:109CB80010041FFC1F0000FC1F001FFC1004000004
:109CC80010041FFC0C04030000E010181FFC100017
:109CD80007F00808100410041004080807F0000032
:109CE80010041FFC10841080108010800F000000EA
:109CF80007F0081810241024101C080A07F20000A6
:109D080010041FFC1104110011C011300E0C0004C6
:109D180000000E1C11041084108410441C3800002C
:109D28001800100010041FFC100410001800000098
:109D380010001FF810040004000410041FF810009D
:109D480010001E0011E0001C007013801C001000A1
:109D58001FC0103C00E01F0000E0103C1FC00000C6
:109D68001004180C163401C001C01634180C100465
:109D780010001C00130400FC13041C001000000059
:109D88000804101C1064108413041C04101800002C
:109D98000000000000007FFE400240024002000078
:109DA800000030000C0003800060001C000300006D
:109DB80000004002400240027FFE00000000000058
:109DC800000000002000400040004000200000008B
:109DD8000001000100010001000100010001000173
:109DE80000004000400020000000000000000000CB
:109DF80000000098012401440144014400FC0004CF
:109E080010001FFC00880104010400880070000095
:109E180000000070008801040104010400880000AB
:109E28000000007000880104010411081FFC0004F0
:109E3800000000F8014401440144014400C8000046
:109E48000000010401040FFC1104110411001800A2
:109E5800000000D601290129012901C901060000D5
:109E680010041FFC008401000100010400FC000430
:109E780000000104190419FC00040004000000009B
:109E88000000000300010101190119FE0000000093
:109E980010041FFC0024004001B4010C0104000060
:109EA8000000100410041FFC00040004000000005F
:109EB800010401FC0104010001FC0104010000FC93
:109EC800010401FC008401000100010400FC0004FD
:109ED800000000F8010401040104010400F8000076
:109EE800010101FF008501040104008800700000E1
:109EF80000000070008801040104010501FF000151
:109F08000104010401FC0084010401000180000037
:109F1800000000CC01240124012401240198000040
:109F280000000100010007F801040104000000001E
:109F3800010001F8000400040004010801FC000409
:109F4800010001800170000C001001600180010017
:109F580001F0010C003001C00030010C01F00100DB
:109F680000000104018C00740170018C01040000E0
:109F7800010101810171000E0018016001800100DA
:109F880000000184010C013401440184010C00002B
:109F9800000000000000000001003EFC40024002FA
:109FA8000000000000000000FFFF000000000000AB
:109FB8000000400240023EFC0100000000000000DA
:109FC8000000600080008000400040002000200069
:109FD8000000000000000000000000000000000079
:109FE8003F4000000000000000003000400030004A
:109FF8004000000009000BC03D000BC03D000900F7
:10A0080018C024407FE0224031800000180024C09E
:10A018001B000D803240018003801C4027401C80BB
:10A028000740004010006000000000000000000031
:10A038000000000000001F80204040200000402059
:10A0480020401F8000000000090006001F80060055
:10A0580009000000040004003F8004000400000020
:10A068000010006000000000000000000400040070
:10A07800040004000400000000000040000000008C
:10A0880000000000002001C0060038004000000069
:10A098001F802040204020401F800000000010400A
:10A0A8003FC000400000000018C02140224024406A
:10A0B8001840000010802040244024401B800000ED
:10A0C80002000D0011003FC0014000003C80244008
:10A0D80024402440238000001F8024402440344032
:10A0E800038000003000200027C038002000000056
:10A0F8001B802440244024401B8000001C0022C0F8
:10A10800224022401F80000000000000084000009C
:10A1180000000000000000000460000000000000D3
:10A12800000004000A0011002080404009000900D6
:10A1380009000900090000000000404020801100CB
:10A148000A00040018002000234024001800000022
:10A158001F802040274029401F400000004007C0C2
:10A1680039000F0001C0004020403FC02440244077
:10A178001B8000001F8020402040204030800000CD
:10A1880020403FC0204020401F80000020403FC0AA
:10A1980024402E4030C0000020403FC024402E0004
:10A1A800300000000F001080204022403380020061
:10A1B80020403FC0040004003FC020402040204011
:10A1C8003FC02040204000000060202020203FC0E9
:10A1D8002000200020403FC024400B0030C0204019
:10A1E80020403FC020400040004000C03FC03C002D
:10A1F80003C03C003FC0000020403FC00C4023008B
:10A208003FC020001F802040204020401F800000C9
:10A2180020403FC024402400180000001F80214037
:10A22800214020E01FA0000020403FC0244026001D
:10A2380019C0004018C0244024402240318000004A
:10A24800300020403FC020403000000020003F8008
:10A25800004000403F80200020003E0001C0070071
:10A2680038002000380007C03C0007C03800000054
:10A27800204039C0060039C0204000002000384086
:10A2880007C0384020000000304021C02640384038
:10A2980020C00000000000007FE0402040200000B7
:10A2A800000070000C000380004000000000402007
:10A2B80040207FE000000000000020004000200057
:10A2C8000000000000100010001000100010001026
:10A2D80000000000400000000000000000000280B4
:10A2E8000540054003C0004020003FC00440044032
:10A2F8000380000000000380044004400640000082
:10A3080000000380044024403FC000400000038058
:10A318000540054003400000000004401FC02440E1
:10A3280024402000000002E005500550065004209B
:10A3380020403FC00440040003C000400000044027
:10A3480027C000400000000000100010041027E0A3
:10A358000000000020403FC00140070004C0044046
:10A36800204020403FC000400040000007C00400DB
:10A3780007C0040003C00000044007C004400400F4
:10A3880003C0004000000380044004400380000034
:10A39800041007F00450044003800000000003800C
:10A3A8000440045007F00010044007C002400400B5
:10A3B80004000000000006400540054004C00000FD
:10A3C800000004001F8004400040000004000780D3
:10A3D8000040044007C000400400070004C001809A
:10A3E80006000400060001C0070001C006000000C6
:10A3F800044006C0010006C0044000000410071015
:10A4080004E00180060004000000044005C0064086
:10A41800044000000000000004007BE04020000031
:10A42800000000000000FFF00000000000004020D5
:10A438007BE0040000000000400080004000200095
:10A4480020004000556E737570706F7274656420DB
:10A45800736F6674776172652070726F6475637468
:10A46800207265762025642E0A0050726F64756329
:10A47800742049442072656164206173203020692A
:10A488006E646963617465732064657669636520C9
:10A4980069732065697468657220696E636F6D7091
:10A4A800617469626C65206F7220616E204D505531
:10A4B800333035302E0D0048616C662073656E733D
:10A4C80069746976697479207061727420666F7531
:10A4D8006E642E0D000000008300000000080000DC
:10A4E8000001001832000500000020410000D2429F
:10A4F800295C0F3E9A99993E3333733F295C0F3E8E
:10A5080075191A0C6A231B1C1F207274433B4138AF
:10A51800393A6B6C376F06246D6E70006800000462
:10A5280076005401F7FD0001B8AAB38DB4980D3533
:10A538005D004CCD6C000CC92C00365676002646C2
:10A548006600FEF2ABC4AAF1DFDFBBAFDFDF00B805
:10A55800AAAAAAB088C3C5C70000007000000000FE
:10A5680024000000020003000000650054FFEF0013
:10A5780000FA80000B12820001030C30C30E8C8C91
:10A58800E914D5400213710F8E3883F8833000F830
:10A5980083258EF8833000F883FFFFFFFF0FFEA9A5
:10A5A800D6240004001A8279A10000003CFFFF00B5
:10A5B800000010000038836FA2003E033040000006
:10A5C8000002CAE3093E80000020000000000000ED
:10A5D800004000000060000000000C0000000C18A3
:10A5E8006E000006920A16C0DFFFFF0256FD8CD3EC
:10A5F80077FFE1C496E0C5BEAA00000000FFFF0B8C
:10A608002B00001657000003594000000000001DF1
:10A61800FA00026C1D000000003FFFDFEB003EB3B4
:10A62800B6000D227800002F3C00000000001942FF
:10A63800B5000039A20000B365D90E9FC91DCF4CE3
:10A648003430000000500000003BB67AE800640097
:10A658000000C8000000000000100000001000FA10
:10A66800921000225E000D229F00010000003200BF
:10A6780000FF46000063D400001000000004D6006C
:10A688000004CC000004CC000000001072000000A0
:10A698004000000000000000000006000200050065
:10A6A8000700000000006400000000000000000037
:10A6B8000500050064002000000000000000000004
:10A6C80000000040000000030000000032F898007D
:10A6D80000FF650000830F0000FF9BFC00000000E6
:10A6E8000000000000000000000000000000000062
:10A6F8000000000000000000000000000000000052
:10A7080000000000000000100040000000000000F1
:10A71800060000B26A000200000001FB8300680026
:10A728000000D9FC007CF1FF8300000000006500F8
:10A7380000006403E8006400280000002500000011
:10A748000016A000000000100000001000002F00FC
:10A7580000000001F40000100000280000FFFF4581
:10A7680081FFFFFA720000000000000000004400B2
:10A77800050005BAC6004778A200000001000000E5
:10A788000000000600000000140000254D002F7096
:10A798006D000005AE000C02D000000000000000B3
:10A7A800000000000000000000001B000000000086
:10A7B8000000000000000000000064000000080025
:10A7C8000000000000000000000000000000000081
:10A7D8000000000000000000000000000000000071
:10A7E8000000000000000000000000000000000061
:10A7F8000000000000000000000000000000000051
:10A808000000000000000000000000000000000040
:10A81800000000000000000000001B000000000015
:10A828000000000000000E000E00000AC70004002F
:10A838000000000032FFFFFF9C00000B2B0000000F
:10A84800020000000100000064FFE50000000000B5
:10A8580000000000000000000000000001000000EF
:10A8680000000100000000000000018000000180DD
:10A878000000018000002426D30000000000000032
:10A8880000000600100096003C00000000000000D8
:10A898000000000000000000000C0A4E68CDCF77D1
:10A8A8000950166759C619CE820000000000000042
:10A8B8000000000000000000000000000000000090
:10A8C8000017D7840003000000000000000000000B
:10A8D80000C7938F9D1E1B1C19000000000000007C
:10A8E8000000000000000000000000000000000060
:10A8F800000203188500004000000000030000006B
:10A9080003000000000000000040000000000000FC
:10A91800000000000000000000000000000000002F
:10A92800000000000000000000000000000000001F
:10A9380000000000000000000000000000677DDF4C
:10A948007E72902E554CF6E688000000000000004C
:10A95800000000000000000000D8DCB4B8B0D8B98E
:10A96800ABF3F8FAB3B7BB8E9EAEF132F51BF1B478
:10A97800B8B08097F1A9DFDFDFAADFDFDFF2AAC571
:10A98800CDC7A90CC92C97F1A989264666B2899921
:10A99800A92D557DB0B08AA896365676F1BAA3B4DB
:10A9A800B280C0B8A89711B28398BAA3F02408441B
:10A9B800106418B2B9B49883F1A329557DBAB5B11A
:10A9C800A38393F0002850F5B2B6AA839328547C49
:10A9D800F1B9A3829361BAA2DADEDFDB819AB9AE5C
:10A9E800F5606870F1DABAA2DFD9BAA2FAB9A3821F
:10A9F80092DB31BAA2D9BAA2F8DF85A4D0C1BBAD27
:10AA080083C2C5C7B8A2DFDFDFBAA0DFDFDFD8D8CF
:10AA1800F1B8AAB38DB4980D355DB2B6BAAF8C96BD
:10AA2800198F9FA70E161EB49AB8AA872C547CBA01
:10AA3800A4B08AB691325676B28494A4C808CDD808
:10AA4800B8B4B0F19982A82D557D98A80E161EA20B
:10AA58002C547C92A4F02C5078F184A898C4CDFC96
:10AA6800D80DDBA8FC2DF3D9BAA6F8DABAA6DED839
:10AA7800BAB2B68696A6D0F3C841DAA6C8F8D8B056
:10AA8800B4B882A892F52C548898F135D9F418D81E
:10AA9800F1A2D0F8F9A884D9C7DFF8F883C5DADFBE
:10AAA80069DF83C1D8F40114F1A8824EA884F31198
:10AAB800D182F5D992289788F109F41C1CD884A86A
:10AAC800F3C0F9D1D99782F129F40DD8F3F9F9D166
:10AAD800D982F4C203D8DEDF1AD8F1A2FAF9A88421
:10AAE80098D9C7DFF8F8F883C7DADF69DFF883C3D6
:10AAF800D8F40114F198A8822EA884F311D182F514
:10AB0800D992509788F109F41CD884A8F3C0F8F9B1
:10AB1800D1D99782F149F40DD8F3F9F9D1D982F452
:10AB2800C403D8DEDFD8F1AD8898CCA809F9D9825A
:10AB380092A8F57CF1883ACF944A6E98DB6931DAAD
:10AB4800ADF2DEF9D88795A8F221D1DAA5F9F41784
:10AB5800D9F1AE8ED0C0C3AE82C684C3A88595C8CD
:10AB6800A588F2C0F1F4010EF18E9EA8C63E56F5F6
:10AB780054F18872F40115F19845856EF58E9E049E
:10AB880088F142985A8E9E068869F4011CF1981E35
:10AB98001108D0F504F11E970202983625DBF9D981
:10ABA80085A5F3C1DA85A5F3DFD88595A8F309DA79
:10ABB800A5FAD88292A8F578F1881A849F268898F1
:10ABC80021DAF41DF3D8879F39D1AFD9DFDFFBF93C
:10ABD800F40CF3D8FAD0F8DAF9F9D0DFD9F9D8F4C7
:10ABE8000BD8F3879F39D1AFD9DFDFF41DF3D8FA3B
:10ABF800FCA869F9F9AFD0DADEFAD9F88F9FA8F185
:10AC0800CCF398DB45D9AFDFD0F8D8F18F9FA8CA2D
:10AC1800F38809DAAF8FCBF8D8F2AD978D0CD9A5A8
:10AC2800DFF9BAA6F3FAF412F2D8950DD1D9BAA67B
:10AC3800F3FADAA5F2C1BAA6F3DFD8F1BAB2B6864A
:10AC480096A6D0CAF349DAA6CBF8D8B0B4B8D8AD2E
:10AC580084F2C0DFF18FCBC3A8B2B68696C8C1CB49
:10AC6800C3F3B0B48898A821DB718D9D71859521B7
:10AC7800D9ADF2FAD88597A828D9F408D8F28D2941
:10AC8800DAF405D9F285A4C2F2D8A88D9401D1D9F5
:10AC9800F411F2D88721D8F40AD8F28498A8C80108
:10ACA800D1D9F411D8F3A4C8BBAFD0F2DEF8F8F8C4
:10ACB800F8F8F8F8F8D8F1B8F6B5B9B08A95A3DE7F
:10ACC8003CA3D9F8D85CA3D9F8D87CA3D9F8D8F88C
:10ACD800F9D1A5D9DFDAFAD8B18530F7D9DED8F8B5
:10ACE80030ADDADED8F2B48C99A32D557DA083DF80
:10ACF800DFDFB591A0F629D9FBD8A0FC29D9FAD86D
:10AD0800A0D051D9F8D8FC51D9F9D879D9FBD8A015
:10AD1800D0FC79D9FAD8A1F9F9F9F9F9A0DADFDF85
:10AD2800DFD8A1F8F8F8F8F8ACDEF8ADDE8393AC1C
:10AD38002C547CF1A8DFDFDFF69D2CDAA0DFD9FAEE
:10AD4800DB2DF8D8A850DAA0D0DED9D0F8F8F8DB97
:10AD580055F8D8A878DAA0D0DFD9D0FAF8F8F8F8FA
:10AD6800DB7DF8D89CA88CF530DB38D9D0DEDFA0A5
:10AD7800D0DEDFD8A848DB58D9DFD0DEA0DFD0DEB0
:10AD8800D8A868DB70D9DFDFA0DFDFD8F1A888900A
:10AD98002C547C98A8D05C38D1DAF2AE8CDFF9D884
:10ADA800B087A8C1C1B188A8C6F9F9DA36D8A8F918
:10ADB800DA36D8A8F9DA36D8A8F9DA36D8A8F9DA16
:10ADC80036D8F78D9DADF818DAF2AEDFD8F7ADFAC0
:10ADD80030D9A4DEF9D8F2AEDEFAF983A7D9C3C513
:10ADE800C7F1889BA77AADF7DEDFA4F8849408A79B
:10ADF80097F300AEF29819A488C6A39488F632DFB8
:10AE0800F28393DB09D9F2AADFD8D8AEF8F9D1DA00
:10AE1800F3A4DEA7F1889B7AD8F38494AE19F9DA03
:10AE2800AAF1DFD8A881C0C3C5C7A39283F628AD0D
:10AE3800DED9F8D8A350ADD9F8D8A378ADD9F8D8C9
:10AE4800F8F9D1A1DADEC3C5C7D8A18194F818F200
:10AE5800B089ACC3C5C7F1D8B8B4B09786A8319B40
:10AE6800069907AB9728889BF00C201440B0B4B81B
:10AE7800F0A88A9A285078B79BA829517924705944
:10AE8800446938644831F1BBAB88002C547CF0B37A
:10AE98008BB8A804285078F1B088B49726A8599898
:10AEA800BBABB38B02264666B0B8F08A9CA8295182
:10AEB800798B2951798A2470598B2058718A446971
:10AEC800388B3940688A6448318B30496088F1ACE6
:10AED800002C547CF08CA804285078F1889726A878
:10AEE8005998AC8C02264666F0899CA82951792489
:10AEF8007059446938644831A98809205970AB11E0
:10AF0800384069A8193148608CA83C415C207C0015
:10AF1800F187981986A86E767EA999882D557DD8CF
:10AF2800B1B5B9A3DFDFDFAED0DFAAD0DEF2ABF870
:10AF3800F9D9B087C4AAF1DFDFBBAFDFDFB9D8B179
:10AF4800F1A3978E60DFB084F2C8F8F9D9DED89300
:10AF580085F14AB183A308B5839A0810B79F10D822
:10AF6800F1B0BAAEB08AC2B2B68E9EF1FBD9F41D6A
:10AF7800D8F9D90CF1D8F8F8AD61D9AEFBD8F40CF2
:10AF8800F1D8F8F8AD19D9AEFBDFD8F416F1D8F836
:10AF9800AD8D61D9F4F4ACF59C9C8DDF2BBAB6AEBF
:10AFA800FAF8F40BD8F1AED0F8AD51DAAEFAF8F100
:10AFB800D8B9B1B6A3839C08B9B1839AB5AAC0FD24
:10AFC8003083B79F10B58B93F20202D1ABDADED88B
:10AFD800F1B080BAABC0C3B284C1C3D8B1B9F38BE6
:10AFE800A391B609B4D9ABDEB0879CB9A3DDF1B3A0
:10AFF8008B8B8B8B8BB087A3A3A3A3B28BB69BF24F
:10B00800A3A3A3A3A3A3A3A3A3A3F1B087B59AA3C0
:10B01800F39BA3A3DCBAACDFB9A3A3A3A3A3A3A305
:10B02800A3A3A3A3A3A3A3A3A3D8D8D8BBB3B7F1BF
:10B03800AAF9DAFFD9809AAA28B48098A720B797E6
:10B0480087A86688F07951F1902C870CA7819762C0
:10B0580093F071716085940129517990A5F1284C7C
:10B068006C870C95188578A38390284C6C886CD8CD
:10B07800F3A28200F210A8921980A2F2D926D8F180
:10B0880088A84DD948D896A83980D93CD89580A8A1
:10B0980039A68698D92CDA87A72CD8A8899519A912
:10B0A80080D938D8A88939A980DA3CD8A82EA839F7
:10B0B80090D90CD8A8953198D90CD8A809D9FFD817
:10B0C80001DAFFD89539A9DA26FFD890A80D899911
:10B0D800A810809821DA2ED88999A83180DA2ED83C
:10B0E800A886963180DA2ED8A8873180DA2ED8A89B
:10B0F8008292F34180F1D92ED8A882F31980F1D930
:10B108002ED882ACF3C0A28022F1A62EA72EA922A7
:10B1180098A829DAACDEFFD8A2F22AF1A92E8292E9
:10B12800A8F23180A696F1D900AC8C9C0C30ACDE2C
:10B13800D0DEFFD88C9CACD010ACDE8092A2F24C52
:10B1480082A8F1CAF235F19688A6D900D8F1FF6D28
:10B1580070755F7365745F73656E736F7220636F6C
:10B168006D706C657465202E2E2E2E2E2E0D006DA2
:10B1780070755F636F6E6669677572655F6669662D
:10B188006F20636F6D706C657465202E2E2E2E2EC9
:10B198002E0D006D70755F7365745F73616D706CF3
:10B1A800655F7261746520636F6D706C657465208E
:10B1B8002E2E2E2E2E2E0D00646D705F6C6F616426
:10B1C8005F6D6F74696F6E5F6472697665725F66D2
:10B1D80069726D7761726520636F6D706C657465F7
:10B1E800202E2E2E2E2E2E0D00646D705F7365742A
:10B1F8005F6F7269656E746174696F6E20636F6DDD
:10B20800706C657465202E2E2E2E2E2E0D00646D0A
:10B21800705F656E61626C655F66656174757265A5
:10B2280020636F6D706C657465202E2E2E2E2E2E69
:10B238000D00646D705F7365745F6669666F5F7239
:10B2480061746520636F6D706C657465202E2E2E99
:10B258002E2E2E0D0073657474696E672062696105
:10B26800732073756363657366756C6C79202E2E15
:10B278002E2E2E2E0D006D70755F7365745F646DD4
:10B28800705F737461746520636F6D706C6574654D
:10B29800202E2E2E2E2E2E0D004D6F746F723A001A
:10B2A8004F464600204F4E00456E636F646572003E
:10B2B8002D002B00534552564F00566F6C74610099
:10B2C8002E005600416E676C65005A686F6E677A8B
:10B2D8006869007B4325643A25643A25643A256405
:10B2E8003A25643A25643A25643A256424007B416A
:10B2F80025643A25643A25643A25647D24007B4216
:10B3080025643A25643A256C757D24000000000008
:10B318000102030400000000000000000102030411
:10B328000607080902030405060708090A0B0C0D9D
:10B338000E0F101000232D302B2000686C4C006578
:10B348006667454647003031323334353637383949
:10B35800414243444546003031323334353637387C
:10B3680039616263646566000000000000000080C7
:10B37800182D4454FB210940182D4454FB2109C0C1
:10B38800182D4454FB21E9BFD221337F7CD90240D8
:10B39800D221337F7CD902C00000000000000000E9
:10B3A80006D0CF43EBFD4C3E00000000000000003B
:10B3B8000000004003B8E23F000000000000F03F3A
:10B3C800000000000000F83FE2652F227F2B7A3C46
:10B3D800075C143326A6813CBDCBF07A8807703C05
:10B3E800075C143326A6913C4FBB610567ACDD3F73
:10B3F800182D4454FB21E93F9BF681D20B73EF3F94
:08B40800182D4454FB21F93F0B
:08B41000DC5DFF7F010000007C
:04B4180035010008F2
:04B41C001101000812
:10B4200004000000100000000400000068912841A2
:10B4300029CB0AC13898B8C2000040400000404003
:10B4400008A5000824A50008000000000000000076
:10B4500000000000000000000000000000000000EC
:10B460000000000000000000E0A40008010000004F
:10B4700001000000010000000000803F0040834503
:10B480000000A04200007A460000D84200C8AF4643
:10B49000EE020000010100000024F40001000000A1
:10B4A0001000000000000000030000002008002041
:10B4B00094000020000000002008002088080020E0
:10B4C000F008002000000000000000000000000064
:10B4D000000000000000000000000000000000006C
:10B4E000000000000000000000000000000000005C
:10B4F000000000000000000000000000000000004C
:10B5000059F3F8C21F6EA501000000000000F03FD3
:040000050800559505
:00000001FF
