:020000040800F2
:1000000000500020855500087D5000087F500008F2
:10001000815000088350000885500008000000004F
:1000200000000000000000000000000087500008F1
:1000300089500008000000008B5000088D50000817
:10004000CD550008CD550008CD550008CD55000808
:10005000CD550008CD550008CD550008CD550008F8
:10006000CD550008CD550008CD550008CD550008E8
:10007000CD550008CD550008CD550008CD550008D8
:10008000CD550008CD550008CD550008CD550008C8
:10009000CD550008CD550008CD550008CD550008B8
:1000A000CD550008CD550008CD550008CD550008A8
:1000B000CD550008CD550008CD550008CD55000898
:1000C000CD550008CD550008CD550008CD55000888
:1000D000CD550008CD550008CD55000891500008B9
:1000E0009D500008CD550008CD55000800000000C7
:1000F0000000000000000000000000000000000000
:0C01000000000000000000005FF808F1A3
:1001100010B5054C237833B9044B13B10448AFF341
:1001200000800123237010BDF000002000000000BB
:10013000C099000808B5034B1BB103490348AFF34E
:10014000008008BD00000000F4000020C0990008F5
:1001500081F0004102E000BF83F0004330B54FEA78
:1001600041044FEA430594EA050F08BF90EA020FE5
:100170001FBF54EA000C55EA020C7FEA645C7FEA78
:10018000655C00F0E2804FEA5454D4EB5555B8BF9B
:100190006D420CDD2C4480EA020281EA030382EA0C
:1001A000000083EA010180EA020281EA0303362D9E
:1001B00088BF30BD11F0004F4FEA01314FF4801C71
:1001C0004CEA113102D0404261EB410113F0004F83
:1001D0004FEA03334CEA133302D0524263EB43033A
:1001E00094EA050F00F0A780A4F10104D5F1200ED8
:1001F0000DDB02FA0EFC22FA05F2801841F1000133
:1002000003FA0EF2801843FA05F359410EE0A5F106
:1002100020050EF1200E012A03FA0EFC28BF4CF037
:10022000020C43FA05F3C01851EBE37101F00045ED
:1002300007D54FF0000EDCF1000C7EEB00006EEBFA
:100240000101B1F5801F1BD3B1F5001F0CD3490884
:100250005FEA30004FEA3C0C04F101044FEA4452DB
:1002600012F5800F80F09A80BCF1004F08BF5FEA62
:10027000500C50F1000041EB045141EA050130BD42
:100280005FEA4C0C404141EB0101013C28BFB1F554
:10029000801FE9D291F0000F04BF01460020B1FA9F
:1002A00081F308BF2033A3F10B03B3F120020CDA72
:1002B0000C3208DD02F1140CC2F10C0201FA0CF050
:1002C00021FA02F10CE002F11402D8BFC2F1200CB5
:1002D00001FA02F120FA0CFCDCBF41EA0C0190406B
:1002E000E41AA2BF01EB0451294330BD6FEA0404B4
:1002F0001F3C1CDA0C340EDC04F11404C4F120029F
:1003000020FA04F001FA02F340EA030021FA04F3B0
:1003100045EA030130BDC4F10C04C4F1200220FA07
:1003200002F001FA04F340EA0300294630BD21FA45
:1003300004F0294630BD94F0000F83F4801306BF0B
:1003400081F480110134013D4EE77FEA645C18BFFF
:100350007FEA655C29D094EA050F08BF90EA020F96
:1003600005D054EA000C04BF1946104630BD91EA8E
:10037000030F1EBF0021002030BD5FEA545C05D191
:100380004000494128BF41F0004130BD14F58004D0
:100390003CBF01F5801130BD01F0004545F0FE4144
:1003A00041F470014FF0000030BD7FEA645C1ABF79
:1003B000194610467FEA655C1CBF0B46024650EAB0
:1003C000013406BF52EA033591EA030F41F40021DC
:1003D00030BD00BF90F0000F04BF0021704730B562
:1003E0004FF4806404F132044FF000054FF0000137
:1003F00050E700BF90F0000F04BF0021704730B5F8
:100400004FF4806404F1320410F0004548BF4042CC
:100410004FF000013EE700BF42004FEAE2014FEA21
:1004200031014FEA02701FBF12F07F4393F07F4FFC
:1004300081F06051704732F07F4208BF704793F0FF
:100440007F4F04BF41F40021704730B54FF4607412
:1004500001F0004521F000411CE700BF50EA010215
:1004600008BF704730B54FF000050AE050EA0102BE
:1004700008BF704730B511F0004502D5404261EB2E
:1004800041014FF4806404F132045FEA915C3FF46F
:10049000D8AE4FF003025FEADC0C18BF03325FEA0C
:1004A000DC0C18BF033202EBDC02C2F1200300FABD
:1004B00003FC20FA02F001FA03FE40EA0E0021FAE2
:1004C00002F11444BDE600BF70B54FF0FF0C4CF4D0
:1004D000E06C1CEA11541DBF1CEA135594EA0C0F82
:1004E00095EA0C0F00F0DEF82C4481EA030621EABD
:1004F0004C5123EA4C5350EA013518BF52EA0335F8
:1005000041F4801143F4801338D0A0FB02CE4FF0A9
:100510000005E1FB02E506F00042E0FB03E54FF0D9
:100520000006E1FB03569CF0000F18BF4EF0010ED1
:10053000A4F1FF04B6F5007F64F5407404D25FEACD
:100540004E0E6D4146EB060642EAC62141EA555180
:100550004FEAC52040EA5E504FEACE2EB4F1FD0CC2
:1005600088BFBCF5E06F1ED8BEF1004F08BF5FEA40
:10057000500E50F1000041EB045170BD06F00046F2
:1005800046EA010140EA020081EA0301B4EB5C049F
:10059000C2BFD4EB0C0541EA045170BD41F4801197
:1005A0004FF0000E013C00F3AB8014F1360FDEBFBC
:1005B000002001F0004170BDC4F10004203C35DA98
:1005C0000C341BDC04F11404C4F1200500FA05F31B
:1005D00020FA04F001FA05F240EA020001F00042BC
:1005E00021F0004110EBD37021FA04F642EB060132
:1005F0005EEA430E08BF20EAD37070BDC4F10C045C
:10060000C4F1200500FA04F320FA05F001FA04F21F
:1006100040EA020001F0004110EBD37041F100010B
:100620005EEA430E08BF20EAD37070BDC4F1200516
:1006300000FA05F24EEA020E20FA04F301FA05F27E
:1006400043EA020321FA04F001F0004121FA04F226
:1006500020EA020000EBD3705EEA430E08BF20EAF6
:10066000D37070BD94F0000F0FD101F00046400030
:1006700041EB010111F4801F08BF013CF7D041EAB2
:10068000060195F0000F18BF704703F000465200B6
:1006900043EB030313F4801F08BF013DF7D043EA87
:1006A0000603704794EA0C0F0CEA135518BF95EA3D
:1006B0000C0F0CD050EA410618BF52EA4306D1D1C4
:1006C00081EA030101F000414FF0000070BD50EAE3
:1006D000410606BF1046194652EA430619D094EA6D
:1006E0000C0F02D150EA013613D195EA0C0F05D157
:1006F00052EA03361CBF104619460AD181EA0301AB
:1007000001F0004141F0FE4141F470014FF0000062
:1007100070BD41F0FE4141F4780170BD70B54FF0FD
:10072000FF0C4CF4E06C1CEA11541DBF1CEA13557D
:1007300094EA0C0F95EA0C0F00F0A7F8A4EB05045F
:1007400081EA030E52EA03354FEA013100F0888056
:100750004FEA03334FF0805545EA131343EA12631F
:100760004FEA022245EA111545EA10654FEA0026D4
:100770000EF000419D4208BF964244F1FD0404F58D
:10078000407402D25B084FEA3202B61A65EB0305E9
:100790005B084FEA32024FF480104FF4002CB6EBA6
:1007A000020E75EB030E22BFB61A754640EA0C0026
:1007B0005B084FEA3202B6EB020E75EB030E22BF66
:1007C000B61A754640EA5C005B084FEA3202B6EBA7
:1007D000020E75EB030E22BFB61A754640EA9C0066
:1007E0005B084FEA3202B6EB020E75EB030E22BF36
:1007F000B61A754640EADC0055EA060E18D04FEAF4
:10080000051545EA16754FEA06164FEAC30343EA93
:1008100052734FEAC2025FEA1C1CC0D111F4801F60
:100820000BD141EA00014FF000004FF0004CB6E759
:1008300011F4801F04BF01430020B4F1FD0C88BFF8
:10084000BCF5E06F3FF6AFAEB5EB030C04BFB6EB03
:10085000020C5FEA500C50F1000041EB045170BDF6
:100860000EF0004E4EEA113114EB5C04C2BFD4EB23
:100870000C0541EA045170BD41F480114FF0000EA7
:10088000013C90E645EA060E8DE60CEA135594EA23
:100890000C0F08BF95EA0C0F3FF43BAF94EA0C0F26
:1008A0000AD150EA01347FF434AF95EA0C0F7FF49B
:1008B00025AF104619462CE795EA0C0F06D152EAEF
:1008C00003353FF4FDAE1046194622E750EA4106D3
:1008D00018BF52EA43067FF4C5AE50EA41047FF4E4
:1008E0000DAF52EA43057FF4EBAE12E74FF0FF3C49
:1008F00006E000BF4FF0010C02E000BF4FF0010C1A
:100900004DF804CD4FEA410C7FEA6C5C4FEA430C92
:1009100018BF7FEA6C5C1BD001B050EA410C0CBFE1
:1009200052EA430C91EA030F02BF90EA020F002043
:10093000704710F1000F91EA030F58BF994208BFAA
:1009400090422CBFD8176FEAE37040F00100704767
:100950004FEA410C7FEA6C5C02D150EA013C07D1BE
:100960004FEA430C7FEA6C5CD6D152EA033CD3D009
:100970005DF8040B704700BF8446104662468C4603
:100980001946634600E000BF01B5FFF7B7FF002836
:1009900048BF10F1000F01BD4DF808EDFFF7F4FF5F
:1009A0000CBF012000205DF808FB00BF4DF808EDEA
:1009B000FFF7EAFF34BF012000205DF808FB00BF0D
:1009C0004DF808EDFFF7E0FF94BF012000205DF82F
:1009D00008FB00BF4DF808EDFFF7CEFF94BF0120E4
:1009E00000205DF808FB00BF4DF808EDFFF7C4FFDD
:1009F00034BF012000205DF808FB00BF4FEA410C26
:100A00007FEA6C5C02D150EA013C0AD14FEA430C08
:100A10007FEA6C5C02D152EA033C02D14FF0000045
:100A200070474FF0010070474FEA410212F5001283
:100A300015D211D56FF47873B3EB625212D94FEA25
:100A4000C12343F0004343EA505311F0004F23FA0F
:100A500002F018BF404270474FF00000704750EA64
:100A6000013005D111F0004008BF6FF00040704721
:100A70004FF00000704700BF4FEA4102B2F1E0437F
:100A800024BFB3F5001CDCF1FE5C0DD901F0004C75
:100A90004FEAC0024CEA5070B2F1004F40EB8300C5
:100AA00008BF20F00100704711F0804F21D113F1F1
:100AB0003872BCBF01F00040704741F480114FEA2A
:100AC0005252C2F11802C2F1200C10FA0CF320FAB3
:100AD00002F018BF40F001004FEAC1234FEAD323D0
:100AE00003FA0CFC40EA0C0023FA02F34FEA43033A
:100AF000CCE77FEA625307D150EA01331EBF4FF0C3
:100B0000FE4040F44000704701F0004040F0FE40DD
:100B100040F40000704700BF80F0004002E000BFDA
:100B200081F0004142001FBF5FEA410392EA030FD8
:100B30007FEA226C7FEA236C6AD04FEA1262D2EB22
:100B40001363C1BFD218414048404140B8BF5B4227
:100B5000192B88BF704710F0004F40F4000020F0C0
:100B60007F4018BF404211F0004F41F4000121F0D6
:100B70007F4118BF494292EA030F3FD0A2F1010220
:100B800041FA03FC10EB0C00C3F1200301FA03F15E
:100B900000F0004302D5494260EB4000B0F5000F81
:100BA00013D3B0F1807F06D340084FEA310102F140
:100BB0000102FE2A51D2B1F1004F40EBC25008BFF2
:100BC00020F0010040EA03007047490040EB0000BC
:100BD000013A28BFB0F5000FEDD2B0FA80FCACF1BD
:100BE000080CB2EB0C0200FA0CF0AABF00EBC250EA
:100BF00052421843BCBFD0401843704792F0000FD8
:100C000081F4000106BF80F400000132013BB5E72A
:100C10004FEA41037FEA226C18BF7FEA236C21D0A0
:100C200092EA030F04D092F0000F08BF0846704705
:100C300090EA010F1CBF0020704712F07F4F04D1D3
:100C4000400028BF40F00040704712F100723CBFE6
:100C500000F50000704700F0004343F0FE4040F410
:100C6000000070477FEA226216BF08467FEA2363CE
:100C70000146420206BF5FEA412390EA010F40F4B9
:100C8000800070474FF0000304E000BF10F0004305
:100C900048BF40425FEA000C08BF704743F09643EC
:100CA00001464FF000001CE050EA010208BF704707
:100CB0004FF000030AE000BF50EA010208BF70478E
:100CC00011F0004302D5404261EB41015FEA010CA3
:100CD00002BF84460146002043F0B64308BFA3F19B
:100CE0008053A3F50003BCFA8CF2083AA3EBC2537D
:100CF00010DB01FA02FC634400FA02FCC2F120029C
:100D0000BCF1004F20FA02F243EB020008BF20F0D2
:100D10000100704702F1200201FA02FCC2F1200238
:100D200050EA4C0021FA02F243EB020008BF20EA2D
:100D3000DC7070474FF0FF0C1CEAD0521EBF1CEA5B
:100D4000D15392EA0C0F93EA0C0F6FD01A4480EA49
:100D5000010C400218BF5FEA41211ED04FF0006332
:100D600043EA501043EA5111A0FB01310CF000405E
:100D7000B1F5000F3EBF490041EAD3715B0040EA84
:100D8000010062F17F02FD2A1DD8B3F1004F40EB54
:100D9000C25008BF20F00100704790F0000F0CF027
:100DA000004C08BF49024CEA502040EA51207F3AEB
:100DB000C2BFD2F1FF0340EAC250704740F40000C6
:100DC0004FF00003013A5DDC12F1190FDCBF00F0B7
:100DD00000407047C2F10002410021FA02F1C2F165
:100DE000200200FA02FC5FEA310040F1000053EA01
:100DF0004C0308BF20EADC70704792F0000F00F04F
:100E0000004C02BF400010F4000F013AF9D040EA54
:100E10000C0093F0000F01F0004C02BF490011F4E8
:100E2000000F013BF9D041EA0C018FE70CEAD153E6
:100E300092EA0C0F18BF93EA0C0F0AD030F0004C66
:100E400018BF31F0004CD8D180EA010000F000401A
:100E5000704790F0000F17BF90F0004F084691F0D8
:100E6000000F91F0004F14D092EA0C0F01D1420212
:100E70000FD193EA0C0F03D14B0218BF084608D1DB
:100E800080EA010000F0004040F0FE4040F4000025
:100E9000704740F0FE4040F4400070474FF0FF0CB8
:100EA0001CEAD0521EBF1CEAD15392EA0C0F93EAFF
:100EB0000C0F69D0A2EB030280EA010C49024FEA51
:100EC000402037D04FF0805343EA111143EA10130A
:100ED0000CF000408B4238BF5B0042F17D024FF4C2
:100EE000000C8B4224BF5B1A40EA0C00B3EB510F9D
:100EF00024BFA3EB510340EA5C00B3EB910F24BF86
:100F0000A3EB910340EA9C00B3EBD10F24BFA3EB0A
:100F1000D10340EADC001B0118BF5FEA1C1CE0D1D2
:100F2000FD2A3FF650AF8B4240EBC25008BF20F085
:100F3000010070470CF0004C4CEA50207F32C2BFD9
:100F4000D2F1FF0340EAC250704740F400004FF076
:100F50000003013A37E792F0000F00F0004C02BFA7
:100F6000400010F4000F013AF9D040EA0C0093F071
:100F7000000F01F0004C02BF490011F4000F013BCB
:100F8000F9D041EA0C0195E70CEAD15392EA0C0F33
:100F900008D142027FF47DAF93EA0C0F7FF470AF6B
:100FA000084676E793EA0C0F04D14B023FF44CAFAE
:100FB00008466EE730F0004C18BF31F0004CCAD143
:100FC00030F000427FF45CAF31F000437FF43CAF7F
:100FD0005FE700BF4FF0FF3C06E000BF4FF0010CA1
:100FE00002E000BF4FF0010C4DF804CD4FEA400283
:100FF0004FEA41037FEA226C18BF7FEA236C11D0CD
:1010000001B052EA530C18BF90EA010F58BFB2EB7F
:10101000030088BFC81738BF6FEAE17018BF40F0FF
:10102000010070477FEA226C02D15FEA402C05D1B3
:101030007FEA236CE4D15FEA412CE1D05DF8040B38
:10104000704700BF844608466146FFE70FB5FFF7CB
:10105000C9FF002848BF10F1000F0FBD4DF808ED83
:10106000FFF7F4FF0CBF012000205DF808FB00BF74
:101070004DF808EDFFF7EAFF34BF012000205DF8CE
:1010800008FB00BF4DF808EDFFF7E0FF94BF01201B
:1010900000205DF808FB00BF4DF808EDFFF7D2FF18
:1010A00094BF012000205DF808FB00BF4DF808ED5B
:1010B000FFF7C8FF34BF012000205DF808FB00BF28
:1010C0004FEA4002B2F1FE4F0FD34FF09E03B3EB55
:1010D00012620DD94FEA002343F0004310F0004F95
:1010E00023FA02F018BF404270474FF000007047EB
:1010F00012F1610F01D1420205D110F0004008BF8A
:101100006FF0004070474FF00000704742000ED271
:10111000B2F1FE4F0BD34FF09E03B3EB126209D432
:101120004FEA002343F0004323FA02F070474FF0E8
:101130000000704712F1610F01D1420202D14FF05D
:10114000FF3070474FF00000704700BF7BB972B9A5
:101150000029BEBF00204FF0004106E008BF002874
:101160001CBF6FF000414FF0FF3000F09BB9ADF1B4
:10117000080C6DE904CE002909DB002B1ADB00F016
:1011800035F8DDF804E0DDE9022304B070474042A1
:1011900061EB4101002B1BDB00F028F8DDF804E0D7
:1011A000DDE9022304B0404261EB4101524263EBAE
:1011B00043037047524263EB430300F017F8DDF836
:1011C00004E0DDE9022304B0404261EB41017047D5
:1011D000524263EB430300F009F8DDF804E0DDE977
:1011E000022304B0524263EB430370472DE9F047FA
:1011F000089D0C46002B4ED194468C458646B2FA8B
:1012000082F262D94AB1C2F12003914020FA03F37D
:101210000CFA02FC194300FA02FE4FEA1C47B1FB2C
:10122000F7F407FB14111FFA8CF64FEA1E4343EA4A
:10123000014304FB06F199420AD91CEB030304F1B4
:10124000FF3080F01081994240F20D81023C6344EE
:10125000591AB1FBF7F007FB101100FB06F61FFA55
:101260008EF343EA01439E420AD91CEB030300F1CB
:10127000FF3180F0FA809E4240F2F78063440238EA
:1012800000219B1B40EA04401DB1D3400022C5E968
:101290000032BDE8F0878B4205D90DB1C5E90001E8
:1012A00000210846F5E7B3FA83F1002946D1A342AD
:1012B00002D39042C0F0EE80861A64EB0303012053
:1012C000002DE6D0C5E90063E3E7002A40F08F80F7
:1012D000A1EB0C0401214FEA1C481FFA8CF7B4FB68
:1012E000F8F608FB164407FB06F04FEA1E4343EAF4
:1012F0000443984208D91CEB030306F1FF3402D2E1
:10130000984200F2CB8026461C1AB4FBF8F008FB8A
:10131000104400FB07F71FFA8EF343EA04439F4291
:1013200008D91CEB030300F1FF3402D29F4200F204
:10133000AE802046DB1B40EA0640A5E7C1F120074E
:101340008B4022FA07FC4CEA030C24FA07F64FEA1A
:101350001C49B6FBF9F81FFA8CFE09FB186620FA47
:1013600007F38C4000FA01FA08FB0EF01C43230C33
:1013700043EA0643984202FA01F20AD91CEB03033E
:1013800008F1FF3680F0818098427ED9A8F10208EA
:1013900063441E1AB6FBF9F309FB136603FB0EFE4A
:1013A000A4B244EA0644A64508D91CEB040403F1A0
:1013B000FF3066D2A64564D9023B644443EA084044
:1013C000A0FB0283A4EB0E049C42C6461E4650D3EB
:1013D0004DD055B1BAEB0E0364EB060404FA07F7DF
:1013E000CB401F43CC40C5E90074002151E70CFA03
:1013F00002FCC2F12003D9404FEA1C4820FA03F353
:1014000000FA02FEB1FBF8F008FB101194401C43F7
:101410001FFA8CF7230C43EA014300FB07F19942C2
:1014200008D91CEB030300F1FF362CD299422AD9CC
:10143000023863445B1AB3FBF8F108FB1133A4B222
:1014400044EA034401FB07F3A34208D91CEB04045C
:1014500001F1FF3613D2A34211D902396444E41AD0
:1014600041EA00413BE70446F2E6084608E7C24588
:10147000AFD2B8EB020E63EB0C060138A9E7314698
:10148000EDE703469AE73046D4E7B04681E7634488
:1014900002384FE706462346084611E7023E6344FA
:1014A00032E700BF704700BF12281FB528BF0020D9
:1014B0000123019003910E4801A9029304F04EF913
:1014C00008B103F045FD0A4804F004FAC8210848B1
:1014D00004F09CF8064804F0BFF910F4007003D043
:1014E000034804F037F980B205B05DF804FB00BF93
:1014F000080600200000000008B507210820FFF7BB
:10150000D3FFFEF777FF0CA3D3E90023FEF7DCFF40
:1015100000220B4BFEF7D8FF00220A4BFEF7D4FF48
:101520000022094BFEF7D0FFFFF77EFA40F2EC43B2
:101530009842A8BF184608BD6666666666660A4099
:1015400000002640000059400000303F4FF0E022EC
:1015500010B50024D2F8FC3D43F08073C2F8FC3D86
:10156000074B1A685C6042F001021A6004F082FEC8
:10157000044BB0FBF3F0044B1860204610BD00BFD5
:10158000001000E040420F0010010020054B10B594
:101590005C6804F06FFE4FF47A73B0FBF3F0B4FBB9
:1015A000F0F010BD001000E070B50446FFF7EEFF4C
:1015B0000026054604F05EFE4FF47A723346B0FB17
:1015C000F2F200214FF0FF30FFF7C0FD84428E4160
:1015D000B8BF184B4FF47A76BCBF1B78E41804F000
:1015E00049FE0023B0FBF6F200214FF0FF30FFF779
:1015F000ADFD2C44A04271F100010ADA04F03AFE7C
:101600000023B0FBF6F24FF0FF310120FFF79EFD03
:101610000444AC4204D9FFF7B9FFA042FBD370BD2C
:10162000FFF7B4FFA042FBD8FFF7B0FFA042FBD307
:10163000F5E700BF7C0000200C4B0D495A68096893
:1016400001FB0020904208D85A68904209D3074A0B
:101650005368834207D3704700BF5A689042FBD853
:10166000704700BFF0E700BFF2E700BF001000E0E6
:101670001001002008B54FF0E0231A6922F004029F
:101680001A611A6922F002021A6104F0F3FD074B95
:10169000B0FBF3F0064B80B21880C0EB401300EBB8
:1016A0008300044BC000188008BD00BF00127A0000
:1016B0000E0100200C0100200B4B00221B88584318
:1016C0004FF0E02358619A611A6942F001021A61F1
:1016D0001A6902F00112012AFAD01A6922F00102F5
:1016E0001A6100229A6170470C01002003280BD078
:1016F00004284FF000030DD002280DD14FF0804296
:10170000506A536200B270470022044B586A5A6212
:1017100000B27047024AF3E71846704700040040E1
:101720000008004038B5194C194D6368012223F0B8
:101730007043636063684FF4004143F0405363605B
:10174000204604F0E1FBD5F83C310BB9002038BD50
:1017500001224FF480710F4804F0D6FB0120FFF7FF
:101760006BFF204600224FF4004104F0CDFBD5F87A
:101770003C41002CEAD10120FFF75EFF05482246DC
:101780004FF4807104F0C0FB0120E0E7000C014041
:10179000008021420008014038B5154C154D6368A2
:1017A000284623F0704363606368002243F040538F
:1017B00063604FF4807104F0A7FB00224FF40041F6
:1017C000204604F0A1FB0120FFF736FF2846012246
:1017D0004FF4807104F098FB204601224FF4004141
:1017E00004F092FBBDE838400120FFF725BF00BFA1
:1017F000000C014000080140194838B54368012237
:1018000023F07043436043684FF4004143F00043CA
:10181000436004F079FB0120FFF70EFF01224FF433
:101820008071104804F070FB0120FFF705FF33249E
:101830000D4DD5F83C2132B90A484FF4807104F0BF
:1018400063FB012006E0013C14F0FF0403D1FFF725
:10185000A3FF204638BD0120FFF7EEFEE9E700BFF9
:10186000000C0140000801400080214210B5144CDA
:10187000002220464FF4807104F046FB11480022FC
:1018800043684FF4004123F070434360436843F0E2
:101890004053436004F038FB0120FFF7CDFE0122E6
:1018A0004FF48071204604F02FFB0120FFF7C4FEA7
:1018B0002046BDE8104000224FF4807104F024BBA4
:1018C00000080140000C014010B5144C00222046D5
:1018D0004FF4807104F018FB1148012243684FF463
:1018E000004123F070434360436843F0405343603A
:1018F00004F00AFB0120FFF79FFE01224FF48071E4
:10190000204604F001FB0120FFF796FE2046BDE8CB
:10191000104000224FF4807104F0F6BA0008014034
:10192000000C01401B4B70B55A68044622F070420F
:101930005A605A684FF4807142F040525A6016481B
:10194000002204F0E1FA0825134E23064CBF0122C1
:1019500000224FF400410F4804F0D6FA0120FFF7AF
:101960006BFE01224FF48071304604F0CDFA012065
:10197000FFF762FE00224FF48071304604F0C4FA93
:10198000013D0120FFF758FE640015F0FF05E4B2A9
:10199000DBD170BD000C014000080140F8B50446E1
:1019A0000F4615461E46FFF7BDFE48B1600000F029
:1019B000FE00FFF7B7FFFFF71FFF18B9FFF7ECFEB8
:1019C000012010E03846FFF7ADFF0024FFF714FFB9
:1019D000A54205DD305DFFF7A5FFFFF70DFF18B944
:1019E000FFF7DAFE0020F8BD0134F1E7F8B506464E
:1019F00008250024174B184F5A6822F070425A608D
:101A00005A6842F000425A6000224FF48071384612
:101A100004F07AFA0220FFF70FFE01224FF48071E2
:101A2000384604F071FA0D4B6400D3F83C31E4B24F
:101A30000BB10134E4B20220013DFFF7FDFD15F0CA
:101A4000FF05E1D11EB1FFF711FF2046F8BDFFF7FA
:101A50003BFFFAE7000C01400008014000802142F2
:101A6000F8B505460F4614461E46FFF75BFE48B123
:101A70006D00EDB22846FFF755FFFFF7BDFE18B920
:101A8000FFF78AFE0120F8BD3846FFF74BFFFFF74E
:101A9000B3FEFFF747FE681CC0B2FFF743FFFFF736
:101AA000ABFE1CB9FFF778FE2046ECE7012C0CBF1B
:101AB00000200120FFF79AFF013C06F8010BE4B279
:101AC000EFE738B504460D46FFF72CFE2046FFF73A
:101AD00029FFFFF791FE2846FFF724FFFFF78CFE52
:101AE000FFF720FE601CC0B2FFF71CFFFFF784FE6B
:101AF0000020FFF77BFF0446FFF74EFE204638BD6F
:101B0000F8B507460E4615461C46FFF70BFE38464D
:101B1000FFF708FFFFF770FE3046FFF703FFFFF700
:101B20006BFE2544AC4203D1FFF736FE0120F8BD21
:101B300014F8010BFFF7F6FEFFF75EFEF2E710B5B3
:101B40001446FFF7BEFF2070012010BD07B58DF8C9
:101B500007200DF107030122FFF7D2FF03B05DF864
:101B600004FB2DE9F0411C4690469DF818500646AE
:101B70000F46FFF7A6FFC4F108039D40EDB2C8F180
:101B800007031D41FF23A4EB0804073408F10108F3
:101B900043FA04F403FA08F31C4300EA04022A435C
:101BA00039463046BDE8F041D2B2FFF7CFBF2DE94C
:101BB000F34190461F4601240DF1070205460E46EB
:101BC00004FA08F4FFF7BBFF9DF8072047B1224352
:101BD000D2B23146284602B0BDE8F041FFF7B6BFA9
:101BE00022EA0402F5E700002DE9F0412021054634
:101BF000274804F083F9274E20BB338801339BB27A
:101C000020212348338004F079F9234F3B7818438F
:101C1000C0B208B901233B70DFF88080204C98F8EF
:101C200000308BB93A78012A01BF237888F8002068
:101C3000013323702078022806D10023194A23702B
:101C4000138010E00023DBE72021114804F056F94F
:101C5000012808BF0023207804BF3B7088F80030BB
:101C6000012802D00020BDE8F0810E4A3188138897
:101C700001339BB2AB42138004D98D4202D90023B9
:101C80002370DDE78D42EDD2002323701380E9E756
:101C9000000801401A01002018010020170100204F
:101CA0001601002014010020024610B528B9BDE835
:101CB00010401021074804F027B9074C236801336E
:101CC0008342236005D11021024804F022F9002349
:101CD000236010BD000801401C01002070B50A46B9
:101CE000044601B101224FF40041124804F00CF9FE
:101CF0000825114E002220210F4804F005F9230683
:101D00004CBF012200221021304604F0FDF8013DB5
:101D100001222021304604F0F7F8640015F0FF0599
:101D2000E4B2E7D1BDE8704001224FF40041014820
:101D300004F0EAB800080140000C014070B5B0247E
:101D40000E4E00212046FFF7C9FF00210846FFF78D
:101D5000C5FF00211020FFF7C1FF002516F8350050
:101D600001210135FFF7BAFF802DF7D10134E4B22C
:101D7000B82C06F10106E4D170BD00BF200100209F
:101D8000002310B41C4607480022191801F83240FD
:101D90000132802AFAD10133082BF5D110BCFFF7AC
:101DA000CDBF00BF20010020030610B512D43F298B
:101DB00010D8012401F00703C3F107039C40C908B0
:101DC000064BC1F10701C9B203EBC000435C12B17D
:101DD0002343435410BD23EA0403FAE72001002003
:101DE0002DE9F74F88460C218146444600261F46C0
:101DF000203A1C4BD2B203EB021300931A4B9DF80E
:101E000030B001FB02330193B74202D103B0BDE809
:101E1000F08F0C2F21D1019B9D5D04F108035FFA27
:101E200083FA2B0658BFBBFA8BF2214604F101045A
:101E30004CBF5A4652094846E4B2FFF7B5FFA4EB3F
:101E400008026D00BA42EDB209D1C24609F10100A3
:101E50005FFA80F954460136D6E7009BDCE7A245DD
:101E6000DFD1F7E7D8990008C89F00082DE9F04FA7
:101E700000258046AA464FF00A094FF0010B87B0B3
:101E80009DF8406005925F1E720803910492FCB2B7
:101E9000FF2C27D107B0BDE8F08F09FB03F3013A0F
:101EA000D2B2FF2AF9D1059AB2FBF3F3B3FBF9F2F0
:101EB00009FB1233DAB2BAF1000F18D1AF4216DDC6
:101EC0009BB933462022CDF800B040460399FFF776
:101ED00087FF049B013C03EB080001355FFA80F8A3
:101EE000E4B2D5E722460123D9E74FF0010A3032A8
:101EF0003346CDF800B0D2B2E7E7F7B504460D4659
:101F00000127561E16F8013F0BB903B0F0BD7A2C1D
:101F100082BF1035EDB200243A2D03D90025FFF71A
:101F20002FFF2C46009720460C2329463278083490
:101F3000FFF756FFE4B2E5E710B53B4C002208215D
:101F4000204603F0E1FF6420FFF72EFB012220462C
:101F5000082103F0D9FF0021AE20FFF7BFFE0021CA
:101F6000D520FFF7BBFE00215020FFF7B7FE002170
:101F7000A820FFF7B3FE00213F20FFF7AFFE0021AE
:101F8000D320FFF7ABFE00210846FFF7A7FE002194
:101F90004020FFF7A3FE00218D20FFF79FFE0021C8
:101FA0001420FFF79BFE00212020FFF797FE002161
:101FB0000220FFF793FE0021A120FFF78FFE0021F2
:101FC000C020FFF78BFE0021DA20FFF787FE0021FB
:101FD0001220FFF783FE00218120FFF77FFE002102
:101FE000EF20FFF77BFE0021D920FFF777FE0021CD
:101FF000F120FFF773FE0021DB20FFF76FFE0021C9
:102000003020FFF76BFE0021A420FFF767FE0021C0
:10201000A620FFF763FE0021AF20FFF75FFEBDE8BB
:102020001040FFF7ADBE00BF000C01402DE9F04F9E
:102030007A4B87B0834240F0ED80794B794A1B7828
:10204000794F0A2B137025DD5A2B784E784D794C39
:10205000794800F0D280412B00F0D780452B00F06A
:10206000D680A3F14202022A4ED9A3F14602022AE7
:102070008CBF0022012200214FF0000C7B2B86F840
:1020800000C085F800C02270017040F0B1800122CC
:102090003A7022E021D00126684A644D644C6548BC
:1020A000654916702BB900222A70227002700A70DE
:1020B00013E0012B4FF0000201D12B70F5E7052B47
:1020C00002D12A702670F1E7A3F1020CBCF1020FD5
:1020D00014D82A70227002700E703A78012A16D134
:1020E000574958480A78835401320A7001224C49F2
:1020F0004A4807B0BDE8F04F05F027B8092BD2D009
:102100002A7022700670D2E700220121B4E7022A69
:10211000ECD1DFF83081DFF8289198F803304A4C91
:10212000502B0FD10122494B1A700021484B32220B
:10213000197000234348397089F80010236005F0B6
:10214000E7FAD3E798F80160232EEED099F800A0C3
:10215000DFF8FCB05546032D8BF8005007D8303E11
:10216000052EE2D8DFE806F03135383B3E4108EB7A
:10217000050313F8010C3038FEF73CF9CDE90001F6
:10218000AAEB0500FEF736F902460B46002031495E
:1021900006F07EF802460B462068CDE90423FEF7E0
:1021A0003BF9DDE90423CDE90201DDE90001FEF799
:1021B0008BF902460B46DDE90201FDF7CFFFFEF782
:1021C0005BFC013D2060EDB2C5E72268224B1A603E
:1021D000ABE72268214BFAE72268214BF7E7226838
:1021E000204BF4E72268204BF1E722681F4BEEE713
:1021F0007D2B7FF472AF02224AE700220021327069
:10220000002229702270027067E70122F6E700229F
:102210000121F4E707B0BDE8F08F00BF940700206C
:102220005A050020590500205805002069060020A5
:10223000680600206706002066060020650600206C
:102240005705002025050020200500204A06002013
:1022500024050020000024406C00002068000020BD
:1022600064000020600000205C0000203806002090
:1022700003788B54437811444B7083788B70C37808
:10228000CB70704707B54B1E092B01900ED8023951
:10229000082906D8DFE801F00D0F11131517191BD7
:1022A0001D0001220C4901A8FFF7E2FF03B05DF811
:1022B00004FB0522F6E70922F4E70D22F2E71122DA
:1022C000F0E71522EEE71922ECE71D22EAE72122CA
:1022D000E8E72522E6E700BF5B050020431E092B47
:1022E00037D824221C4B02381A70082806D8DFE899
:1022F00000F0090D1115191D21262B0005220620BD
:102300005A71704709220A205A7270470D220E2016
:102310005A737047112212205A74704715221620E2
:102320005A75704719221A205A7670471D221E20AE
:102330005A7770472122222083F8212070472522D6
:10234000262083F82520704729222A2083F8292077
:1023500070470020704700BF5B05002070B5284C17
:10236000284A237813B1284B1B782BB9274B1978AF
:10237000274B1B7839B13BB113780133DBB2312BDA
:10238000137028D870BD0B4613701F4B1D78204B5F
:102390001E7855EA06031F4B27D01A782AB91E4A21
:1023A00011681E4A116001221A70B6B11C4B1968DF
:1023B0001A4B1868FEF7B6FB174B1860194A1378CA
:1023C0000133DBB2322B1370DCD9104B26701D7039
:1023D00000231370D6E73C23D6E735B1124B1968BA
:1023E0000E4B1868FEF79CFBE6E71A78012AE5D148
:1023F0000A4A1168084A116000221A70DEE700BF1D
:102400009F0500209D050020660600209E050020F7
:10241000670600209C050020440600209805002047
:102420001C00002094050020180000204FF0320C02
:10243000F0B5104C104D2368411A2868A1EB4302F7
:10244000CF1A024401EB81000CFB07003C270B4E26
:1024500007FB020032682B601044094A2160904259
:10246000B8BF1046B0F5E15FA8BF4FF4E15030604F
:10247000F0BD00BF900500208C05002088050020DD
:10248000E0E3FFFF4FF4E1520028094BCBBF101AE5
:1024900000F5E1509A635A63CCBF58639863054ACC
:1024A000054B12681B681344044A1364704700BF4D
:1024B000000800403C06002070000020002C014075
:1024C000054B064A1968914201DA1A6003E041F6A9
:1024D000F4229142F9DC70475C0600200CE5FFFF16
:1024E0003220F8B5FFF780FB012819D1114C124DAD
:1024F00026788EB92B78012B0CD1104B10491F6810
:102500003846FEF7C9FD40B138460E49FEF7BAFD20
:1025100018B12E70012301E028700023237007E01A
:10252000022805D1084A1378B3FA83F35B091370C4
:10253000F8BD00BF8705002074000020540600206D
:10254000000020C1000020416406002070B50C4648
:1025500010490546FEF78CFD0F4E88B928460F49F5
:10256000FEF7A4FD60B93378012B09D040F2C523F2
:102570009C4205DD0A4B0B491868FEF779FD38B11E
:102580000120094B094A1B6803F2EE2313643070E3
:1025900070BD00BF000020C2740000200000204277
:1025A000E80500200000A0C13C060020002C0140EE
:1025B000012808B50CD102F03FF8064B1A68064B0B
:1025C0001A60064BB3F90200FEF760FB044B18607B
:1025D00008BD00BFEC05002054060020F8050020CF
:1025E0004C060020F8B51B4C064623780D46002B00
:1025F0002CD1194B19491F683846FEF791FA31461C
:10260000FEF736FD08B90020F8BD14493846FEF73C
:1026100089FA3146FEF74AFD0028F4D06B1C022BE4
:10262000F1D80F4B1B78012BEDD123700D4A137895
:102630000133DBB2322B89BF002313701370237078
:102640000835E0DA002301202370DDE7012BEDD00F
:10265000D9E700BF86050020440600200000204185
:102660007400002085050020B0F5805F2DE9F84F4B
:102670005AD196490B78012B09D1954A1378013329
:10268000DBB20A2B09BF0023137013700B70914A41
:10269000914C1378914D022B48D801332078137058
:1026A000FFF786FFFEF728FF8D4B8E4A8E49186094
:1026B00013680C6801332044642B1360086006D152
:1026C00090FBF3F0894B186000230B6013606420CB
:1026D000FFF7EAFA00210920FEF7E6FE0C23A0F539
:1026E000806090FBF3F0824B18602B78012B1BD19C
:1026F00000210320FEF7D8FEA0F58060FEF7C6FAA1
:102700007C49FEF717FB7C49FEF714FB05F038FE09
:102710007949FEF7C3FB794B01461860784B18687E
:10272000FEF700FA774B1860BDE8F88F4FF0000A0B
:10273000022082F800A0FEF7D9FF4042FEF7A6FA79
:102740007149FEF7ABFBFEF7BBFC704EDFF8C091A2
:1027500030602078FFF72CFF6E4B6F491868FEF74A
:102760009DFB6E4FC9F8000038686D4CA0F2EE205A
:10277000FEF78CFA6B49FEF791FBDFF8AC81C8F8E5
:102780000000FFF7ADFE31682068FFF72BFF574BC5
:1027900001281968206808BF85F800A0FFF7D6FE59
:1027A0002B781843C0B2002840F08E80FFF7D6FD8A
:1027B000544B20681968FEF7B3F95C4B1968FEF7B3
:1027C000B9FA5B4BD9F8001004461868FEF7B2FA64
:1027D00001462046FEF7A6F9564BD8F800100446ED
:1027E0001868FEF7A7FA01462046FEF79BF9524902
:1027F00000F10040FEF79EFAFEF762FCFEF746FA93
:102800004E4B044618604E4BDFF838811868FEF7CF
:102810003DFAD8F80050814629462046FEF780F957
:1028200001464846FEF786FA474B81461868FEF790
:102830002DFA2146FEF77EFA01464846FEF772F968
:10284000294682462846FEF76DF9DFF800910146D9
:102850002046FEF765F9D9F80010FEF763F93C4B06
:1028600083461868FEF712FA01465846FEF762FAE8
:1028700001465046FEF756F9FEF722FC354B3A6802
:10288000186042F2107390FBF3F31344B3F55C7FCE
:10289000A8BF4FF45C73B3F51B7FB8BF4FF41B7335
:1028A0006FF03B0130683B60C8F80040C9F8005049
:1028B000FFF7BCFD284C2060FFF702FE2068404275
:1028C000BDE8F84FFFF7DEBD0020F9E7480600201D
:1028D00049060020C4050020750000207400002077
:1028E000C0050020BC050020B805002058060020C7
:1028F0003C06002085EBA13B00002041B4050020F0
:10290000400600204406002093D8194260060020AB
:10291000500600204C060020333383417000002015
:10292000540600209A996940B00500201400002048
:10293000100000200C0000200000C842AC05002060
:1029400004000020A805002008000020A4050020A5
:1029500000000020A00500205C0600202DE9F043C7
:10296000012785B0B44CADF8047006460D46D4E995
:1029700000109046897C0222007801ABFFF70EF828
:10298000814628B14FF0FF38404605B0BDE8F083DE
:10299000C820FEF791FED4E900108DF804903A4665
:1029A000C97B007801ABFEF7F9FF0028EAD1D4E932
:1029B00000103A464979007801ABFEF7EFFF002896
:1029C000E0D1D4E900103A46897C007801ABFEF7EB
:1029D000E5FF0028D6D1D4E900103A46C97D007839
:1029E00001ABFEF7DBFF0028CCD1D4E900103A465A
:1029F0000979007801ABFEF7D1FF0028C2D1D4E9F4
:102A000000100C238DF804303A460979007801ABA8
:102A1000FEF7C4FF0028B5D10F20FEF74DFED4E924
:102A20000010A36A3A465B7A89788DF80430007802
:102A300001ABFEF7B3FF0028A4D1D4E90010A36ACC
:102A40003A461B7A49788DF80430007801ABFEF7DE
:102A5000A5FF002896D1A36A9B7AB8F1000F01D098
:102A600043F0E0038DF80430D4E9001001228979A5
:102A7000007801ABFEF792FF002883D1B8F1000F78
:102A800000F0D780A36ADB7A43F0E0038DF80430CE
:102A9000D4E900100122C979007801ABFEF77EFF6E
:102AA00000287FF46FAFB8F1000F02D0C820FEF706
:102AB00003FED4E9001040238DF804300122097987
:102AC000007801ABFEF76AFF00287FF45BAFD4E922
:102AD000001078238DF8043001224979007801AB89
:102AE000FEF75CFF074600287FF44CAF3220FEF76C
:102AF000E3FDD4E900108DF80470012249790078D3
:102B000001ABFEF74BFF00287FF43CAFD4E9001087
:102B10000222897A007801ABFEF7A2FF80460028E6
:102B20007FF430AF0C23BDF8047081467FBABFB28A
:102B3000B7FBF3F7C6E901003060C5E90100FFB259
:102B400028605FFA89F3BB4278D334688322E117A7
:102B500009040023200441EA1441FEF7F7FA3A463B
:102B60000023FEF7F3FA74688322E11709040023B7
:102B7000306041EA14412004FEF7E8FA3A460023A7
:102B8000FEF7E4FAB4688322E117090400237060B9
:102B900041EA14412004FEF7D9FA00233A46FEF731
:102BA000D5FAB0602B68D917090451EA13414FEAEE
:102BB000034004D540F2FF73C01841F10001C00A80
:102BC000002340EA41503A46C912FEF7BFFA6B684B
:102BD0002860D917090451EA13414FEA034004D58C
:102BE00040F2FF73C01841F10001C00A002340EA1F
:102BF00041503A46C912FEF7A9FAAB686860D91786
:102C0000090451EA13414FEA034004D540F2FF732F
:102C1000C01841F10001C00A40EA41503A46002381
:102C2000C912FEF793FA00283ADDA0F58030A860BB
:102C3000AAE618232AE700BF20000020D4E90010EC
:102C40000C22C97A007801ABFEF70AFF09F10109ED
:102C500000287FF497AEBDF804002B68C0BA034487
:102C6000BDF806102B606B68C9BA0B44BDF808208C
:102C70006B60AB68D2BA1344AB60BDF80A0033682E
:102C8000C0BA0344BDF80C1033607368C9BA0B4472
:102C9000BDF80E207360B368D2BA1344B36050E736
:102CA00000F58030C3E700BF13B50F4C94F8243013
:102CB00083B140008DF807000122D4E900100DF126
:102CC0000703C97B0078FEF769FE50B99DF807300D
:102CD000637406E0A37A23B10028EBD0637C002B59
:102CE000E8D002B010BD00BF2000002013B5564C44
:102CF000A37A1BB94FF0FF3002B010BD0023D4E916
:102D000000108DF807300122C97B00780DF1070310
:102D1000FEF744FE0028EDD1D4E9001001224979E4
:102D200000780DF10703FEF739FE0028E2D1D4E95F
:102D300000100122097900780DF10703FEF72EFE3D
:102D40000028D7D1D4E90030197994F82430002B29
:102D500040D00C238DF80730012200780DF10703D5
:102D6000FEF71CFE0028C5D1D4E90010C0238DF861
:102D70000730A37A0122DB0744BFE0238DF8073038
:102D8000097900780DF10703FEF708FE0028B1D19C
:102D9000D4E90010637C0122003B18BF01235B00D3
:102DA0008DF80730C97B00780DF10703FEF7F6FDBB
:102DB00000289FD10DF107038DF80700D4E900101A
:102DC000012249790078FEF7E9FD003818BF01209B
:102DD000404291E704238DF80730012200780DF17D
:102DE0000703FEF7DBFD002884D1A37C4BBBA37A4D
:102DF00013F0010F14BF60234023D4E900108DF8B5
:102E000007300122097900780DF10703FEF7C6FDAE
:102E100000287FF46FAFD4E90010637C0122003BEF
:102E200018BF01238DF80730C97B00780DF1070327
:102E3000FEF7B4FD00287FF45DAFD4E90010034B2A
:102E4000BEE74023D9E700BF20000020300000206B
:102E50000B4B1B7A032B0ED8DFE803F00F02070A97
:102E60004FF4FA730380002070474FF47A73F9E748
:102E70004FF4FA63F6E70023F4E7FA23F2E700BF22
:102E80002000002013B5184CA37A43B1B0F57A7F27
:102E90000ED008D8FA2823D0B0F5FA7F22D04FF010
:102EA000FF3002B010BDB0F5FA6FF8D1182300E082
:102EB0001023227A8DF80730B2EBD30F0ED0D4E96D
:102EC00000100122897900780DF10703FEF766FDF5
:102ED0000028E4D19DF80730DB0823720020E0E7EA
:102EE0000023E6E70823E4E7200000200C4A537A99
:102EF000032B12D8DFE803F00C02080A0423037046
:102F0000D27C3AB9002070470823F8E71023F6E78F
:102F10000223F4E75B000370F4E74FF0FF307047E3
:102F20002000002013B5174CA37A33B108280CD029
:102F300007D8022821D0042821D04FF0FF3002B05A
:102F400010BD1028F9D1182300E01023627A8DF803
:102F50000730B2EBD30F0ED0D4E900100122C979AB
:102F600000780DF10703FEF719FD0028E5D19DF863
:102F70000730DB0863720020E1E70023E6E708235F
:102F8000E4E700BF200000200C4BDB7A013B052B5F
:102F900010D8DFE803F0110307090B0D622303804B
:102FA000002070472A23FAE71423F8E70A23F6E7FC
:102FB0000523F4E70023F2E7BC23F0E7200000201C
:102FC00013B5184CA37A1BB94FF0FF3002B010BDF7
:102FD000BB2810D8612810D8292810D8132810D859
:102FE00009288CBF05230623E27A8DF807309A4220
:102FF00009D10020EAE70123F6E70223F4E70323DF
:10300000F2E70423F0E7D4E9001001228978007880
:103010000DF10703FEF7C2FC0028D5D19DF807305B
:10302000E372E6E720000020054A034692F82400F8
:1030300010B9D2891A8070474FF0FF30704700BF37
:10304000200000200A4B1B7A032B0DD8DFE803F089
:103050000206080A074B036000207047064BFAE798
:10306000064BF8E7064BF6E74FF0FF30704700BF1E
:10307000200000200000034300008342333303425A
:10308000333383410E4A537A032B16D8DFE803F01B
:103090000F02090C41F69C730380D27C52B90020C8
:1030A00070474FF48053F7E74FF40063F4E74FF4B1
:1030B0008043F1E75B080380F1E74FF0FF30704792
:1030C00020000020F8B5124E96F82430EBB9B47AFF
:1030D000C4B100F0FE05307D2C402843377C3474A9
:1030E00008D00120FFF7E0FD3DB9601B18BF4FF08D
:1030F000FF30F8BDFFF7D8FDF7E7FFF7F7FD002831
:10310000F3D037744FF0FF30F3E70020F1E700BF52
:10311000200000202DE9F341214F064697F8243086
:10312000884615468BB1BB7A7BB1D7E900100222E5
:10313000897A007801ABFEF793FC30B9BDF8044002
:1031400064BAA4B2A64205D928704FF0FF3002B08D
:10315000BDE8F0817B68396818785B88B4EB530F61
:103160000FD90122497C01ABFEF77AFC0028ECD193
:103170009DF80430DB0604D5FFF7B8FD6FF00100C1
:10318000E5E7D7E900104346C97A0078F2B2FEF7C6
:1031900067FC0028D9D1B4FBF6F4013C2C70D6E7CB
:1031A0002000002037B5394C0546A37C83426AD005
:1031B000636801221878236819790DF107036DB34C
:1031C000FEF74EFC18B14FF0FF3003B030BD9DF854
:1031D0000730D4E9001023F020038DF807300122D6
:1031E000097900780DF10703FEF7D8FB0028EAD132
:1031F0000320FEF761FA02238DF8073094F822309D
:1032000013B182238DF8073094F823307BB39DF8F7
:10321000073043F030038DF8073028E0FEF720FC3C
:103220000028D0D1D4E90010A27A9DF80730D20747
:103230004CBF43F0200303F0DF038DF80730012279
:10324000097900780DF10703FEF7A8FB0028BAD131
:103250000320FEF731FA94F8223094F82320003B43
:1032600018BF0123DB018DF80730002AD1D1D4E942
:1032700000100122097D00780DF10703FEF78EFB97
:103280000028A0D1A57400209FE700BF20000020E7
:1032900037B5164C054694F82330834220D00028D9
:1032A0000CBF00233023A27C8DF807301AB143F005
:1032B00002038DF8073094F822302BB19DF80730C7
:1032C00063F07F038DF80730D4E900100122097DF7
:1032D00000780DF10703FEF761FB20B984F8235055
:1032E000002003B030BD4FF0FF30FAE7200000208F
:1032F000282837B5054603D94FF0FF3003B030BD5D
:10330000254C90B9FFF7C4FFD4E900104FF4E063F7
:10331000ADF804300222897C007801ABFEF73EFB59
:103320000028E9D120750020E8E70120FFF7B0FF71
:103330002023012D8DF804301ED1002305208DF8A7
:103340000530FFF73DFED4E900109DF8053002225C
:103350009B0143F007038DF80530897C007801ABB1
:10336000FEF71CFB0028C7D108220123A27220739C
:103370002375FFF7A7FED6E7052D01D80123DDE76A
:10338000142D95BF022303230A20142094BF8DF827
:1033900005308DF80530D4E72000002073B51E4DB0
:1033A0000446AB7A1BB94FF0FF3002B070BD95F800
:1033B00024000028F7D12B7D4BB1631E272B04D8A6
:1033C000E0B2FFF795FF0020EFE7FFF791FFD5E9A7
:1033D0000010B4F57A7F28BF4FF47A74042C38BFFC
:1033E00004244FF47A76B6FBF4F4013C8DF80740E0
:1033F0000122497800780DF10703FEF7CFFA002883
:10340000D1D19DF807300133B6FBF3F0E8814008D5
:10341000FFF7D6FDD7E700BF2000002010F0700FA7
:103420000CBFB0FA80F3012373B504BF5B099B01A5
:10343000294D8DF807300446D5E900100122897C1A
:1034400000780DF10703FEF7A9FA30B100234FF021
:10345000FF36AB72304602B070BD9DF80730A10652
:1034600023F040032B7384F04003C3F380134FEA2F
:1034700083038DF807305EBFDBB243F002038DF8A3
:103480000730E20658BF9DF80730D5E900105CBF51
:1034900043F001038DF80730230758BF9DF807302C
:1034A0004FF001025CBF43F038038DF80730C97C50
:1034B00000780DF10703FEF771FA06460028C5D122
:1034C00014F0F70F01D0FFF7E3FE00233220AC72B7
:1034D0002B75FEF7F1F8BDE720000020802337B5FB
:1034E000474C8DF80030D4E900106B460122897CEE
:1034F0000078FEF753FA0546002861D16420FEF7F4
:10350000DBF8D4E900108DF800506B460122897C6D
:103510000078FEF743FA002852D1D4E900106B4638
:103520000622897D0078FEF79BFA002848D19DF895
:1035300005109DF8033089005B0003F0020301F0E1
:10354000040119439DF8013003F0010319433CD0F5
:10355000012952D0022930D10023E3744FF6FF73C2
:10356000E3812374FF23A3744FF0FF330122A36090
:10357000002324494FF4FA60C4F8163022734B60DC
:103580008B60A38262846362FFF77CFCC0B9022077
:10359000FFF7C8FCA0B92A20FFF712FD80B932203E
:1035A000FFF7FCFE60B9FFF78DFD48B9FFF7FAFDA4
:1035B000044628B9FFF732FF04E0134803F09CFEED
:1035C0004FF0FF34204603B030BDD4E900106B4605
:1035D0000122C9780078FEF743FA0028F0D19DF85F
:1035E000003013F00F0303D1084803F0EDFEE7E7C6
:1035F000042BB1D1064803F0E7FE0123ADE700BF7D
:1036000020000020360000203CA4000862A400082E
:10361000AFA40008F7B50D4616461AB94FF0FF30B3
:1036200003B0F0BD114CA37A002BF7D0676843BA02
:10363000ADF80430C0B27B8908449842EEDC2168C2
:103640000222097E387801ABFEF7A8F90028E5D1FF
:10365000D4E900103346497D0078EAB2FEF79EF9BE
:10366000003818BF01204042DAE700BF20000020E8
:10367000F7B50D4616461AB94FF0FF3003B0F0BD4E
:10368000114CA37A002BF7D0676843BAADF8043029
:10369000C0B27B8908449842EEDC21680222097E90
:1036A000387801ABFEF77AF90028E5D1D4E90010AB
:1036B0003346497D0078EAB2FEF7D2F9003818BFE8
:1036C00001204042DAE700BF200000202DE9F04F42
:1036D000244D89B095F8254081468A4616460193C7
:1036E00024B14FF0FF3009B0BDE8F08F0029F8D0C9
:1036F0004C4512D376BAADF80C60D5E90010022221
:10370000897E007803ABFEF749F90028E9D101234F
:1037100085F82530019BEB84E5E7A9EB0408B8F1B7
:10372000100FA8BF4FF010080AEB040B1FFA88F720
:103730005A4639462046FFF76DFF0028D1D1394659
:10374000204604AAFFF794FF0028CAD13A465846FB
:1037500004A903F0CDFF10B92744BCB2C8E76FF04D
:103760000100C0E72000002037B51D4C054694F845
:10377000243083421ED000B394F825306BB3002070
:10378000FFF792FA0020FFF70DFDE08CFFF706FE31
:10379000002360688DF807300122232100780DF1A5
:1037A0000703FEF7FBF8012084F82400FFF77CFAFA
:1037B000FFF79CFA002003B030BDFFF775FA237CB9
:1037C00060688DF807300122232100780DF107038E
:1037D000FEF7E4F884F82450EAE74FF0FF30EAE718
:1037E000200000202DE9F04FB34D95B095F824301E
:1037F00080468946009323B10020FFF7B5FF0123DF
:1038000000930DF11E00FFF723FB0DF11D00FFF7E4
:103810006DFB0DF12200FFF7B7FB08A8FFF704FCD2
:10382000AB7A002201932B7C494640460393FFF775
:1038300095F800287FD101220EA90BA8FFF78EF87A
:10384000002840F0A980686804220D2100780AABA6
:10385000FEF706F90446002800F0A6800024A346DF
:103860000EAE11AF56F8043B59F82B00C01A0028D1
:10387000B8BF4042FDF70AFA4FF05E51FDF75AFA21
:1038800057F8043B8246002118460293FDF7E6FBF9
:10389000002840F0CB80029B50461946FDF7FEFA07
:1038A0004FF07E51FDF73CF9844920F00040FDF7D0
:1038B000FDFB18B1012303FA0BF31C430BF1010BC1
:1038C000BBF1030FCED16868E3B202935A460D21D3
:1038D000007811ABFEF7C4F80446002840F0E980F8
:1038E00006464FF0010BBDF844309DF8462023F406
:1038F000604302F01F0223F0E003ADF844308DF87E
:1039000046200DF12C0A11AF5AF8043B58F8260056
:10391000C01A0028B8BF4042FDF7B8F94FF05E5119
:10392000FDF708FA17F8013B8146002B00F0B48040
:10393000634864498AE0002249464046FFF70EF892
:1039400000283FF478AF00244FF6FF730126EB8187
:103950002B744FF0FF33BDF81E00AB602E73FFF7E2
:1039600091FA9DF81D00FFF7DDFABDF82200FFF780
:1039700027FBBDF82000FFF711FD0198FFF74EFD72
:103980000398FFF79FFB009B13B13046FFF7ECFE57
:10399000204615B0BDE8F08F01220EA90BA8FEF756
:1039A000DDFF0028CFD14EE79DF828309DF82B2071
:1039B000DB10C2F3011103F01C030B438DF824301C
:1039C0009DF82930C2F38101DB1003F01C030B4387
:1039D0008DF825309DF82A3002F00302DB1003F049
:1039E0001C0313438DF826300023DFF8DCB0374981
:1039F0000DF1240A11AF1AF8016BAEB93B60013426
:103A0000E4B2032C07F10407F5D127E704930291F0
:103A1000FDF790F90299049B013E16F0FF0638600D
:103A2000F4D10AF8016CEAE75846F5E75046284910
:103A3000FDF71EFB00287FF43DAF5046254936E7D1
:103A4000CDE90413FDF776F9DDE90413013B13F02A
:103A5000FF03F5D1014607F8013C4846FDF71EFA81
:103A60004FF07E51FDF75CF8144920F00040FDF75F
:103A70001DFB10B10123B3401C430136032E7FF41C
:103A800043AFE4B2B4FA84F46409029B002B7FF4E0
:103A90005BAF44F0020457E70F49FDF7E9FA28B994
:103AA00048460E49FDF702FB0028E6D00BFA06F364
:103AB000E2E70024E9E700BF20000020295C0F3E78
:103AC0000000C84154E3853F7B14AE3E1D5A843F3D
:103AD0009A99993E3333733F000020410000D2424F
:103AE000704700001FB5084A01AB10685168127A90
:103AF00003C309211A704FF4976001AAFFF78AFDEA
:103B000005B05DF804FB00BF20A50008C8234FF4F2
:103B1000806240F6F6300149FFF7D8BD51A5000894
:103B200010B54A4B86B01A889B78ADF808208DF8FE
:103B30000A30474B00F003011A889B78ADF80C203F
:103B40008DF80E30434B04461A889B78ADF8102050
:103B50008DF81230404B1A889B78ADF814208DF800
:103B6000163001F118030DEB030111F8103CC0F3FE
:103B7000C1028DF8003002F118030DEB030212F8B8
:103B8000103C11F80C1C8DF80130C0F38113183370
:103B90006B4413F8100C12F80C2C13F80C3C8DF835
:103BA00002008DF804108DF8052003216A4640F2CA
:103BB00026408DF80630FFF72DFD18B14FF0FF308D
:103BC00006B010BD032140F22A4001AAFFF722FDF2
:103BD0000028F3D1049B6107ADF800304FEA13438E
:103BE0008DF80230059B4FF00301ADF804304FEA29
:103BF00013438DF8063041BF37238DF8003027235B
:103C00008DF80430A20641BF57238DF801304723B9
:103C10008DF80530E30542BF77238DF80230672326
:103C20006A464FF4886048BF8DF80630FFF7F2FC13
:103C30000028C3D1032140F2314001AAFFF7EAFC7A
:103C40000028BBD1054B1C81BAE700BF2AA500089C
:103C50002EA5000832A5000836A50008C8050020DA
:103C6000234B37B51A8902F00303C2F3C10150F8A0
:103C70002330540750F8215048BF5B42910648BF9B
:103C80006D42C2F38111D2051A4A50F8211085FB0A
:103C9000025048BF4942AD0F45EA800581FB021042
:103CA00083FB02329B0F8C0F43EA820344EA8004B9
:103CB0001BBA04214FF4747001AA0193FFF7AAFC08
:103CC00018B14FF0FF3003B030BD2DBA04214FF4CE
:103CD000757001AA0195FFF79DFC0028F1D124BA67
:103CE000042101AA4FF476700194FFF793FCEAE7F0
:103CF000C805002009E3CA027FB506460DF102009F
:103D0000FFF7C0F9214BBDF802401D89E40305F01F
:103D1000030356F82310C5F3C1036A0756F823209E
:103D200048BF4942AB0648BF5242C5F38113E8057C
:103D30004FEAE175A1FB041004FB05004FEA917105
:103D400041EA800109BA01914FEAE270A2FB042125
:103D500004FB001156F823304FEA927242EA8102C6
:103D600048BF5B4212BA0292D917A3FB043204FB8C
:103D700001229B0F43EA82031BBA0C2101AA4FF4D4
:103D800025700393FFF746FC04B070BDC805002002
:103D900010B50446144A86B01068516803AB03C3DB
:103DA0009068C82C186003D94FF0FF3006B010BDE2
:103DB00000238DF80430C823B3FBF4F30221013B48
:103DC00040F2162001AA8DF80530FFF723FC0028E9
:103DD000EAD10C2140F6C12003AAFFF71BFC002802
:103DE000E2D1024B9C81E1E73AA50008C80500201A
:103DF00073B504460846610715D0B0F5C86F12D8F0
:103E0000FCF740FF4349FDF749F806460DF1030072
:103E1000FFF76CF89DF80330082B5FD007D8022B12
:103E200011D0042B50D04FF0FF3002B070BD102BDA
:103E3000F9D14FF08A413046FCF77CFFFDF766F977
:103E4000354985B208E04FF08D413046FCF772FFEE
:103E5000FDF75CF9314985B23046FCF76BFFFDF7A1
:103E600055F980B26DBA40BAE207ADF80450ADF82A
:103E700006003DD4A30710D502214FF4EC7001AA2F
:103E8000FFF7C8FB0028CED102214FF494700DF14A
:103E90000602FFF7BFFB0028C5D114F00400C4D010
:103EA00002214FF4EE7001AAFFF7B4FB0028BAD14B
:103EB00002214FF496700DF10602FFF7ABFB0038BC
:103EC00018BF01204042B0E74FF08C413046FCF76C
:103ED00031FFFDF71BF9124985B2BDE74FF08B4169
:103EE0003046FCF727FFFDF711F90E4985B2B3E71D
:103EF00002214FF4EA7001AAFFF78CFB002892D14F
:103F000002214FF492700DF10602FFF783FB0028A7
:103F1000B0D088E7000048430000C044000040469D
:103F20000000C0450000404510F0010318BF3023D9
:103F300007B582078DF8073042BFDBB243F00C03B0
:103F40008DF80730430748BF9DF807304FF0010157
:103F500048BF43F003030DF107024FF4A47048BFBC
:103F60008DF80730FFF756FB03B05DF804FB04281B
:103F700007B528BF0420012838BF012001388DF87B
:103F8000070001210DF1070240F24F10FFF742FB3D
:103F900003B05DF804FB052307B5B0FBF3F040BAAE
:103FA000ADF80400022101AA4FF4EF70FFF732FBD5
:103FB00003B05DF804FB052307B5B0FBF3F040BA8E
:103FC000ADF80400022101AA4FF4ED70FFF722FBC7
:103FD00003B05DF804FB4FF47A7307B590FBF3F080
:103FE000484300BA0190042101AA4FF4AE70FFF7D4
:103FF00011FB03B05DF804FB052307B5B0FBF3F03C
:1040000040BAADF80400022101AA4FF4AD70FFF7E9
:1040100001FB03B05DF804FB052307B5B0FBF3F02B
:1040200040BAADF80400022101AA4FF4AC70FFF7CA
:10403000F1FA03B05DF804FB1FB520B105B05DF8DF
:1040400004EBFFF74FBD084A01AB10685168127AC4
:1040500003C309211A704FF4976001AAFFF7DAFA37
:1040600005B05DF804FB00BF47A5000807B560B1C7
:10407000074B042101AA40F698200193FFF7CAFAE2
:10408000FEF734FE03B05DF804FB4FF08B33F0E72E
:10409000C0C2C4C607B560B1074B042101AA40F6EF
:1040A0009E200193FFF7B6FAFEF720FE03B05DF8FD
:1040B00004FB4FF0A333F0E7202830382DE9FF410F
:1040C000684B042101AA044668200193FFF7A2FA75
:1040D000A32314F0400803BF19461A461846C82106
:1040E0001CBFC222C02014F4C0768DF804300CBF6F
:1040F000A323C4238DF806108DF8072004BF1946AA
:104100001A468DF808304FF0A3031CBFCC21C622FD
:104110008DF80B304AF2A3338DF805008DF80910A5
:104120008DF80A200A2101AA40F6A720ADF80C302C
:10413000FFF770FA14F003070CBFD82320230121E6
:1041400040F6B62001AA8DF80430FFF763FA14F0A8
:10415000200077D0FFF7C6FCD6B104F48073002BA3
:1041600015BFB220B0208B21802115BFB622B4220A
:104170009B2390238DF804008DF805108DF8062000
:10418000042140F6A22001AA8DF80730FFF742FA79
:10419000E3075AD5F82301AA01214FF40B608DF8EB
:1041A0000430FFF737FAFA210720FFF721FE072036
:1041B000FFF7BAFE0120FFF7DAFE6420FFF7EBFEFF
:1041C0004FF4FA70FFF7F7FEC8212748FFF703FF07
:1041D0002820FFF711FF0A20FFF71EFF14F0020F3F
:1041E0000CBFD823D923012101AA40F23D708DF8DC
:1041F0000430FFF70FFA14F0040018BF0120FFF796
:1042000035FF14F0100018BF0120184DFFF742FFD2
:1042100044F008036B81FEF769FDB8F1000F0CBF95
:1042200000230623DEB9AB7314F0140F1EBFAB7B63
:104230001033AB7317B1AB7B0433AB73002004B006
:10424000BDE8F081FFF7F8FE86E7D823012101AA37
:104250004FF40B608DF80430FFF7DCF9BEE706334E
:10426000E1E700BF02CAE30909E3CA02C80500206A
:104270002DE9F04F9946002389B0129DDFF84CA13B
:104280000746884693466946139A9AF80E002B8093
:10429000FEF740FF064650BBBAF80A3013F0140F81
:1042A00000F09180019A009814BA4FEA244C0CFB5C
:1042B0000CFC00BACBF80000001400FB00C002990F
:1042C000039A09BACBF80810091401FB010112BACC
:1042D000CBF80C20121402FB021202F17142B2F16F
:1042E000007FCBF8044008D9FEF700FD2E804FF088
:1042F000FF36304609B0BDE8F08F2A8842F480725C
:104300002A801022580620D502F12001694411F8B4
:10431000204C11F81F0C063240EA0420A8F80000D7
:1043200011F81E4C11F81D0CD2B240EA0420A8F876
:10433000020011F81C0C11F81B1C41EA0021A8F81E
:104340000410298841F00801298013F4C07F1DD092
:1043500002F12001694411F8204C11F81F0C0632BB
:1043600040EA0420388011F81E4C11F81D0CD2B21E
:1043700040EA0420788011F81C0C11F81B1C41EA5B
:104380000021B980298841F070012980990716D051
:104390000DEB02046378E578DA0708D5DAF8003027
:1043A0002BB105F007010131C5F3C20098476378CE
:1043B0001B0704D5DAF804300BB1A8099847484622
:1043C000FFF78EFB95E702469CE700BFC80500207B
:1043D00090F90030002B0CDC0DD190F90130002B4E
:1043E0000BDC0CD190F90230002B0ADC0BD006203C
:1043F0007047002070470420704701207047052057
:104400007047022070470720704707B503230090CC
:1044100002226B21D020FDF7A4FB03B05DF804FB62
:1044200007B50223009004221B21D020FDF799FB41
:1044300003B05DF804FB07B50223009004221C21A1
:10444000D020FDF78EFB03B05DF804FB0346062287
:104450006B21D020FDF7ABBB034605226A21D0209B
:10446000FDF7A5BB034601223721D020FDF79FBBF6
:1044700008B50220FFF7C9FF0320FFF7D1FF002096
:10448000FFF7D9FF0020FFF7E1FF0020FFF7E4FF6F
:10449000BDE808400020FFF7E5BF0000002330B56D
:1044A00089B0012275218DF8003068206B46FDF738
:1044B000D7FA0123514C5248237002F085FF9DF832
:1044C0000030682B0CD0BFF34F8F4E494E4BCA685B
:1044D00002F4E0621343CB60BFF34F8F00BFFDE7F0
:1044E000FEF7FCFF002840F084807820FEF796FF5E
:1044F00010B9434802F068FF7820FEF7E3FD10B9D9
:10450000424802F061FFC820FEF748FF10B940485A
:1045100002F05AFFFFF7FAFA10B93E4802F054FFD2
:104520003D48FFF755FF02463C48FFF751FF014663
:104530003B48FFF74DFF830143EAC100104380B2BF
:10454000FFF7EEFA10B9374802F03EFF40F2731061
:10455000FFF7B4FD10B9344802F036FFC820FFF76A
:1045600017FC10B9314802F02FFF05A902A8FFF788
:1045700039F9072836D101A8FEF764FD019D02989C
:10458000FCF784FB2946FCF7D5FBFCF799FD02906C
:104590000398FCF77BFB2946FCF7CCFBFCF790FD6E
:1045A00003900498FCF772FB2946FCF7C3FBFCF769
:1045B00087FD049002A8FFF753FB0DF10200FEF700
:1045C00061FDBDF80220059B05A853430593069B9A
:1045D00053430693079B53430793FFF78DFB144800
:1045E00002F0F2FE0120FFF7BFF810B9114802F007
:1045F000EBFE0023237009B030BD00BF640600202D
:1046000047B1000800ED00E00400FA0567B10008BA
:104610008BB10008B0B100084C0000204F00002012
:1046200052000020E1B1000806B200082AB20008DA
:104630004DB200086EB200082DE9F04F6E4C89B003
:104640000DF10B0301936D4903AB6D48009404AA6F
:10465000FFF70EFE2388DB0540F1C5800498FCF7C8
:1046600015FB4FF04251FCF765FB664B06461860A0
:104670000598FCF70BFB4FF04251FCF75BFB624BDC
:10468000054618600698FCF701FB4FF04251FCF715
:1046900051FB5E4B044618600798FCF7F7FA4FF0A1
:1046A0004251FCF747FB5A4B074618604FF0404118
:1046B0002846FCF73FFB314680463046FCF732FA8D
:1046C000414682463846FCF735FB51468146204636
:1046D000FCF730FB01464846FCF724FAFBF79CFE4A
:1046E00003F0ACFD42A3D3E90023FBF7EDFEFCF79A
:1046F000C3F9484B214618602046FCF713FA41469F
:1047000083462846FCF716FB594680462046FCF7B0
:1047100011FB01464046FCF703FA4FF07E51FCF7CF
:1047200001FAFBF779FE8046894638465946FCF780
:1047300001FB514683462846FCF7FCFA01465846E1
:10474000FCF7F0F9FBF768FE42464B4603F09EFD8E
:1047500027A3D3E90023FBF7B7FEFCF78DF92E4B17
:10476000314618603046FCF7E5FA2946804628466F
:10477000FCF7E0FA01464046FCF7D4F921468046B2
:104780002046FCF7D7FA01464046FCF7C9F93946FE
:1047900080463846FCF7CEFA01464046FCF7C0F9A1
:1047A000FBF73AFE8046894628462146FCF7C2FAC6
:1047B000394604463046FCF7BDFA01462046FCF770
:1047C000B1F90146FCF7AEF9FBF726FE42464B462F
:1047D00003F05CFD06A3D3E90023FBF775FEFCF7AD
:1047E0004BF90E4B186009B0BDE8F08FAFF30080B5
:1047F0006666666666A64C40F0050020F20500205D
:10480000F805002058000020E0050020DC0500200D
:10481000D8050020EC050020E8050020E405002074
:1048200073B50021804A0846FDF767FB7F4B197876
:10483000002900F0C78000217D4A46207D4CFDF70D
:104840005CFB0A2100207C4AFDF757FB2368002B04
:1048500080F2BA80794A0A215020FDF74EFB0C23E2
:1048600022680093032352420A215F20744CFDF713
:10487000FDFA14210020734AFDF73FFB2368724DB7
:10488000002B80F2AB806D4A14215020FDF735FBE0
:104890002B6822681A440C23009303235242642499
:1048A0000C2514215F20FDF7E1FA1E210020674A44
:1048B000FDF723FB664E1E213A20664AFDF71DFBDD
:1048C0001E215020644AFDF718FB3268022392FB38
:1048D000F4F21E212D200095FDF7C8FA326802235C
:1048E00092FBF4F1442004FB112200951E21FDF7F8
:1048F000BDFA336893FBF4F204FB1233092B06DC98
:10490000022300221E213E200095FDF7AFFA282148
:104910000020524AFDF7F1FA514B00211C68204655
:10492000FCF7A6FB002865D020464E49FCF7FAF8B4
:10493000FCF7ECFB0C23024628212D2000934A4C67
:104940000323FDF793FA32210020484AFDF7D5FAF8
:1049500000212068FCF78CFB00284DD03221374A1B
:104960004620FDF7CAFA20680C2500F10040FCF74C
:10497000CDFB02230246322150200095FDF776FA46
:1049800032216020334AFDF7B8FA246804F100446C
:104990002046FCF795FBFCF779F901462046FCF729
:1049A000BFF83349FCF7C6F9FCF7B0FB0123024618
:1049B00032216A200095FDF759FA02B0BDE8704037
:1049C000FDF7BCB92B4A38E72B4A0A215020FDF7E6
:1049D00094FA0C2300932268032345E71421264A06
:1049E0005020FDF78AFA0C2321682A6800930A44B4
:1049F000032354E720469BE732211F4A4620FDF758
:104A00007CFA2068FCF782FB0C2502460223322147
:104A100050200095FDF72AFA322160200D4AFDF75B
:104A20006CFA2468B4E700BF91B20008740000205B
:104A300098B2000860060020A0B20008A8B20008E2
:104A400070000020ACB200083C060020B2B20008A2
:104A500058060020B8B20008BAB20008BCB200087C
:104A6000540600200000B44344060020C2B20008EF
:104A7000000020419CB20008AAB20008000000001B
:104A80003B4BF0B51C6887B0A4F2C6246400A31C9D
:104A900038DBB4F5977F37DC032394FBF3F4354A16
:104AA000354B16781F68B6FA86F3344D5B091370E0
:104AB0002B78012B2AD10024CDE90344304B314916
:104AC0001868FCF737F9FCF7FBFA2F4B02901868CF
:104AD0002C49FCF72FF9FCF7F3FA2C4B01901868DE
:104AE0002B49FCF727F9FCF7EBFA2A4B2A4A2B490A
:104AF00000901B6812680968294802F0FDFB2C70C1
:104B000007B0F0BD0024CAE76424C8E7254B186845
:104B1000FCF7D6FA0546AEB13846FBF76BFC12A39C
:104B2000D3E90023FBF7FAFDFBF77EFF80EAE07292
:104B3000A2EBE072D2B22346114600951A4802F069
:104B4000DBFBDDE7194B1C6C194B1868FCF7B8FA56
:104B5000234602462946174807B0BDE8F04002F058
:104B6000CBBB00BFAFF30080CDCCCCCCCCCCF43FE2
:104B700058060020FE050020600600204A0600209E
:104B800018000020000020411C00002044060020E6
:104B90000000C8420000002008000020040000209F
:104BA000CBB2000854060020E6B20008002C0140F9
:104BB00050060020F6B200081A4B70B51868FCF7D2
:104BC00065F81949FCF76AF9184B01211860184B70
:104BD000184C1868FDF756FB174B02211868FDF7B3
:104BE00051FB164B164D186CFCF74CF80321FDF7E2
:104BF00049FB0320FDF772FB124B134A1870002388
:104C000019461370DEB2B04202D801B1107070BD07
:104C100029684906FCD514F8011B0133696001219C
:104C2000F0E700BF580600200000C8420006002040
:104C3000540600205B05002050060020002C014097
:104C40000038014004060020050600201FB5114869
:104C5000114A0023012402604FF46022CDE90133A0
:104C60000393836003730375C2614360046100F0C2
:104C7000B9FE08B100F06CF90323CDE9013400233B
:104C8000044801A9039300F069FD08B100F060F940
:104C900004B010BD0806002000240140102210B509
:104CA000044688B00DEB0200002102F031FD2268BD
:104CB000174B9A422AD103F56C439A69032442F4B4
:104CC00000729A619A69134802F400720192019A83
:104CD0009A6904A942F004029A619A6902F00402F6
:104CE0000292029A9A6942F008029A619B6903F063
:104CF00008030393039B0823CDE9043401F026F84D
:104D0000054804A9CDE9044401F020F808B010BD1D
:104D10000024014000080140000C014010222DE950
:104D2000F04188B00DEB0200002102F0F1FC2F4BA6
:104D30002F4F9A692F4D42F020029A619A693846A6
:104D400002F020020192019A9A6948F2101142F091
:104D500004029A619A69012402F004020292029A02
:104D60009A69002642F008029A619B69012203F0C9
:104D700008030393039B01F0C7F80122284648F279
:104D8000380101F0C1F84FF0030848F2101338461B
:104D900004A9CDE90434CDE9066800F0D7FF20234B
:104DA000384604A9CDE90436069400F0CFFF4FF44D
:104DB0008052114B284604A9CDE90423069400F043
:104DC000C5FF48F23803284604A9CDE90434CDE9EB
:104DD000066800F0BBFF22460221282000F002FFF7
:104DE000282000F02FFF08B0BDE8F081001002403D
:104DF00000080140000C01400000211010B594B0E3
:104E0000142200210CA802F083FC142200210DEBD7
:104E1000020002F07DFC1022002101A802F078FCC3
:104E200002244FF480330122CDE91143CDE90A2356
:104E30004FF4E0130AA80E92139301F07FF808B123
:104E400072B6FEE70F23CDE905344FF48063079077
:104E5000CDE90830214605A801F046FA08B172B63E
:104E6000FEE74FF4004301A80194039301F0F8FA20
:104E700008B172B6FEE714B010BD000008B500F02E
:104E8000A7FBFFF7BBFFFFF749FFFFF7DFFE00F0CF
:104E900037FA00F029F900F055F900F085FA00F032
:104EA000C3FA00F0DDFA282000F0DAFEFCF7E2FB9E
:104EB0001D4800F015FE00211C4801F023FE0421CE
:104EC0001A4801F01FFE0C21194801F01BFE3C217D
:104ED000184801F025FC3C21174801F021FCFDF7A2
:104EE0002BF8FFF7C5FAFFF7D9FA144800F032F8AB
:104EF00001221349114802F028F9282000F0A2FEEF
:104F0000FFF78EFC0F4B1B7853B9FFF7B9FDFFF786
:104F100087FC01220C4B1A7000220C4B1A70FEE722
:104F2000FFF74AFEF5E700BF0806002074060020E0
:104F30004C07002004070020BC0600209407002036
:104F40005A0500206406002048060020490600207B
:104F500072B6FEE7044B02221860044B1868002367
:104F60008068194602F038BA6C06002090000020D4
:104F7000022808B505D902F019FC092303600020B6
:104F800008BD0120FCE700000138012810B51446D7
:104F90000BD809484FF0FF33006892B201F0AEFE23
:104FA000002818BF0524204610BD02F0FFFB09238E
:104FB0004FF0FF340360F6E76C060020022808B5C6
:104FC00006D902F0F3FB092303604FF0FF3008BD60
:104FD0000020FCE708B502F0E9FB092303604FF06D
:104FE000FF3008BD08B558B909484FF0FF3301221A
:104FF000006801F0D8FE002814BF0520012008BD7C
:1050000002F0D4FB092303604FF0FF30F7E700BF45
:105010006C060020022808B504D84FF400534B60FA
:10502000002008BD02F0C2FB09230360F8E700007E
:10503000104B07B59A69052042F001029A619A69FE
:1050400002F001020092009ADA6942F08052DA61BD
:10505000DB6903F080530193019B00F0B1FD064A28
:10506000536823F0E06343F00073536003B05DF8CE
:1050700004FB00BF0010024000000140FEE7FEE715
:10508000FEE7FEE7FEE770477047704700F0B2BAF0
:10509000014801F041BF00BF940700204FF4805049
:1050A00000F040BF0B4A0346116810B509B90A4920
:1050B0001160106809490A4C0344091B8B4206D948
:1050C00002F074FB0C2303604FF0FF3010BD13603F
:1050D000FCE700BF7006002070090020005000208F
:1050E000000400007047000010B58CB000212022A1
:1050F00004A802F00DFB00244FF08043104803A9E0
:10510000C0E900344FF6FF73C0E90334032303936F
:105110000123CDE90144846084610593099301F082
:10512000BDFB08B1FFF714FF054801A9CDE9014413
:1051300001F0EAFC08B1FFF70BFF0CB010BD00BF97
:105140000407002010B500248CB00021202204A800
:1051500002F0DEFA1048114B03A9C0E900344FF603
:10516000FF73C0E90334032303930123CDE9014412
:10517000846084610593099301F090FB08B1FFF707
:10518000E7FE054801A9CDE9014401F0BDFC08B1E5
:10519000FFF7DEFE0CB010BDBC060020000400408E
:1051A00003680F4A82B093420BD10E4B9A6942F4C6
:1051B00000629A619B6903F400630093009B02B054
:1051C0007047094A9342FAD1064BDA6942F0040269
:1051D000DA61DB6903F004030193019BEFE700BF91
:1051E000002C01400010024000080040102210B5C1
:1051F000044688B000210DEB020002F089FA236812
:10520000B3F1804F1BD103F50433DA6942F0010298
:10521000DA61DA6902F001020092009A9A6942F0BA
:1052200004029A619B6903F004030193019B032329
:105230000F4804A9049300F089FD08B010BD0D4A81
:105240009342FAD10C4BDA6942F00202DA61DA6970
:1052500002F002020292029A9A6942F004029A61F2
:105260009B6903F004030393039BC023E0E700BFA3
:1052700000080140000400400010024010B5044640
:1052800086B01022002102A802F042FA2368174AD1
:10529000934215D1164B4FF400619A69154842F0BC
:1052A00004029A619B6903F004030093009B0223AC
:1052B000CDE90213059302A900F048FD06B010BD28
:1052C0000D4A9342FAD10A4B0C489A6902A942F05E
:1052D00008029A619B69C02203F008030193019BB5
:1052E0000223CDE902230593E6E700BF002C01402D
:1052F000001002400008014000080040000C01407E
:1053000010B5002492B01C22214603A8CDE9014427
:1053100002F0FEF9202221460AA802F0F9F99023B2
:105320001F48204AC0E90544C0E9002342F20F7338
:105330008460C0E9033401F085FA08B1FFF708FE84
:10534000174801A9CDE9014401F0DEFB08B1FFF7E0
:10535000FFFD0C220024602311480DEB0201CDE972
:105360000334CDE907440594099401F017FB08B113
:10537000FFF7EEFD4FF4005309480AA9CDE90A44AE
:10538000CDE90C440E940F93119401F0EBFB08B19E
:10539000FFF7DEFD0248FFF771FF12B010BD00BF3E
:1053A0004C070020002C014010B500248AB01C22BC
:1053B000214603A8CDE9014402F0AAF91848194B87
:1053C0008460C0E9003441F61F438461C0E90334BE
:1053D00001F038FA08B1FFF7BBFD114801A9CDE98A
:1053E000014401F091FB08B1FFF7B2FD00226023F8
:1053F0000B4803A9CDE903320592079201F0CEFADA
:1054000008B1FFF7A5FD0422054803A901F0C6FA7B
:1054100008B1FFF79DFD0248FFF730FF0AB010BD4D
:10542000740600200008004008B54FF4FA330A481B
:105430000A4AC0E9002300230C22C0E90233C0E974
:1054400005230361C36101F02BFC18B1BDE80840DE
:10545000FFF77EBD08BD00BFD8070020003801401F
:1054600008B54FF416530A480A4AC0E9002300233E
:105470000C22C0E90233C0E905230361C36101F0D6
:105480000FFC18B1BDE80840FFF762BD08BD00BFC2
:105490009407002000480040102210B5044688B050
:1054A0000DEB0200002102F033F92368304A9342E9
:1054B00029D1304B4FF400719A692F4842F4804251
:1054C0009A619A6902F480420092009A9A6942F0C5
:1054D00004029A619B6903F004030193019B022378
:1054E000CDE90413032304A9079300F02FFC4FF424
:1054F0008060002304A9CDE904031F48069300F04F
:1055000025FC08B010BD1D4A9342FAD1194B04A9DD
:10551000DA691B4842F48022DA61DA69002402F475
:1055200080220292029A9A6942F008029A619B696B
:105530004FF4806203F008030393039B0223CDE939
:1055400004230323079300F001FC4FF4006304A934
:105550000B48CDE90434069400F0F8FB0122214603
:10556000272000F03FFB272000F06CFBC9E700BFBD
:10557000003801400010024000080140004800408F
:10558000000C01400C480D490D4A002302E0D4589C
:10559000C4500433C4188C42F9D30A4A0A4C00237D
:1055A00001E013600432A242FBD3FFF79BFD02F03F
:1055B00003F9FFF763FC704700000020F0000020B3
:1055C00010B40008F00000206C090020FEE7000085
:1055D000074A08B51368032043F01003136000F076
:1055E000EFFA0020FBF7B2FFFFF722FD002008BD15
:1055F00000200240034A044B11681B780B441360DF
:10560000704700BF1C0800207C000020F7B5002672
:1056100004460D460196FBF7B9FF236807469A68D2
:10562000D10508D50120A36A84F8246043F0200343
:10563000A36203B0F0BD5A68D20503D4DB6A13F449
:10564000700F3DD03D4B02201E6800F083FF2368A1
:105650003B4A1969B6FBF0F611423A4A51D1D86873
:10566000394908424DD1196911425BD1DA68374B8B
:105670001A4214BF292314235E43019BB34223D251
:105680006A1C04D0002D53D1019BB3420AD3019B65
:1056900001330193F1E76E1C13D065B923681B68D1
:1056A00098070DD4A36A032043F00403A3620023E8
:1056B00084F82430BDE7FBF769FFC01BA842EDD892
:1056C000226813689907E6D56FF012032268136009
:1056D000A36A43F40073A362936803F46023B3F5F1
:1056E000602F0CD1237B53B9A36A23F48073A36288
:1056F000A36ADB0403D4A36A43F00103A36200207E
:1057000097E71969114203D1D968104A11420BD0A9
:1057100019690F4A114209D1DB68134214BFFC23F7
:105720005423A9E72923A7E75423A5E7FC23A3E7EC
:10573000FBF72CFFC01BA842A6D8A8E778000020E2
:105740002449922492244912244992009224490027
:10575000499224000368D86C70470000002373B599
:10576000019390F824300446012B6CD0012380F87B
:1057700024304D680268062D086805EB850322D8A1
:105780001F26556B053B9E4025EA060500FA03F3EC
:105790002B43536309288B6800EB40054FF007014A
:1057A00029D9D6681E3DA94026EA0101AB400B432A
:1057B000D360A0F11003012B25D90020002384F829
:1057C000243002B070BD0C2D4FF01F0509D8166BA8
:1057D000233B9D4026EA050500FA03F32B431363A0
:1057E000D8E7D66A413B9D4026EA050500FA03F357
:1057F0002B43D362CEE71069A94020EA0101AB40F8
:105800000B431361D9E7114B9A4216D193681B02DF
:10581000D3D49368102843F400039360CDD10C4B8C
:105820000C4A1B68B3FBF2F30A2253430193019B1A
:10583000002BC2D0019B013BF8E7A36A012043F093
:105840002003A362BAE70220BBE700BF00240140A7
:105850007800002040420F00806A7047002337B56F
:105860000193036804469A68D20702D5002003B06A
:1058700030BD9A6842F001029A60144B144A1B68CA
:10588000B3FBF2F30193019BE3B9FBF77FFE0546FF
:1058900023689B68DB07E9D4FBF778FE401B0228EE
:1058A000F6D923689B6813F00103F1D1A26A0120A5
:1058B00042F01002A262E26A84F8243042F001024F
:1058C000E262D4E7019B013BDCE700BF78000020E7
:1058D00040420F0010B590F824300446012B54D0FC
:1058E000012380F82430FFF7B9FF002849D1A36ACB
:1058F000274A23F4407323F0010343F48073A36227
:105900002368934204D123494A6812F4702F2ED1A0
:10591000A26A22F48012A2625A68520541BFA26AAA
:1059200022F4405242F48052A262A26A12F48052DF
:105930001CBFE26A22F00602E262002284F8242000
:105940006FF002021A609A6802F46022B2F5602FCA
:1059500013D10F4A934205D1A2F58062526812F426
:10596000702F0AD19A6842F4A0029A6010BDA26A10
:1059700042F48012A2624A68CFE79A6842F4801229
:10598000F3E7002384F82430F0E70220EEE700BFBD
:10599000002801400024014038B5036804469A6895
:1059A000D10701D4002038BD9A6822F001029A6024
:1059B000FBF7ECFD054623689B68DB07F2D5FBF798
:1059C000E5FD401B0228F6D923689B68DA07F2D56B
:1059D000A36A012043F01003A362E36A43F00103CA
:1059E000E362E0E7F8B5044600286DD0836A23B986
:1059F000C36280F82430FFF751F92046FFF7CCFF4F
:105A0000A36A13F0100361D100285FD1A26A616814
:105A100022F4885222F0020242F00202E569A668EE
:105A2000A262227B2943B6F5807F41EA420136D04B
:105A3000771E7D427D412D02277D012F06D182BB3D
:105A4000A269013A45EA423242F400652268B6F59D
:105A5000807F576827F4694745EA070555609768CE
:105A60001D4D05EA070545EA0105956001D0012EA7
:105A700002D12369013B1B05D56A25F470052B4330
:105A8000D3629268154B1340994213D10023E3620D
:105A9000A36A23F0030343F00103A362F8BD354674
:105AA000CAE7A26A42F02002A262E26A42F0010260
:105AB000E262CBE7A36A23F0120343F01003A36270
:105AC000E36A43F00103E3620120E7E7A36A43F0DE
:105AD0001003A362F8E700BFFDF7E1FFFE0E1FFF12
:105AE000002373B5019390F824300446012B62D053
:105AF000012380F82430FFF74FFF0546002832D1FC
:105B0000A36A022023F4885323F0020343F0020324
:105B1000A3622A4B1E6800F01DFDB6FBF0F676006E
:105B20000196019B1BBB2046FFF798FE22689368F5
:105B300043F008039360FBF729FD064623689A6843
:105B4000110718D49A6842F004029A60FBF71EFD10
:105B5000064623689B685B0723D4A36A23F00303EC
:105B600043F00103A362002384F8243016E0019B74
:105B7000013B0193D5E7FBF709FD801B0A28DDD91E
:105B800023689B681807D9D5A36A012523F012035F
:105B900043F01003A362002384F82430284602B0A7
:105BA00070BDFBF7F3FC801B0A28D2D923689B68E1
:105BB0005A07CED5E8E70225F0E700BF78000020BD
:105BC00007490302CA6803F4E06322F4E0621204A6
:105BD000120C134343F0BF6343F40033CB607047B0
:105BE00000ED00E0154B30B5DC68C4F30224C4F1CD
:105BF0000703251D042B28BF0423062D4FF0FF3576
:105C000094BF0024033C05FA03F321EA0303A540F3
:105C100022EA0502A340002843EA0203ACBF00F1D8
:105C20006040074A4FEA0313DBB2ABBF00F56140A7
:105C300000F00F0080F80033135430BD00ED00E099
:105C400014ED00E0002807DB01234109034A00F0BE
:105C50001F00834042F82130704700BF00E100E0A0
:105C600000280CDB01220649430900F01F00824096
:105C7000203341F82320BFF34F8FBFF36F8F70475E
:105C800000E100E090F821200346022A06D0042219
:105C900082630120002283F8202070470268C06BD5
:105CA000116821F00E011160116821F001011160ED
:105CB00001211A6C01FA02F24260002083F82110DF
:105CC000E8E7000008B590F82130022B03D0042348
:105CD0008363012008BD03681A6822F00E021A606F
:105CE0001A6822F001021A60164A93421CD014323C
:105CF00093421BD0143293421AD0143293421AD0DA
:105D0000143293421AD01432934214BF4FF080736E
:105D10004FF480130C4A53604FF480730384436B39
:105D200003B198470020D5E70123F3E71023F1E7FB
:105D30004FF48073EEE74FF48053EBE74FF480337A
:105D4000E8E700BF08000240000002402DE9F74FDD
:105D500000242646DFF888C1624BDFF88CE1DFF8CB
:105D60008C810A6832FA06F502D103B0BDE8F08FE3
:105D70000127B74002EA070537EA02027AD14A68EA
:105D8000032A07D8013A022A00F28380DFE802F0F2
:105D900092979D00122A00F095806DD8112A00F08C
:105DA0008B80FF2D98BF81464FF00F0B88BF00F10D
:105DB00004094FEA8602D9F8007088BF203A0BFA2E
:105DC00002FA27EA0A0704FA02F21743C9F8007038
:105DD000D1F8049019F0805F4CD0DCF8182026F040
:105DE000030742F00102CCF81820DCF8182007F174
:105DF000804702F00102019207F5803706F0030A9E
:105E0000019A4FEA8A0ABA680BFA0AFB22EA0B0BDC
:105E1000374A90425DD002F5806290425BD002F535
:105E20008062904259D002F58062904214BF0422F1
:105E3000032202FA0AF242EA0B02BA601A6819F463
:105E4000803F14BF2A43AA431A605A6819F4003FDE
:105E500014BF2A43AA435A609A6819F4801F14BFDA
:105E60002A43AA439A60DA6819F4001F14BF2A4330
:105E7000AA43DA60013674E7DFF878904A4508D023
:105E800010D8A9F580194A4503D0724501D0424582
:105E900087D18A68DAB1012A4FF008040CBF076184
:105EA00047617EE7DFF850904A45F2D009F5803926
:105EB0004A45EDE7CC6874E7CC68043471E7CC68F8
:105EC00008346EE7CC680C346BE7002469E70424DF
:105ED00067E70022ADE70122ABE70222A9E700BF96
:105EE00000100240000401400000211000001110C9
:105EF00000080140000022100000311083681942A0
:105F000014BF0120002070470AB1016170470904E5
:105F1000FBE7C36801EA030221EA030141EA024107
:105F200001617047044A08B55169014202D05061CD
:105F3000FCF79AFB08BD00BF000401402DE9F341C6
:105F4000054638B30368DB0710D42B689F075ED47F
:105F50002B68190700F195802B685A0700F1C18062
:105F6000EB69002B40F02C81002029E0904C636805
:105F700003F00C03042B07D0636803F00C03082B19
:105F80000AD16368DE0307D523689C03DDD56B68FF
:105F9000002BDAD1012013E06B68B3F5803F12D1FA
:105FA000236843F480332360FBF7F0FA0646236846
:105FB0009803CAD4FBF7EAFA801B6428F7D90320B8
:105FC00002B0BDE8F0819BB9236823F480332360DD
:105FD000236823F480232360FBF7D8FA064623685E
:105FE0009903B2D5FBF7D2FA801B6428F7D9E6E70C
:105FF000B3F5A02F236803D143F480232360CFE7B8
:1060000023F480332360236823F48023CBE7684C98
:10601000636813F00C0F07D0636803F00C03082BC0
:1060200010D16368DA030DD423689B0702D52B696E
:10603000012BAFD123686A6923F0F80343EAC20356
:10604000236085E72A695B4B6AB101221A60FBF77E
:106050009DFA064623689F07ECD4FBF797FA801B4E
:106060000228F7D9ABE71A60FBF790FA06462368D7
:1060700098077FF56DAFFBF789FA801B0228F6D9E8
:106080009DE7AA694A4E4B4BE2B10122C3F8802436
:10609000FBF77CFA0446736A9B070DD54FF4FA525E
:1060A000454B1B68B3FBF2F3019300BF019B5A1EE3
:1060B0000192002BF9D14FE7FBF768FA001B022889
:1060C000E9D97CE7C3F88024FBF760FA0446736AD9
:1060D0009F077FF541AFFBF759FA001B0228F6D95D
:1060E0006DE7334CE369D80024D40127E36943F01A
:1060F0008053E361E36903F080530093009B2F4ECC
:106100003368D90518D5EB68012B26D1236A43F0F3
:1061100001032362FBF73AFA41F288380646236A04
:106120009B073FD5002F3FF41BAFE36923F080535B
:10613000E36115E70027E2E7336843F480733360D7
:10614000FBF724FA80463368DA05DCD4FBF71EFA45
:10615000A0EB08006428F6D931E7ABB9236A41F215
:10616000883823F001032362236A23F004032362A7
:10617000FBF70CFA0646236A9807D3D5FBF706FA15
:10618000801B4045F7D91AE7052B236A03D143F05A
:1061900004032362BAE723F001032362236A23F096
:1061A0000403B6E7FBF7F2F9801B4045B7D906E7D1
:1061B00000100240000042427800002000700040C1
:1061C0002A4C626802F00C02082A3ED00022022B00
:1061D000274B1A662CD1FBF7D9F90646236899019B
:1061E00020D42B6AB3F5803F05D16268A96822F4F8
:1061F00000320A436260696A62680B4322F47412D7
:106200001343012263601A4B1A66FBF7BFF9054678
:1062100023689A013FF5A8AEFBF7B8F9401B0228A6
:10622000F6D9CCE6FBF7B2F9801B0228D6D9C6E630
:10623000FBF7ACF9054623689B017FF595AEFBF7AC
:10624000A5F9401B0228F6D9B9E6012B3FF4A2AE0E
:1062500060682B6A00F480329A427FF49BAE6B6ACE
:1062600000F47010C01A18BF0120A9E60010024007
:106270000000424230B5184B87B002AC03F1100564
:10628000224618685968083303C2AB421446F7D156
:1062900040F201231149ADF804304B6803F00C02C1
:1062A000082A17D1C3F3834218326A44DB0312F879
:1062B000100C0CD54B680A4AC3F3404350431833C3
:1062C0006B4413F8143CB0FBF3F007B030BD054B42
:1062D0005843FAE70248F8E71BB3000800100240F1
:1062E00000127A0000093D002DE9F0410D460446F8
:1062F00010B90120BDE8F081444A136803F0070398
:106300008B4228D321688E0730D4CA0743D43F4A32
:10631000136803F00703AB4265D822683C4D12F0C6
:10632000040F6CD1130706D56B68226923F4605300
:1063300043EAC2036B60FFF79DFF6B68354AC3F306
:106340000313D35CD840344B1860344B1868FBF708
:10635000FDF80020CEE7136823F007030B4313601A
:10636000136803F007038B42C3D1CBE7284B11F02E
:10637000040F1EBF5A6842F4E0625A60080742BF29
:106380005A6842F460525A605A68A06822F0F002DB
:1063900002435A60B9E762681D4E012A33681AD178
:1063A00013F4003FA5D0736841F2883823F003034B
:1063B00013437360FBF7EAF807467368626803F0FB
:1063C0000C03B3EB820FA2D0FBF7E0F8C01B4045F3
:1063D000F3D903208EE7022A02D113F0007FE1E710
:1063E00013F0020FDEE7136823F007032B4313605B
:1063F000136803F00703AB427FF47BAF8DE76B6854
:10640000E16823F4E0630B436B608BE700200240FC
:10641000001002400BB3000878000020800000202C
:10642000044B054A5B68C3F30223D35C034A10683C
:10643000D84070470010024003B3000878000020E5
:10644000044B054A5B68C3F3C223D35C034A10685C
:10645000D84070470010024003B3000878000020C5
:1064600003682DE9F3410546D80721D5364CE36989
:10647000D9002BD40126E36943F08053E361E3693B
:1064800003F080530193019B304F3B68DA051FD521
:10649000236A6A6813F440732ED1236A6A6823F46E
:1064A0004073134323621EB1E36923F08053E36119
:1064B0002A68910706D52449A8684B6823F440430D
:1064C00003434B60D30636D4002012E00026DBE7FE
:1064D0003B6843F480733B60FBF758F880463B68A9
:1064E000DB05D5D4FBF752F8A0EB08006428F6D9F9
:1064F000032002B0BDE8F08102F440729A42CCD091
:106500000120134A236AC2F84004002023F440719A
:10651000DF07C2F840042162BFD5FBF737F841F22C
:1065200088380746236A9807B7D4FBF72FF8C01BB3
:106530004045F7D9DCE7044AE968536823F480034F
:106540000B435360C0E700BF0010024000700040E2
:1065500000004242024670B5334B86B002AD03F1F3
:1065600010062C4618685968083303C4B342254600
:10657000F7D140F20123022AADF8043047D0102AA7
:1065800003D0012A24D0002036E0284A5168106840
:1065900010F0807030D0C1F3834318336B44C903CB
:1065A00013F8100C49BF5368214BC3F34043183311
:1065B00041BF6B4413F8141C1E4BB3FBF1F358435B
:1065C00053685B0218D403234000B0FBF3F013E0E0
:1065D00040F20231154A136A1940B1F5817F1FD08C
:1065E00003F44073B3F5007F08D149F64043506A85
:1065F00010F0020018BF184606B070BDB3F5407F1A
:10660000C1D110684FF2244310F40030F2E7FFF7D5
:1066100017FF064B5B68C3F3813301335B00D4E79C
:106620004FF40040E8E700BF1BB300080010024031
:1066300000093D0000127A00036A70B523F00103DF
:106640000362036A446882690D6822F073022A4378
:106650008D6823F002032B430A4DA8420BD1CD686D
:1066600023F008032B4324F44074D1E90556354345
:1066700023F004032C43446082614A68426303624E
:1066800070BD00BF002C0140036A70B523F4807315
:106690000362036A4468C2690D6822F073022A43E8
:1066A0008D6823F4007343EA05230B4DA8420DD1F6
:1066B000CD6823F4006343EA052324F44054D1E970
:1066C0000556354323F4806344EA05144460C261EF
:1066D0004A68C263036270BD002C0140036A30B592
:1066E00023F480530362036A4468C2690D6822F48C
:1066F000E64242EA05228D6823F4005343EA05335B
:10670000064DA84202BF4D6924F4804444EA851432
:106710004460C2614A680264036230BD002C0140DB
:10672000034630B590F83E0093F83F2093F842506E
:1067300093F84340C0B2D2B2EDB2E4B2C1B901287D
:1067400045D1012D13D1022283F83E2083F8422047
:106750001A68116A21F001011162116A41F0010108
:10676000002011621A68136843F00103136030BD02
:10677000042911D1012A2AD1012C28D1022283F81F
:106780003F2083F843201A68116A21F0100111623A
:10679000116A41F01001E3E7012818D1012AE6D17E
:1067A000012DE4D1012CE2D1022283F83E2083F8AE
:1067B0003F2083F8422083F843201A68116A21F0B1
:1067C00001011162116A41F001011162DCE701204F
:1067D000CDE700001A4A036890420AD0B0F1804F1A
:1067E00007D0A2F59432904203D002F58062904225
:1067F00015D14A6823F070031343114A90420AD01E
:10680000B0F1804F07D0A2F59432904203D002F548
:106810008062904203D1CA6823F4407313434A69EB
:1068200023F08003134303608B68C3620B688362A9
:10683000034B984204BF0B69036301234361704714
:10684000002C014010B5044630B390F83D3003F001
:10685000FF021BB980F83C20FEF7A2FC022320684F
:1068600084F83D30211DFFF7B5FF0123002084F897
:10687000463084F83E3084F83F3084F8403084F865
:10688000413084F8423084F8433084F8443084F84E
:10689000453084F83D3010BD0120FCE7F8B50D46C9
:1068A000044600284CD090F83D3003F0FF021BB99D
:1068B00080F83C20FEF79AFC0223214684F83D3004
:1068C00051F8040B836823F4804323F007038360AB
:1068D000FFF780FF81682A688369AE691143AA685F
:1068E00023F4407323F0030342EA06221A432B6980
:1068F000EE691B0143EA0623EE6822F47C4233432F
:106900002E6A22F0FC0243EA0633076A6E691343DB
:106910006A6827F0220742EA061281601743836102
:1069200001230762002084F8463084F83E3084F862
:106930003F3084F8423084F8433084F83D30F8BD6D
:106940000120FCE7036A70B523F010030362036AB9
:10695000446882690D6822F4E64242EA05228D68A5
:1069600023F0200343EA05130B4DA8420DD1CD6857
:1069700023F0800343EA051324F44064D1E905566B
:10698000354323F0400344EA8504446082614A6849
:106990008263036270BD00BF002C014038B590F8DF
:1069A0003C300446012B4ED00123082A80F83C30AD
:1069B00039D006D8BAB1042A25D0002084F83C008A
:1069C00038BD0C2AF9D10068FFF788FEC3690A694F
:1069D00043F40063C361C36923F48063C361C36983
:1069E00043EA02232DE00068FFF726FE83690A6967
:1069F00043F008038361836923F00403836183699F
:106A000013438361D9E70068FFF79CFF83690A6934
:106A100043F400638361836923F480638361836942
:106A200043EA0223EDE70068FFF72EFEC3690A6917
:106A300043F00803C361C36923F00403C361C3695E
:106A40001343C361B9E70220BAE710B50124036A12
:106A500001F01F018C4023EA04030362036A8A40A9
:106A60001A43026210BD000008B529B990F83E3003
:106A7000012B1DD001202EE0042907D190F83F30D2
:106A8000012BF7D1022380F83F3014E0082907D109
:106A900090F84030012BEDD1022380F840300AE01D
:106AA00090F84130012BE5D1022380F8413002E01B
:106AB000022380F83E3000680122FFF7C6FF0F4B2B
:106AC000984209D0B0F1804F0BD1836803F00703DF
:106AD000062B0DD1002008BD436C43F400434364F2
:106AE000F3E7074B9842F0D003F580639842ECD06F
:106AF000036843F001030360ECE700BF002C014092
:106B000000040040FFF7B0BF30B590F83C300246BB
:106B1000012B4FF0020022D0136882F83D005C6820
:106B20000D6824F070042C4398685C600C4CA34200
:106B30000AD0B3F1804F07D0A4F59434A34203D018
:106B400004F58064A34204D1496820F08000014329
:106B500099600123002082F83D3082F83C0030BD6E
:106B6000002C014090F83C300246012B1ED0CB682F
:106B7000886823F440730343486823F48063034325
:106B8000086823F400630343086923F48053034334
:106B9000486923F4005303430020C96923F4804368
:106BA0000B4311684B6482F83C0070470220704729
:106BB0000368DA6822F49072DA605A6922F00102FE
:106BC0005A61026B012A02BFDA6822F01002DA6011
:106BD000202380F83E3000230363704710B504463D
:106BE0000368C1681A6922F440520A431A61826834
:106BF0000069D9680243606921F4B05121F00C01A9
:106C000002430A43DA605A69A16922F440720A43D6
:106C10005A610E4A934215D1FFF712FC19234343E0
:106C2000626820689200B3FBF2F36422B3FBF2F1D6
:106C300002FB11331B013233B3FBF2F303EB0113FD
:106C4000836010BDFFF7ECFBE8E700BF00380140B0
:106C5000F8B504460E4617461D462268136836EA04
:106C6000030301D1002014E06B1CF7D095B9236811
:106C70000320DA6822F4D072DA605A6922F0010245
:106C80005A61202384F83D3084F83E30002384F894
:106C90003C30F8BDFAF77AFCC01B8542DDD2E6E74E
:106CA00010B5044640B390F83D3003F0FF021BB925
:106CB00080F83C20FEF7F0FB2423226884F83D3066
:106CC000D368204623F40053D360FFF787FF23687F
:106CD00000201A6922F490421A615A6922F02A02AD
:106CE0005A61DA6842F40052DA602023206484F8A2
:106CF0003D3084F83E3010BD0120FCE72DE9F8431B
:106D0000984690F83D300446202B0E46174648D151
:106D1000002944D0002A42D090F83C30012B40D0CA
:106D20000123002580F83C302123056480F83D30A4
:106D3000FAF72CFCA3688146B3F5805FA784E7844B
:106D400003D123690BB935461E46002384F83C3035
:106D5000E38C9BB253B943464A4640212046FFF795
:106D600077FF50B9202384F83D3007E043464A4678
:106D700080212046FFF76CFF10B10320BDE8F883A7
:106D800022684EB935F8023BC3F308035360E18C27
:106D9000013989B2E184DBE716F8013BF6E701200F
:106DA000ECE70220EAE72DE9F8431F4690F83E3071
:106DB0000446202B0E4691464FD100294BD0002A85
:106DC00049D090F83C30012B47D00123002580F8B2
:106DD0003C302223056480F83E300563FAF7D6FB89
:106DE000A3688046B3F5805FA4F82C90A4F82E9099
:106DF00003D123690BB935461E46002384F83C3085
:106E0000E08D80B220B9202384F83E30BDE8F883BD
:106E10003B46424620212046FFF71AFFF8B9236877
:106E20004EB95B68C3F3080325F8023BE38D013BD1
:106E30009BB2E385E4E7A268B2F5805F02D032B985
:106E4000226922B95968C9B206F8011BEEE75968F0
:106E500001F07F01F8E70120D8E70220D6E7032000
:106E6000D4E77047704708B50023406AC385C384E0
:106E7000FFF7F8FF08BD704790F83E3007B5222BAA
:106E800037D181680268B1F5805F836A34D10169C6
:106E9000002934D15268C2F3080223F8022BC28DB4
:106EA0008362013A92B2C2851ABB0368D96821F0A5
:106EB0002001D960D96821F48071D960596921F025
:106EC00001015961202180F83E10016B012920D178
:106ED0000263D96821F01001D9601968C90605D587
:106EE00001921A6801925B680193019B818DFFF703
:106EF000C2FF03B05DF804FB39B9016929B95268D2
:106F0000D2B21A70836A0133C9E7526802F07F0275
:106F1000F7E7FBF78BF8ECE7036837B51A68044628
:106F200012F00F0FD9685D6908D195065FD58D06FF
:106F30005DD503B0BDE83040FFF79EBF05F001000E
:106F400001F49075054352D0D50705D5CB0542BF56
:106F5000236C43F001032364550704D518B1236C57
:106F600043F002032364930704D518B1236C43F064
:106F700004032364150707D501F0200303431EBF54
:106F8000236C43F008032364236C53B3920604D5A7
:106F90008B0602D52046FFF76FFF216820464B691C
:106FA000226C03F0400302F0080253EA02051AD0F3
:106FB000FFF7FEFD4B695D0610D54B69A06B23F012
:106FC00040034B6150B1534B4363FEF77BFE40B12E
:106FD000A06B436B03B0BDE8304018472046FFF775
:106FE00041FF03B030BDFFF73DFF2564F9E7206B9B
:106FF000012855D1D00653D5CD0651D50021019198
:107000001A6801925A680192019A5A6912F0400274
:107010002AD0A06B0268526892B2002AE1D0A58DF6
:107020009542DED9E2858269202A15D0DA6822F4F9
:107030008072DA605A6922F001025A615A6922F0BC
:1070400040025A61202284F83E202163DA6822F04F
:107050001002DA60FEF716FEE38DA18DC91A89B21F
:107060002046FFF708FFBCE7E08DE58DA18DADB2AE
:1070700080B2002DB5D0091A89B20029B1D0D868E4
:1070800020F49070D860586920F0010058612020E9
:1070900084F83E002263DA6822F01002DA60DFE74B
:1070A000100626D50D0624D594F83D20212A98D126
:1070B000A168226AB1F5805F16D12169A1B932F8C1
:1070C000021BC1F3080159602262E28C013A92B2BC
:1070D000E284002A85D1DA6822F08002DA60DA6878
:1070E00042F04002DA607CE7511C216212785A605B
:1070F000EBE750067FF575AF4A067FF572AFDA68A9
:10710000204622F04002DA60202384F83D30FFF769
:10711000A8FE66E7676E0008C28582858162034625
:1071200022220020186483F83C0083F83E201B686C
:10713000DA6842F48072DA605A6942F001025A61F8
:10714000DA6842F02002DA60704770B490F83E606E
:10715000202E0DD149B142B190F83C40012C07D00E
:107160000024046370BCFFF7D7BF012070BC7047D8
:107170000220FBE7002310B50446C0E90033C0E954
:107180000433836081814366C2818361194608228A
:107190005C3000F0BDFA0D4B246263620C4BA362BD
:1071A0000C4BE3620C4B23630C4B9C4206D003F167
:1071B0006802944202D0D0339C4205D104F15800B9
:1071C000BDE8104000F01CBB10BD00BF41750008B9
:1071D000637500089B750008BF7500082008002033
:1071E000024A0349034800F069B800BF8400002048
:1071F000A98000089400002041680C4B10B599420A
:10720000044601D000F050FFA168094B994202D01A
:10721000204600F049FFE168064B994204D0204621
:10722000BDE8104000F040BF10BD00BF20080020A6
:1072300088080020F008002010B50B4B0B4C0C4ABE
:1072400020461A6004210022FFF794FF04F1680031
:1072500001220921FFF78EFF04F1D0000222BDE8D0
:1072600010401221FFF786BF580900202008002097
:10727000E1710008014800F0C4BA00BF61090020B4
:10728000014800F0BFBA00BF6109002010B50446F4
:10729000FFF7F0FF236A1BB1BDE81040FFF7F0BF16
:1072A000044B2362044B1B68002BF5D1FFF7C4FF8E
:1072B000F2E700BFF9710008580900202DE9F843F2
:1072C0000746884614460026D4E90195B9F101091C
:1072D00005D52468002CF7D13046BDE8F883AB898A
:1072E000012B07D9B5F90E30013303D029463846B2
:1072F000C04706436835E9E70FB407B5064904AB54
:10730000086853F8042B8168019300F0A3FB03B0D5
:107310005DF804EB04B0704790000020036A70B57C
:1073200005460E4684680BB9FFF7B0FF636EDB07B6
:1073300005D4A389980502D4A06D00F062FAA38950
:10734000190702D52369002B35D12146284600F0C4
:1073500079F980B34FF0FF35636EDA0705D4A3895E
:107360009B0502D4A06D00F04DFA284670BD002B9D
:1073700004DAA2699A4217DC0A2915D023685A1C3C
:1073800022601970A36816F8011F013BA360002951
:10739000EDD1002B11DA22460A21284600F013F91C
:1073A0000130D7D00A25D7E72246284600F00BF94E
:1073B0000130E7D1CEE7013EE4E723685A1C2260A2
:1073C0000A221A70EEE70000024B01461868FFF728
:1073D000A5BF00BF900000202DE9F7431D46574B85
:1073E00004461F680E46904627B13B6A13B93846DB
:1073F000FFF74CFFB8F1020F06D0B8F1010F00F211
:107400009A80002DC0F29780636ED90705D4A389B6
:107410009A0502D4A06D00F0F4F92146384600F038
:1074200043FE616B41B104F14403994202D03846F6
:1074300000F0EAF9002363630023A3616360A3897A
:107440001B0603D53846216900F0DEF9A389B8F19F
:10745000020F23F44A6323F00303A38161D001AB3D
:107460006A462146384600F047FEA3891843A081AA
:107470002DBB009D284600F00FFA0646002852D189
:10748000DDF80090A94540D14FF0FF35B4F90C303C
:1074900043F00202A2810022A26004F147022260AE
:1074A000226101226261626ED60704D4980502D47B
:1074B000A06D00F0A7F9284603B0BDE8F083002EC8
:1074C000D8D03B6A13B93846FFF7E0FEB8F1010F98
:1074D00008BFA389C4E9046504BF43F00103A38185
:1074E000B4F90C30266013F008021ED0D90741BF52
:1074F00000226D42A260A56158BFA560626ED207EE
:1075000001D49B0513D50025D5E7484600F0C4F902
:1075100006460028B8D0A3894D4643F08003A381D6
:10752000CFE70025B2E7A946F5E7A260E6E7A06D40
:1075300000F068F9E7E74FF0FF35BCE79000002066
:1075400010B50C46B1F90E1000F00CF90028ABBFD5
:10755000636DA3891B1823F48053ACBF6365A381BB
:1075600010BD2DE9F0411F468B890546DB050C4611
:10757000164605D502230022B1F90E1000F0E0F8FE
:10758000A389324623F48053A38128463B46B4F9AD
:107590000E10BDE8F04100F0F7B810B50C46B1F997
:1075A0000E1000F0CDF8431CA38915BF606523F4CD
:1075B000805343F48053A38118BFA38110BDB1F958
:1075C0000E1000F0ADB8F8B50E461446054618B1D9
:1075D000036A0BB9FFF75AFEA369A360A3891A07D0
:1075E00001D5236943B92146284600F02BF818B18C
:1075F0004FF0FF373846F8BD23682269F6B2981A73
:1076000063693746834205DC2146284600F04CFD7D
:107610000028EDD1A368013BA36023685A1C2260B7
:107620001E706269431C9A4204D0A389DB07E1D52E
:107630000A2EDFD12146284600F036FD0028D9D099
:10764000D6E7000038B5294B054618680C4618B136
:10765000036A0BB9FFF71AFEB4F90C30190722D4EC
:10766000DA0607D409222A6043F040034FF0FF30C6
:10767000A38133E0580712D5616B41B104F1440393
:10768000994202D0284600F0BFF800236363A38923
:1076900023F02403A3810023636023692360A3896B
:1076A00043F00803A38123694BB9A38903F4207332
:1076B000B3F5007F03D02146284600F042FDB4F91F
:1076C0000C3013F001020AD00022A260626952421B
:1076D000A261226942B913F08000C5D138BD990773
:1076E00058BF6269A260F4E70020F7E7900000202D
:1076F00010B501390244904201D1002005E0037821
:1077000011F8014FA34201D0181B10BD0130F2E760
:1077100003460244934200D1704703F8011BF9E786
:1077200038B50023054D044608462B60FDF746FC9E
:10773000431C02D12B6803B1236038BD5C090020D3
:1077400038B50446084611460022054D2A601A46FF
:10775000FDF740FC431C02D12B6803B1236038BD08
:107760005C09002038B50446084611460022054D44
:107770002A601A46FDF736FC431C02D12B6803B180
:10778000236038BD5C09002038B504460846114620
:107790000022054D2A601A46FDF7F6FB431C02D174
:1077A0002B6803B1236038BD5C090020014B1868C9
:1077B000704700BF9000002070B500260C4D0D4CA6
:1077C000641BA410A64209D102F0FAF800260A4D63
:1077D0000A4C641BA410A64205D170BD55F8043BA9
:1077E00098470136EEE755F8043B98470136F2E733
:1077F00008B4000808B4000808B400080CB4000875
:10780000704770477047000038B50546002940D0E2
:1078100051F8043C0C1F002BB8BFE41800F0E6F848
:107820001C4A136833B9636014602846BDE83840C9
:1078300000F0E2B8A34208D9206821188B4201BFAA
:1078400019685B6809182160EDE71A465B680BB19F
:10785000A342FAD911685018A0420BD12068014404
:10786000501883421160E0D118685B6808441060CA
:107870005360DAE702D90C232B60D6E72068211881
:107880008B4201BF19685B6809182160636054600E
:10789000CBE738BD68090020024B0146186800F0AC
:1078A00025B800BF9000002070B50F4E0C4631681F
:1078B000054611B900F0A4FC30602146284600F0CE
:1078C0009FFC431C03D14FF0FF34204670BDC41C05
:1078D00024F00304A042F8D0211A284600F090FCBE
:1078E0000130F2D1EFE700BF640900202DE9F84331
:1078F000CD1C25F0030508350C2D38BF0C25002DB7
:10790000064601DBA94204D90C2333600020BDE800
:10791000F883DFF8D48000F069F8D8F800301C460E
:1079200044BB29463046FFF7BFFF431C044658D1ED
:10793000D8F800402746002F43D1002C4BD02368B5
:107940003946304604EB030900F05AFC814542D128
:10795000216830466D1A2946FFF7A6FF01303AD05C
:1079600023682B442360D8F800305A6862BBC8F8FB
:1079700000700FE02268521B20D40B2A17D961191E
:10798000A342256018BF5960636808BFC8F800109B
:1079900062514B60304600F02FF804F10B00231DBC
:1079A00020F00700C21A1CBF1B1AA350AFE7626881
:1079B000A3420CBFC8F800205A60EBE72346646876
:1079C000AEE73C467F68B6E71A465B68A342FBD148
:1079D00000235360DEE70C233046336000F00CF8E0
:1079E00094E70560D6E700BF680900200148FFF76B
:1079F00008BF00BF600900200148FFF703BF00BFB8
:107A000060090020936810B4013B002B936007DAF3
:107A10009469A34201DB0A2902D110BCFFF7D3BD50
:107A20001368581C10601970084610BC7047F8B5F0
:107A300006460F461446D518AC4201D1002007E097
:107A40003A46304614F8011BFFF7DCFF431CF3D124
:107A5000F8BD00002DE9F04F0D4614469846064645
:107A60009DB018B1036A0BB9FFF710FC6B6ED90714
:107A700005D4AB899A0502D4A86DFFF7C2FEAB8985
:107A80001B0701D52B699BB929463046FFF7DAFD64
:107A900070B16B6EDC0704D54FF0FF301DB0BDE850
:107AA000F08FAB899805F7D4A86DFFF7ABFEF3E72D
:107AB0000023099320238DF8293030234FF001094A
:107AC000CDF80C80DFF8A8818DF82A3023469A463D
:107AD00013F8012B0AB1252AF9D1BAEB040B0BD00C
:107AE0005B46224629463046FFF7A1FF013000F0F1
:107AF000A780099A5A4409929AF80030002B00F0A6
:107B00009F8000234FF0FF32CDE905230AF1010ADF
:107B1000049307938DF853301A935446052214F8B2
:107B2000011B534800F07CFB049AD8B9D10644BF2E
:107B300020238DF85330130744BF2B238DF8533087
:107B40009AF800302A2B15D0544600204FF00A0C2A
:107B5000079A214611F8013B303B092B4BD9B0B1B4
:107B6000079214E0A0EB080309FA03F31343A246BB
:107B70000493D2E7039B191D1B680391002BBBBF25
:107B80005B4242F0020207930793B8BF0492237846
:107B90002E2B0AD163782A2B32D1039B02341A1D73
:107BA0001B68039243EAE3730593DFF8C8A003223E
:107BB0005046217800F034FB38B14022049BA0EB02
:107BC0000A00824013430134049314F8011B062277
:107BD00029488DF8281000F023FB00283FD0274BC0
:107BE0001BBB039B073323F0070308330393099B55
:107BF0003B4409936AE70C4601200CFB0232A8E7DC
:107C000000234FF00A0C194601340593204610F862
:107C1000012B303A092A03D9002BC6D00591C4E7BD
:107C2000044601230CFB0121F0E703AB00932A4635
:107C30003046134B04A9AFF300800746781CD6D119
:107C40006B6ED90705D4AB899A0502D4A86DFFF7EE
:107C5000D9FDAB895B063FF51FAF09981EE703AB63
:107C600000932A463046064B04A900F07DF8E4E76D
:107C70002CB3000832B3000836B30008000000003F
:107C80002F7A00082DE9F047164698468A680B6956
:107C900007469342B8BF1346336091F843200C4621
:107CA000DDF820900AB1013333602368990642BFA2
:107CB000336802333360256815F0060506D104F1F8
:107CC000190AE36832689B1AAB422BDC94F8433004
:107CD0002268003B18BF0123920630D44146384643
:107CE00004F14302C847013023D02368226903F01E
:107CF0000603042B14BF002533684FF0000608BFAD
:107D0000E56804F11A0408BFED1A54F8123C08BFE4
:107D100025EAE5759342C4BF9B1AED18B5421AD106
:107D2000002008E00123524641463846C84701304A
:107D300003D14FF0FF30BDE8F0870135C1E73020B7
:107D4000E11881F843005A1C94F84510224402338C
:107D500082F84310C2E70123224641463846C8470D
:107D60000130E6D00136D9E72DE9FF470F7E914675
:107D7000782F80460C469A460C9E01F1430207D8A4
:107D8000622F0AD8002F00F0D380582F00F0BA805D
:107D900004F1420684F842703AE0A7F16303152B20
:107DA000F6D801A151F823F0017E0008157E0008E5
:107DB000917D0008917D0008917D0008917D00086B
:107DC000157E0008917D0008917D0008917D0008D6
:107DD000917D0008177F00083F7E0008D17E0008D3
:107DE000917D0008917D0008397F0008917D000891
:107DF0003F7E0008917D0008917D0008D97E000833
:107E000033681A1D1B68326004F1420684F8423060
:107E100001239EE033682068191D3160060601D5F4
:107E20001D6803E04506FBD5B3F90050002D03DAC9
:107E30002D236D4284F843300A23594811E021680C
:107E40003368080653F8045B02D4490648BFADB254
:107E50006F2F336014BF0A2308235148002184F890
:107E600043106668002EA8BF2168A660A4BF21F059
:107E7000040121600DB9002E4BD01646B5FBF3F17D
:107E800003FB1157C75D06F8017D2F46BB420D4627
:107E9000F4D9082B0BD12368DF0708D52369616863
:107EA0009942DEBF302306F8013C06F1FF36921BF3
:107EB00022614B4621464046CDF800A003AAFFF7B9
:107EC000E1FE01304AD14FF0FF3004B0BDE8F08749
:107ED000236843F0200323607827324884F84570F4
:107EE000236831681F0651F8045B02D45F0648BF5F
:107EF000ADB23160D90744BF43F0200323601DB108
:107F00001023ABE72648E9E7236823F0200323602A
:107F1000F6E71646BDE733682568181D61693060CD
:107F20002E061B6801D5196002E06806FBD5198092
:107F3000002316462361BCE7336800211A1D326016
:107F40001E686268304600F06BF908B1801B606003
:107F500063682361002384F84330AAE73246494628
:107F600040462369D0470130ADD023689B0713D426
:107F7000E068039B9842B8BF1846A6E70123324643
:107F800049464046D04701309DD00135E36803990A
:107F90005B1AAB42F2DCEBE7002504F11906F5E7CA
:107FA0003DB300084EB30008B1F90C20F8B5160730
:107FB00005460C4654D44B68002B02DC0B6C002B9E
:107FC00048DDE66A002E45D0002312F480522F6867
:107FD000216A2B6030D0626DA389590705D563688B
:107FE000D21A636B0BB1236CD21A00232846E66ABF
:107FF000216AB047431CA38906D129681D292BD8C3
:10800000284A0A41D60727D4002262602269D9048F
:10801000226004D5421C01D12B6803B96065616BF5
:108020002F60B9B104F14403994202D02846FFF70A
:10803000EBFB002363630DE001232846B0470246B3
:10804000501CC9D12B68002BC6D01D2B01D0162B7C
:108050001DD12F60002021E043F040031BB21AE045
:108060000F69002FF6D0930718BF00230E6808BFD2
:108070004B69F61B0F608B60002EEBDD33463A46F2
:108080002846216AD4F828C0E047002807DCB4F964
:108090000C3043F040034FF0FF30A381F8BD07449C
:1080A000361AE9E7FEFFBFDF38B50B6905460C4617
:1080B00013B90025284638BD18B1036A0BB9FFF77C
:1080C000E5F8B4F90C30002BF3D0626ED00704D47D
:1080D000990502D4A06DFFF794FB28462146FFF7CF
:1080E00063FF636E0546DA07E4D4A3899B05E1D4F8
:1080F000A06DFFF787FBDDE770B50C46B1F90E10F8
:10810000154600291E4696B00CDAA389002113F00B
:10811000800F14BF40234FF48063002031602B6038
:1081200016B070BD6A4600F049F80028EDDB0199F1
:1081300001F47041A1F50053594259414FF4806355
:10814000EBE78B89F7B59D0706460C4607D504F18A
:108150004703236023610123636103B0F0BD6A46D6
:1081600001ABFFF7C9FF009F054639463046FFF7D0
:10817000BDFB48B9B4F90C309A05EED423F00303E3
:1081800043F00203A381E2E7A389C4E9040743F0B3
:108190008003A381019B20605BB13046B4F90E10CF
:1081A00000F01EF828B1A38923F0030343F0010374
:1081B000A381A3891D43A581CFE7000038B5002323
:1081C000064D0446084611462B60FCF723FF431C6E
:1081D00002D12B6803B1236038BD00BF5C090020C9
:1081E00038B50023054D044608462B60FCF7C0FE59
:1081F000431C02D12B6803B1236038BD5C09002009
:1082000038B50023054D044608462B60FCF74AFFAD
:10821000431C02D12B6803B1236038BD5C090020E8
:10822000034610B5C9B202449342184601D100205A
:1082300003E0047801338C42F6D110BDF8B5044652
:108240000D4600F0C1F8224606460F462B46204652
:108250002946F8F7D3FB88B92046294600F080F874
:108260000022084BF8F7C0FB40B1FFF79FFA21232B
:1082700003600548BDE8F84000F07CB83046394658
:10828000F8BD00BF0000F03F61A4000800F098BAFC
:108290002DE9F84314461D468046894600F064FBEC
:1082A000224606460F462B4620462946F8F7A6FBEF
:1082B000C8BB0022002340464946F8F76DFBB8B121
:1082C0000022002320462946F8F766FB002841D10A
:1082D0002046294600F048F828B300220023204613
:1082E0002946F8F763FBF0B1FFF760FA222319E0A3
:1082F0003046394600F038F8C8B94046494600F0E3
:1083000033F8A0B12046294600F02EF878B1324665
:108310003B4630463946F8F771FB0028E4D0FFF7BA
:1083200045FA2123036030463946BDE8F883002230
:10833000002330463946F8F72FFB0028F3D040469B
:10834000494600F011F80028EDD02046294600F0FB
:108350000BF8C8E70026014FE5E700BF0000F03F3B
:1083600021F000431946704741F0004000F58010AD
:10837000C00F704700200149704700BF0000F87F20
:10838000C0F3C7537F3B162B014610B514DC002BFE
:1083900007DA013300F0004101D141F07E51084677
:1083A00010BD084A1A410242F9D04FF48001194128
:1083B000014421EA0201F2E7802BF0D1F8F7B2FB89
:1083C0000146ECE7FFFF7F002DE9F04FC44B21F0A1
:1083D000004687B09E4204460D46019129D906F118
:1083E000404606F58016064314D1A3A3D3E9002323
:1083F000F8F76AF8A2A3D3E9002306460F46204601
:108400002946F8F761F802460B4630463946F7F739
:10841000A5FE07E002460B46F7F79EFE02460B4616
:10842000F8F77CF904460D462046294607B0BDE81A
:10843000F08FAC4B9E420ED8B6F1795F80F0AB80E6
:1084400091A3D3E90023F7F789FE0022A64BF8F7A2
:10845000CBFA0028E8D120462946FFF781FF0246E3
:108460000B460020A049F7F777FE00229F4BF8F754
:108470002BF887A3D3E9002304460D46F8F724F828
:1084800085A3D3E90023F7F769FE22462B46F8F7C8
:108490001BF883A3D3E90023F7F75EFE22462B46A1
:1084A000F8F712F880A3D3E90023F7F757FE224626
:1084B0002B46F8F709F87EA3D3E90023F7F74CFE23
:1084C00022462B46F8F700F87BA3D3E90023F7F701
:1084D00045FE22462B46F7F7F7FF79A3D3E90023A1
:1084E000CDE9020120462946F7F7EEFF76A3D3E94E
:1084F0000023F7F731FE22462B46F7F7E5FF74A37A
:10850000D3E90023F7F72AFE22462B46F7F7DCFFD4
:1085100071A3D3E90023F7F71FFE22462B46F7F796
:10852000D3FF714B0022F7F719FECDE90401204675
:10853000294601F06FF96E4B82469E428B4640F20F
:10854000D980DDE90423DDE90201F8F7E7F85246B6
:108550005B46F7F7B9FF52465B46F7F7FFFD024669
:108560000B46F7F7FBFD46A3D3E90023F7F7F4FD2D
:1085700002460B4640A1D1E90001F7F7EDFD019B52
:108580000446002BDCBF024601F100430D46DCBF70
:1085900014461D4648E702460B46F7F795FF3CA3F5
:1085A000D3E9002306460F46F7F78EFF3AA3D3E937
:1085B0000023F7F7D3FD32463B46F7F785FF38A394
:1085C000D3E90023F7F7C8FD32463B46F7F77CFFB7
:1085D00035A3D3E90023F7F7C1FD32463B46F7F751
:1085E00073FF33A3D3E90023F7F7B6FD32463B46CA
:1085F000F7F76AFF30A3D3E90023F7F7AFFD324660
:108600003B46F7F761FF2EA3D3E900238046894656
:1086100030463946F7F758FF2BA3D3E90023F7F785
:108620009BFD32463B46F7F74FFF29A3D3E90023D2
:10863000F7F794FD32463B46F7F746FF26A3D3E90A
:108640000023F7F789FD32463B46F7F73DFF00224E
:10865000254BF7F783FD02460B4640464946F8F79F
:108660005DF822462B46F7F72FFF02460B462046C1
:108670002946CCE6AFF30080182D4454FB21F93F86
:10868000075C143326A6913C9C7500883CE4377E39
:1086900009F7FD0DE13D023F88B20175E0EF493F6A
:1086A0003B8F68B52882A43F5544880E55C1C93F09
:1086B0007D6FEB0312D6D43F555555555555C53FE3
:1086C00082922EB1C5B8B33F59018D1B6C06E63FAF
:1086D000C88A599CE52A00404B2D8A1C273A034042
:1086E000FFFFEF3FFFFFDF3F0000F03F0000E03FF4
:1086F0003233EF3F02460B46F7F730FDDDE9042346
:1087000006460F46DDE90201F8F708F802460B4677
:1087100030463946F7F7D8FE4FF0000806460F46B8
:1087200042465B4640465946F7F7CEFE02460B46A8
:1087300020462946F7F710FD424604460D465B46A3
:1087400050465946F7F70AFD02460B462046294691
:10875000F7F7E4FF02460B46F7F700FD02460B462B
:1087600013A1D1E90001F7F7F7FC02460B463046AA
:108770003946F7F7F1FC424604460D465B46404653
:108780005946F7F7EBFC02460B460BA1D1E9000175
:10879000F7F7E2FC02460B4620462946F7F7DCFCD9
:1087A00002460B4604A1D1E90001E6E6AFF30080E2
:1087B000075C143326A6913C182D4454FB21E93F55
:1087C0002DE9F84F17469046994623F000427B4228
:1087D000DFF884A13B4342EAD373534504460D4678
:1087E00009D8464221F00043064343EAD67656456F
:1087F0008E46834608D942464B4620462946F7F71F
:10880000ADFC04460D4616E009F1404606F580161B
:108810003E4303D1BDE8F84F00F0CEBD4FEAA97644
:1088200006F0020653EA0B0B46EAD17607D1022E78
:1088300064D0032E66D020462946BDE8F88F174342
:1088400006D1BEF1000F68DA37A5D5E90045F2E799
:1088500052450FD1934206F1FF3607D1022E55D86B
:108860003E4B03EBC603D3E90045E4E7022E51D8A3
:108870003B4BF6E75345E4D09B1AB3F1747F4FEAC4
:10888000235221DAB9F1000F01DA3C3220DB4246F3
:108890004B4620462946F7F741FFFFF761FD00F000
:1088A0008BFD04460D46012E15D0022E17D0002E4A
:1088B000C1D01FA3D3E9002320462946F7F74CFC7B
:1088C0001DA3D3E9002316E01DA5D5E90045EAE77D
:1088D00000240025E7E705F100431D46ABE714A39C
:1088E000D3E9002320462946F7F736FC02460B461B
:1088F00011A1D1E90001F7F72FFC82E70EA5D5E918
:10890000004598E710A5D5E9004594E710A5D5E9FD
:10891000004590E7002400258DE709A5D5E900452D
:1089200089E700BFAFF30080182D4454FB21F9BF45
:10893000075C143326A6A13C182D4454FB210940A2
:10894000182D4454FB21F93F182D4454FB2109C034
:10895000182D4454FB21E93F0000F07F78B3000854
:1089600060B30008000000002DE9F04F91B0CDE9A0
:1089700000238B46DDE9001828F00047824657EABD
:10898000010012D153468BF40022DB185241984269
:10899000914B934180F0CE84DDE900235046594647
:1089A000F7F7DCFB11B0BDE8F08F8C4B2BF00046E5
:1089B0009E425D46D14607D802D1BAF1000FEBD1F5
:1089C0009F4201D80FD171B105F1404505F58015E1
:1089D00055EA0905E0D1DDE90032DB1882F4002216
:1089E00052419D42D4E7002D334639DA7C4A974202
:1089F0004ED8A2F15472974240F2AB843A15A2F2DB
:108A0000FF32142A0FDDC2F1340221FA02F404FA13
:108A100002F28A4240F09D8404F00104C4F1020491
:108A200000295AD10EE0002956D1C2F1140247FAAA
:108A300002F404FA02F2BA4240F0888404F001041D
:108A4000C4F10204674A974230D1B8F1000F80F2B6
:108A5000798452465B4600206249F7F75FFEA1E742
:108A60000024002939D15D4A9742EBD106F14043F9
:108A700003F5801353EA090300F05C845A4B9E42CD
:108A800008D9B8F1000FC0F25984DDE9000189E787
:108A90000224E6E7B8F1000F4FF000004FF00001AC
:108AA00080DADDE9000303F100417BE7B8F1804F94
:108AB00006D152465B4650465946F7F705FD71E729
:108AC0004A4A904509D1002D07DB5046594611B05E
:108AD000BDE8F04F00F09EBE002450465946029378
:108AE000FFF73EFC029BB9F1000F27D13D4A25F06C
:108AF000404C944500D00EBBB8F1000F05DA024699
:108B00000B4600203749F7F709FE002DBFF64AAFA4
:108B100006F1404606F58016264308D102460B466C
:108B200010461946F7F718FB02460B4695E7012C4D
:108B30007FF438AF01F10043194633E7EA0F013AF9
:108B400052EA040C02D152465B46E9E74FF00009B5
:108B5000013C144314BFDFF88CA0DFF894A0B7F1F8
:108B6000844FCDE9029A40F20781224B9F421E4B6F
:108B700013D99E4208D8B8F1000F08DA002011B0CE
:108B8000BDE8F04F00F040BEB8F1000FF6DC002069
:108B900011B0BDE8F04F00F032BE9E420CD2DDE9CC
:108BA000020100220023F7F701FF003818BF01205F
:108BB000B8F1000FECDAE2E70A4B00229E421BD923
:108BC000DDE902010023F7F7F1FE003818BF0120AC
:108BD000B8F1000FD3DCDBE70000F0FF0000F07F0E
:108BE000FFFF3F430000F03FFFFFEF3F0000E03F8B
:108BF0000000F0BF0000F0435B4BF7F7ADFA52A363
:108C0000D3E9002304460D46F7F75EFC50A3D3E9F1
:108C1000002306460F4620462946F7F755FC00225A
:108C200082468B4620462946504BF7F74DFC0246BC
:108C30000B4649A1D1E90001F7F78EFA22462B46EF
:108C4000F7F742FC02460B4600204949F7F784FA41
:108C50002246804689462B4620462946F7F734FCB3
:108C600002460B4640464946F7F72EFC3CA3D3E9A3
:108C70000023F7F729FC02460B4650465946F7F702
:108C80006BFA002402460B46804689463046394638
:108C9000F7F764FA32463B4620460D46F7F75CFA92
:108CA00002460B4640464946F7F756FADDE90023EF
:108CB000CDE9042300230493DDE904AB06460F4607
:108CC000DDE9000152465B46F7F746FA22462B469D
:108CD000F7F7FAFBDDE9002380468946304639463E
:108CE000F7F7F2FB02460B4640464946F7F736FADD
:108CF00052465B4606460F4620462946F7F7E4FBF8
:108D00000B4602468046894630463946F7F726FA32
:108D1000184B044699420D468A468B4640F3E08242
:108D200001F13F4303F5E003034300F0DF81DDE998
:108D3000020100220023F7F739FE003818BF012096
:108D40001DE700BFAFF30080000000604715F73F4C
:108D500044DF5DF80BAE543E555555555555D53F3E
:108D6000FE822B654715F73F0000F03F0000D03F23
:108D70000000E03FFFFF8F40D34A2A40002A40F026
:108D80007A81D24B0022F7F79FFB6FF034040B4639
:108D90001A15A2F2FF3222440A92CD4AC3F31303FA
:108DA00043F07F55934245F4401508DDC94A93428C
:108DB00040F363810A9BA5F5801501330A930026D1
:108DC000F3000B93C44B294603EBC603D3E90034ED
:108DD0001A46CDE9083423468246F7F7BDF95246D4
:108DE0002B46CDE90C01DDE90801F7F7B7F902469A
:108DF0000B460020B949F7F791FC02460B46CDE936
:108E00000E01DDE90C01F7F75FFBCDE90601DDE9B5
:108E10000634CDE9043400230022AB466D1045F042
:108E20000055049305F50025DDE9048905EB86432B
:108E30004046494614461D46F7F746FB02460B4698
:108E4000DDE90C01F7F788F9DDE9082306460F464E
:108E500020462946F7F780F902460B465046594608
:108E6000F7F77AF942464B46F7F72EFB02460B46D8
:108E700030463946F7F770F9DDE90E23F7F724FBA2
:108E8000DDE90623CDE9080110461946F7F71CFB7A
:108E90007BA3D3E9002304460D46F7F715FB7AA31D
:108EA000D3E90023F7F75AF922462B46F7F70CFBD4
:108EB00077A3D3E90023F7F751F922462B46F7F7BA
:108EC00003FB75A3D3E90023F7F748F922462B46A5
:108ED000F7F7FAFA72A3D3E90023F7F73FF922462E
:108EE0002B46F7F7F1FA70A3D3E90023F7F736F929
:108EF000224606460F462B4620462946F7F7E4FA57
:108F000002460B4630463946F7F7DEFA04460D4670
:108F1000DDE9060142464B46F7F720F9DDE9082373
:108F2000F7F7D2FA22462B46F7F718F9424682465F
:108F30008B464B4640464946F7F7C6FA0022684B37
:108F400006460F46F7F70AF952465B46F7F706F969
:108F500000240D4622460B4640464946F7F7B4FA30
:108F6000002280468946204629465D4BF7F7F4F8F3
:108F700032463B46F7F7F0F802460B465046594654
:108F8000F7F7EAF8DDE90623F7F79EFA22460646E8
:108F90000F46DDE908012B46F7F796FA02460B4625
:108FA00030463946F7F7DAF8002406460F460246FF
:108FB0000B4640464946F7F7D1F83DA3D3E90023D5
:108FC00020460D46F7F780FA42464B46CDE90601AA
:108FD00020462946F7F7C0F802460B463046394688
:108FE000F7F7BAF834A3D3E90023F7F76DFA34A3FF
:108FF000D3E9002306460F4620462946F7F764FAD0
:1090000002460B4630463946F7F7A8F80B9A354B1F
:1090100000241344D3E90023F7F7A0F882460A9806
:109020008B46F7F7E7F906460F460B9A2E4B13448B
:10903000D3E900895246DDE906015B46F7F78EF871
:1090400042464B46F7F78AF832463B46F7F786F832
:1090500032463B4620460D46F7F77EF842464B46E1
:10906000F7F77AF8DDE90623F7F776F802460B46BC
:109070005046594618E600248AE60126A0E600BFBD
:10908000EF4E454A287ECA3F65DBC9934A86CD3FED
:1090900001411DA96074D13F4D268F515555D53FD3
:1090A000FFAB6FDBB66DDB3F033333333333E33F6B
:1090B000000000E009C7EE3FFD033ADC09C7EE3FC0
:1090C000F5015B14E02F3EBE0000F07F000040433E
:1090D0008E98030079B60B00B0B300080000F03F93
:1090E0000000084090B30008A0B300089AA3D3E999
:1090F000002330463946F7F731F84246CDE9000102
:109100004B4620462946F7F727F802460B46DDE98D
:109110000001F7F769FC00287FF409AE4FF48013D3
:109120004FEA2A5AAAF2FE3A43FA0AFADA44CAF392
:109130000A519B48A1F2FF31084100EA0A03CAF331
:10914000130AC1F114014AF4801A40464AFA01FA9E
:10915000BBF1000F49464FF00002B8BFCAF1000A48
:10916000F6F7FAFF80468946002432463B464046E1
:109170004946F6F7F3FF7AA3D3E9002320460D46CC
:10918000F7F7A2F942464B46CDE9000120462946B1
:10919000F6F7E2FF02460B4630463946F6F7DCFFAB
:1091A00071A3D3E90023F7F78FF971A3D3E9002363
:1091B0008046894620462946F7F786F902460B463F
:1091C00040464946F6F7CAFF04460D4602460B469E
:1091D000DDE90001F6F7C2FFDDE90023804689469C
:1091E000F6F7BAFF02460B4620462946F6F7B4FFCB
:1091F000424606460F464B4640464946F7F764F955
:109200005DA3D3E9002304460D46F7F75DF95CA39F
:10921000D3E90023F6F7A0FF22462B46F7F754F9CF
:1092200059A3D3E90023F6F799FF22462B46F7F717
:109230004BF957A3D3E90023F6F78EFF22462B46BE
:10924000F7F742F954A3D3E90023F6F787FF224644
:109250002B46F7F739F902460B4640464946F6F7E2
:109260007BFF04460D4602460B4640464946F7F74B
:109270002BF90022CDE900014FF08043204629461A
:10928000F6F76AFF02460B46DDE90001F7F746FAFA
:10929000324604460D463B4640464946F7F714F928
:1092A00032463B46F6F75AFF02460B462046294611
:1092B000F6F752FF42464B46F6F74EFF02460B4684
:1092C00000203849F6F748FF01EB0A54B4F5801F37
:1092D0002EDA524600F000FADDE90223FFF7EDBB7B
:1092E000314C21F00043A3421AD9304B0B440343C5
:1092F00009D0DDE9020100220023F7F757FB00380F
:1093000018BF012044E442464B46F6F725FF32469B
:109310003B46F7F75FFB0028EBD1DFF894A0FDE6B2
:109320009A46244B9A453FF6F9AEDDF810A01BE7AC
:109330002146D1E700201B49FFF734BB0020002164
:10934000FFF730BB50465946FFF72CBB0C46FFF7E2
:1093500079BB0024FFF764BBFE822B654715973C61
:1093600000000000432EE63FEF39FAFE422EE63FB2
:10937000396CA80C615C20BED0A4BE726937663E11
:10938000F16BD2C541BDBB3E2CDE25AF6A56113F05
:1093900093BDBE166CC1663F3E5555555555C53FEC
:1093A0000000F0FF0000F03FFFCB904000346F3F23
:1093B00000CC90400000E03F2DE9F84FBC4B21F07D
:1093C00000469E4204460D468B4618D9B94B9E4234
:1093D00001D809D140B122462B4620462946F6F74E
:1093E000BDFE04460D4606E0BBF1000F40F32381AD
:1093F00093A5D5E9004520462946BDE8F88FAE4B38
:109400009E4211D8A3F1DE739E420AD88EA3D3E9FF
:109410000023F6F7A3FE0022A84BF7F7E5FA002891
:10942000E9D14FF0FF3A27E0FEF79AFFA44B04463C
:109430009E420D4600F2B880A3F550239E4200F2F2
:109440009C8002460B46F6F789FE00229B4BF6F7FE
:1094500083FE002206460F464FF0804320462946F1
:10946000F6F77CFE02460B4630463946F7F756F9CA
:109470004FF0000A04460D4622462B462046294658
:10948000F7F722F802460B4680468946F7F71CF8A4
:109490006FA3D3E9002306460F46F7F715F86EA32E
:1094A000D3E90023F6F75AFE32463B46F7F70CF8AD
:1094B0006BA3D3E90023F6F751FE32463B46F7F79C
:1094C00003F869A3D3E90023F6F748FE32463B468A
:1094D000F6F7FAFF66A3D3E90023F6F73FFE32461C
:1094E0003B46F6F7F1FF64A3D3E90023F6F736FE17
:1094F00042464B46F6F7E8FF61A3D3E900238046D6
:10950000894630463946F6F7DFFF5FA3D3E90023EB
:10951000F6F722FE32463B46F6F7D6FF5CA3D3E9C8
:109520000023F6F719FE32463B46F6F7CDFF5AA365
:10953000D3E90023F6F710FE32463B46F6F7C4FFA8
:1095400057A3D3E90023F6F707FE32463B46F6F76A
:10955000BBFF02460B4640464946F6F7FFFD224652
:109560002B46F6F7B1FFBAF1FF3F02460B4644D156
:1095700020462946F6F7F0FD33E700224F4BF6F779
:10958000EBFD002206460F46204629464B4BF6F7D8
:10959000E5FD02460B4630463946F7F7BFF84FF077
:1095A000010A04460D4667E7464B9E421AD2002246
:1095B000454BF6F7D1FD002206460F4620462946C8
:1095C000414BF6F781FF00223C4BF6F7C7FD024600
:1095D0000B4630463946F7F7A1F84FF0020A044629
:1095E0000D4649E702460B4600203849F7F796F842
:1095F0004FF0030A04460D463EE7354B354E03EB6C
:10960000CA03D3E90023F6F7A7FD22462B46F6F757
:10961000A3FD06EBCA0602460B46D6E90001F6F7A3
:109620009BFDBBF1000F04460D46BFF6E4AE01F111
:1096300000431D46DFE61CA5D5E90045DBE600BF7B
:10964000182D4454FB21F93F9C7500883CE4377E7B
:1096500011DA22E33AAD903FEB0D76244B7BA93F24
:10966000513DD0A0660DB13F6E204CC5CD45B73FF2
:10967000FF8300922449C23F0D5555555555D53F9E
:109680002F6C6A2C44B4A2BF9AFDDE522DDEAD3F92
:109690006D9A74AFF2B0B33F711623FEC671BC3F32
:1096A000C4EB98999999C93F182D4454FB21F9BFEF
:1096B000FFFF0F440000F07FFFFFDB3F0000F03FA3
:1096C000FFFFF23F008003400000F83F0000F0BFC2
:1096D000C0B30008E0B300082DE9F0481646C1F316
:1096E0000A5283468C460B4682B921F0004303435D
:1096F00039D02F4B0022F6F7E7FE2E4B83469E42D1
:109700008C460DDA26A3D3E900231BE040F2FF7755
:10971000BA4209D10246F6F721FD83468C4622E083
:109720000B46C1F30A52363A4CF250318E420CDDF0
:109730001DA3D3E900231C464FEADC7161F3DF74FB
:1097400021461D48F6F7C0FEE7E740F2FE713244BD
:109750008A42EDDC002A0ADD23F0FF4323F4E00314
:1097600043EA0255AC4658466146BDE8F08812F11E
:10977000350F09DA0CF0004343F0D27141F4B731F0
:109780000E4841F01F01BDE723F0FF43363223F4BA
:10979000E00343EA0255584629460022084BD1E728
:1097A00059F3F8C21F6EA5019C7500883CE4377E12
:1097B00000005043B03CFFFF9C75008859F3F8C28D
:1097C0000000903C70B504460D461646FDF7EEFFCE
:1097D00029460660204670BD13B50446194610465A
:1097E0000CB103F10043CDE90023DDE90023F6F7D6
:1097F0006BFE222202B0BDE81040FFF7E3BF00225B
:109800004FF08053FFF7E8BF00224FF0E043FFF72F
:10981000E3BF0000674A2DE9F84F8A4306460F462A
:109820000B4604460ED10246F6F74EFE02460B46A4
:1098300030463946F6F792FC06460F463046394622
:10984000BDE8F88F00290CDC21F000420243F5D07E
:1098500089B10246F6F780FC02460B46F6F75EFF3A
:10986000EAE70A1515D1002109E0E30A153A640573
:10987000002BFAD0F7E70A46FAE75B000131D8027D
:10988000FBD5481E121AC1F1200024FA00F0034350
:109890008C400026A2F2FF371621D2074FF40010A9
:1098A0003246C3F3130343F480135CBF5B0003EB46
:1098B000D4734FEA430358BF640003EBD4737F10A3
:1098C000640015189D42DEBF2A185B1B3618E50F91
:1098D000013905EB43034FEA44044FEA5000F0D14D
:1098E0000D464FF0200A4FF000409A4201EB000C69
:1098F00002DB13D1A44511D8BCF1000F0CEB000121
:1099000042DA002940DB02F1010E9B1A7246A4459F
:1099100088BF03F1FF33A4EB0C0405444FEAD47C69
:10992000BAF1010A0CEB43034FEA44044FEA50003A
:10993000DBD11C431AD0204CDFF880B0D4E9000101
:10994000DBE90023F6F708FCD4E9008902460B4660
:1099500040464946F7F734F840B1D4E90001DBE965
:109960000023B5F1FF3F11D15546013672106B0847
:10997000F10702F17F5202F5001248BF43F00043A5
:10998000184602EB075157E79646BEE7F6F7E6FBA7
:10999000D4E9008902460B4640464946F7F706F8E7
:1099A00020B1A81C08BF01360235DFE76B1C23F08D
:1099B0000105DBE70000F07FE8000020E000002068
:1099C000F8B500BFF8BC08BC9E467047F8B500BFAC
:0899D000F8BC08BC9E4670477C
:1099D800000000000000000000000000000000007F
:1099E8000000000000001FCC000C00000000000078
:1099F800000008003000600008003000600000002F
:109A0800022003FC1E20022003FC1E20022000006E
:109A180000000E1811043FFF10840C7800000000AD
:109A28000F0010840F3800C00778188400780000F1
:109A380000780F8410C411240E9800E400840008F4
:109A4800080068007000000000000000000000002E
:109A580000000000000007E0181820044002000081
:109A6800000040022004181807E000000000000071
:109A78000240024001800FF00180024002400000D5
:109A88000080008000800FF80080008000800000C7
:109A98000001000D000E00000000000000000000A2
:109AA800000000800080008000800080008000802E
:109AB8000000000C000C0000000000000000000086
:109AC8000000000600180060018006001800200051
:109AD800000007F0080810041004080807F0000048
:109AE8000000080408041FFC000400040000000033
:109AF80000000E0C10141024104411840E0C0000E9
:109B080000000C1810041104110412880C700000D5
:109B1800000000E00320042408241FFC00240000A7
:109B280000001F98108411041104108810700000A0
:109B3800000007F00888110411041888007000005C
:109B480000001C00100010FC13001C001000000096
:109B580000000E3811441084108411440E3800009F
:109B680000000700088C10441044088807F0000023
:109B7800000000000000030C030C000000000000BF
:109B880000000000000101060000000000000000C5
:109B980000000080014002200410080810040000A2
:109BA80002200220022002200220022002200000BF
:109BB8000000100408080410022001400080000082
:109BC80000000E001200100C106C10800F00000036
:109BD80003E00C1813E4142417C4082807D0000065
:109BE8000004003C03C41C40074000E4001C0004BF
:109BF80010041FFC1104110411040E8800700000E9
:109C080003E00C1810041004100410081C100000C5
:109C180010041FFC100410041004080807F00000CA
:109C280010041FFC1104110417C4100408180000C4
:109C380010041FFC1104110017C0100008000000D8
:109C480003E00C181004100410441C7800400000B5
:109C580010041FFC10840080008010841FFC100476
:109C68000000100410041FFC100410040000000081
:109C780000030001100110011FFE10001000000079
:109C880010041FFC110403801464181C1004000045
:109C980010041FFC1004000400040004000C000061
:109CA80010041FFC1F0000FC1F001FFC1004000014
:109CB80010041FFC0C04030000E010181FFC100027
:109CC80007F00808100410041004080807F0000042
:109CD80010041FFC10841080108010800F000000FA
:109CE80007F0081810241024101C080A07F20000B6
:109CF80010041FFC1104110011C011300E0C0004D7
:109D080000000E1C11041084108410441C3800003C
:109D18001800100010041FFC1004100018000000A8
:109D280010001FF810040004000410041FF81000AD
:109D380010001E0011E0001C007013801C001000B1
:109D48001FC0103C00E01F0000E0103C1FC00000D6
:109D58001004180C163401C001C01634180C100475
:109D680010001C00130400FC13041C001000000069
:109D78000804101C1064108413041C04101800003C
:109D88000000000000007FFE400240024002000088
:109D9800000030000C0003800060001C000300007D
:109DA80000004002400240027FFE00000000000068
:109DB800000000002000400040004000200000009B
:109DC8000001000100010001000100010001000183
:109DD80000004000400020000000000000000000DB
:109DE80000000098012401440144014400FC0004DF
:109DF80010001FFC008801040104008800700000A6
:109E080000000070008801040104010400880000BB
:109E18000000007000880104010411081FFC000400
:109E2800000000F8014401440144014400C8000056
:109E38000000010401040FFC1104110411001800B2
:109E4800000000D601290129012901C901060000E5
:109E580010041FFC008401000100010400FC000440
:109E680000000104190419FC0004000400000000AB
:109E78000000000300010101190119FE00000000A3
:109E880010041FFC0024004001B4010C0104000070
:109E98000000100410041FFC00040004000000006F
:109EA800010401FC0104010001FC0104010000FCA3
:109EB800010401FC008401000100010400FC00040D
:109EC800000000F8010401040104010400F8000086
:109ED800010101FF008501040104008800700000F1
:109EE80000000070008801040104010501FF000161
:109EF8000104010401FC0084010401000180000048
:109F0800000000CC01240124012401240198000050
:109F180000000100010007F801040104000000002E
:109F2800010001F8000400040004010801FC000419
:109F3800010001800170000C001001600180010027
:109F480001F0010C003001C00030010C01F00100EB
:109F580000000104018C00740170018C01040000F0
:109F6800010101810171000E0018016001800100EA
:109F780000000184010C013401440184010C00003B
:109F8800000000000000000001003EFC400240020A
:109F98000000000000000000FFFF000000000000BB
:109FA8000000400240023EFC0100000000000000EA
:109FB8000000600080008000400040002000200079
:109FC8000000000000000000000000000000000089
:109FD8003F4000000000000000003000400030005A
:109FE8004000000009000BC03D000BC03D00090007
:109FF80018C024407FE0224031800000180024C0AF
:10A008001B000D803240018003801C4027401C80CB
:10A018000740004010006000000000000000000041
:10A028000000000000001F80204040200000402069
:10A0380020401F8000000000090006001F80060065
:10A0480009000000040004003F8004000400000030
:10A058000010006000000000000000000400040080
:10A06800040004000400000000000040000000009C
:10A0780000000000002001C0060038004000000079
:10A088001F802040204020401F800000000010401A
:10A098003FC000400000000018C02140224024407A
:10A0A8001840000010802040244024401B800000FD
:10A0B80002000D0011003FC0014000003C80244018
:10A0C80024402440238000001F8024402440344042
:10A0D800038000003000200027C038002000000066
:10A0E8001B802440244024401B8000001C0022C008
:10A0F800224022401F8000000000000008400000AD
:10A1080000000000000000000460000000000000E3
:10A11800000004000A0011002080404009000900E6
:10A1280009000900090000000000404020801100DB
:10A138000A00040018002000234024001800000032
:10A148001F802040274029401F400000004007C0D2
:10A1580039000F0001C0004020403FC02440244087
:10A168001B8000001F8020402040204030800000DD
:10A1780020403FC0204020401F80000020403FC0BA
:10A1880024402E4030C0000020403FC024402E0014
:10A19800300000000F001080204022403380020071
:10A1A80020403FC0040004003FC020402040204021
:10A1B8003FC02040204000000060202020203FC0F9
:10A1C8002000200020403FC024400B0030C0204029
:10A1D80020403FC020400040004000C03FC03C003D
:10A1E80003C03C003FC0000020403FC00C4023009B
:10A1F8003FC020001F802040204020401F800000DA
:10A2080020403FC024402400180000001F80214047
:10A21800214020E01FA0000020403FC0244026002D
:10A2280019C0004018C0244024402240318000005A
:10A23800300020403FC020403000000020003F8018
:10A24800004000403F80200020003E0001C0070081
:10A2580038002000380007C03C0007C03800000064
:10A26800204039C0060039C0204000002000384096
:10A2780007C0384020000000304021C02640384048
:10A2880020C00000000000007FE0402040200000C7
:10A29800000070000C000380004000000000402017
:10A2A80040207FE000000000000020004000200067
:10A2B8000000000000100010001000100010001036
:10A2C80000000000400000000000000000000280C4
:10A2D8000540054003C0004020003FC00440044042
:10A2E8000380000000000380044004400640000092
:10A2F80000000380044024403FC000400000038069
:10A308000540054003400000000004401FC02440F1
:10A3180024402000000002E00550055006500420AB
:10A3280020403FC00440040003C000400000044037
:10A3380027C000400000000000100010041027E0B3
:10A348000000000020403FC00140070004C0044056
:10A35800204020403FC000400040000007C00400EB
:10A3680007C0040003C00000044007C00440040004
:10A3780003C0004000000380044004400380000044
:10A38800041007F00450044003800000000003801C
:10A398000440045007F00010044007C002400400C5
:10A3A80004000000000006400540054004C000000D
:10A3B800000004001F8004400040000004000780E3
:10A3C8000040044007C000400400070004C00180AA
:10A3D80006000400060001C0070001C006000000D6
:10A3E800044006C0010006C0044000000410071025
:10A3F80004E00180060004000000044005C0064097
:10A40800044000000000000004007BE04020000041
:10A41800000000000000FFF00000000000004020E5
:10A428007BE00400000000004000800040002000A5
:10A4380020004000556E737570706F7274656420EB
:10A44800736F6674776172652070726F6475637478
:10A45800207265762025642E0A0050726F64756339
:10A46800742049442072656164206173203020693A
:10A478006E646963617465732064657669636520D9
:10A4880069732065697468657220696E636F6D70A1
:10A49800617469626C65206F7220616E204D505541
:10A4A800333035302E0D0048616C662073656E734D
:10A4B80069746976697479207061727420666F7541
:10A4C8006E642E0D000000008300000000080000EC
:10A4D8000001001832000500000020410000D242AF
:10A4E800295C0F3E9A99993E3333733F295C0F3E9E
:10A4F80075191A0C6A231B1C1F207274433B4138C0
:10A50800393A6B6C376F06246D6E70006800000472
:10A5180076005401F7FD0001B8AAB38DB4980D3543
:10A528005D004CCD6C000CC92C00365676002646D2
:10A538006600FEF2ABC4AAF1DFDFBBAFDFDF00B815
:10A54800AAAAAAB088C3C5C700000070000000000E
:10A5580024000000020003000000650054FFEF0023
:10A5680000FA80000B12820001030C30C30E8C8CA1
:10A57800E914D5400213710F8E3883F8833000F840
:10A5880083258EF8833000F883FFFFFFFF0FFEA9B5
:10A59800D6240004001A8279A10000003CFFFF00C5
:10A5A800000010000038836FA2003E033040000016
:10A5B8000002CAE3093E80000020000000000000FD
:10A5C800004000000060000000000C0000000C18B3
:10A5D8006E000006920A16C0DFFFFF0256FD8CD3FC
:10A5E80077FFE1C496E0C5BEAA00000000FFFF0B9C
:10A5F8002B00001657000003594000000000001D02
:10A60800FA00026C1D000000003FFFDFEB003EB3C4
:10A61800B6000D227800002F3C000000000019420F
:10A62800B5000039A20000B365D90E9FC91DCF4CF3
:10A638003430000000500000003BB67AE8006400A7
:10A648000000C8000000000000100000001000FA20
:10A65800921000225E000D229F00010000003200CF
:10A6680000FF46000063D400001000000004D6007C
:10A678000004CC000004CC000000001072000000B0
:10A688004000000000000000000006000200050075
:10A698000700000000006400000000000000000047
:10A6A8000500050064002000000000000000000014
:10A6B80000000040000000030000000032F898008D
:10A6C80000FF650000830F0000FF9BFC00000000F6
:10A6D8000000000000000000000000000000000072
:10A6E8000000000000000000000000000000000062
:10A6F8000000000000000010004000000000000002
:10A70800060000B26A000200000001FB8300680036
:10A718000000D9FC007CF1FF830000000000650008
:10A7280000006403E8006400280000002500000021
:10A738000016A000000000100000001000002F000C
:10A7480000000001F40000100000280000FFFF4591
:10A7580081FFFFFA720000000000000000004400C2
:10A76800050005BAC6004778A200000001000000F5
:10A778000000000600000000140000254D002F70A6
:10A788006D000005AE000C02D000000000000000C3
:10A79800000000000000000000001B000000000096
:10A7A8000000000000000000000064000000080035
:10A7B8000000000000000000000000000000000091
:10A7C8000000000000000000000000000000000081
:10A7D8000000000000000000000000000000000071
:10A7E8000000000000000000000000000000000061
:10A7F8000000000000000000000000000000000051
:10A80800000000000000000000001B000000000025
:10A818000000000000000E000E00000AC70004003F
:10A828000000000032FFFFFF9C00000B2B0000001F
:10A83800020000000100000064FFE50000000000C5
:10A8480000000000000000000000000001000000FF
:10A8580000000100000000000000018000000180ED
:10A868000000018000002426D30000000000000042
:10A8780000000600100096003C00000000000000E8
:10A888000000000000000000000C0A4E68CDCF77E1
:10A898000950166759C619CE820000000000000052
:10A8A80000000000000000000000000000000000A0
:10A8B8000017D7840003000000000000000000001B
:10A8C80000C7938F9D1E1B1C19000000000000008C
:10A8D8000000000000000000000000000000000070
:10A8E800000203188500004000000000030000007B
:10A8F800030000000000000000400000000000000D
:10A90800000000000000000000000000000000003F
:10A91800000000000000000000000000000000002F
:10A9280000000000000000000000000000677DDF5C
:10A938007E72902E554CF6E688000000000000005C
:10A94800000000000000000000D8DCB4B8B0D8B99E
:10A95800ABF3F8FAB3B7BB8E9EAEF132F51BF1B488
:10A96800B8B08097F1A9DFDFDFAADFDFDFF2AAC581
:10A97800CDC7A90CC92C97F1A989264666B2899931
:10A98800A92D557DB0B08AA896365676F1BAA3B4EB
:10A99800B280C0B8A89711B28398BAA3F02408442B
:10A9A800106418B2B9B49883F1A329557DBAB5B12A
:10A9B800A38393F0002850F5B2B6AA839328547C59
:10A9C800F1B9A3829361BAA2DADEDFDB819AB9AE6C
:10A9D800F5606870F1DABAA2DFD9BAA2FAB9A3822F
:10A9E80092DB31BAA2D9BAA2F8DF85A4D0C1BBAD37
:10A9F80083C2C5C7B8A2DFDFDFBAA0DFDFDFD8D8E0
:10AA0800F1B8AAB38DB4980D355DB2B6BAAF8C96CD
:10AA1800198F9FA70E161EB49AB8AA872C547CBA11
:10AA2800A4B08AB691325676B28494A4C808CDD818
:10AA3800B8B4B0F19982A82D557D98A80E161EA21B
:10AA48002C547C92A4F02C5078F184A898C4CDFCA6
:10AA5800D80DDBA8FC2DF3D9BAA6F8DABAA6DED849
:10AA6800BAB2B68696A6D0F3C841DAA6C8F8D8B066
:10AA7800B4B882A892F52C548898F135D9F418D82E
:10AA8800F1A2D0F8F9A884D9C7DFF8F883C5DADFCE
:10AA980069DF83C1D8F40114F1A8824EA884F311A8
:10AAA800D182F5D992289788F109F41C1CD884A87A
:10AAB800F3C0F9D1D99782F129F40DD8F3F9F9D176
:10AAC800D982F4C203D8DEDF1AD8F1A2FAF9A88431
:10AAD80098D9C7DFF8F8F883C7DADF69DFF883C3E6
:10AAE800D8F40114F198A8822EA884F311D182F524
:10AAF800D992509788F109F41CD884A8F3C0F8F9C2
:10AB0800D1D99782F149F40DD8F3F9F9D1D982F462
:10AB1800C403D8DEDFD8F1AD8898CCA809F9D9826A
:10AB280092A8F57CF1883ACF944A6E98DB6931DABD
:10AB3800ADF2DEF9D88795A8F221D1DAA5F9F41794
:10AB4800D9F1AE8ED0C0C3AE82C684C3A88595C8DD
:10AB5800A588F2C0F1F4010EF18E9EA8C63E56F506
:10AB680054F18872F40115F19845856EF58E9E04AE
:10AB780088F142985A8E9E068869F4011CF1981E45
:10AB88001108D0F504F11E970202983625DBF9D991
:10AB980085A5F3C1DA85A5F3DFD88595A8F309DA89
:10ABA800A5FAD88292A8F578F1881A849F26889801
:10ABB80021DAF41DF3D8879F39D1AFD9DFDFFBF94C
:10ABC800F40CF3D8FAD0F8DAF9F9D0DFD9F9D8F4D7
:10ABD8000BD8F3879F39D1AFD9DFDFF41DF3D8FA4B
:10ABE800FCA869F9F9AFD0DADEFAD9F88F9FA8F195
:10ABF800CCF398DB45D9AFDFD0F8D8F18F9FA8CA3E
:10AC0800F38809DAAF8FCBF8D8F2AD978D0CD9A5B8
:10AC1800DFF9BAA6F3FAF412F2D8950DD1D9BAA68B
:10AC2800F3FADAA5F2C1BAA6F3DFD8F1BAB2B6865A
:10AC380096A6D0CAF349DAA6CBF8D8B0B4B8D8AD3E
:10AC480084F2C0DFF18FCBC3A8B2B68696C8C1CB59
:10AC5800C3F3B0B48898A821DB718D9D71859521C7
:10AC6800D9ADF2FAD88597A828D9F408D8F28D2951
:10AC7800DAF405D9F285A4C2F2D8A88D9401D1D905
:10AC8800F411F2D88721D8F40AD8F28498A8C80118
:10AC9800D1D9F411D8F3A4C8BBAFD0F2DEF8F8F8D4
:10ACA800F8F8F8F8F8D8F1B8F6B5B9B08A95A3DE8F
:10ACB8003CA3D9F8D85CA3D9F8D87CA3D9F8D8F89C
:10ACC800F9D1A5D9DFDAFAD8B18530F7D9DED8F8C5
:10ACD80030ADDADED8F2B48C99A32D557DA083DF90
:10ACE800DFDFB591A0F629D9FBD8A0FC29D9FAD87D
:10ACF800A0D051D9F8D8FC51D9F9D879D9FBD8A026
:10AD0800D0FC79D9FAD8A1F9F9F9F9F9A0DADFDF95
:10AD1800DFD8A1F8F8F8F8F8ACDEF8ADDE8393AC2C
:10AD28002C547CF1A8DFDFDFF69D2CDAA0DFD9FAFE
:10AD3800DB2DF8D8A850DAA0D0DED9D0F8F8F8DBA7
:10AD480055F8D8A878DAA0D0DFD9D0FAF8F8F8F80A
:10AD5800DB7DF8D89CA88CF530DB38D9D0DEDFA0B5
:10AD6800D0DEDFD8A848DB58D9DFD0DEA0DFD0DEC0
:10AD7800D8A868DB70D9DFDFA0DFDFD8F1A888901A
:10AD88002C547C98A8D05C38D1DAF2AE8CDFF9D894
:10AD9800B087A8C1C1B188A8C6F9F9DA36D8A8F928
:10ADA800DA36D8A8F9DA36D8A8F9DA36D8A8F9DA26
:10ADB80036D8F78D9DADF818DAF2AEDFD8F7ADFAD0
:10ADC80030D9A4DEF9D8F2AEDEFAF983A7D9C3C523
:10ADD800C7F1889BA77AADF7DEDFA4F8849408A7AB
:10ADE80097F300AEF29819A488C6A39488F632DFC8
:10ADF800F28393DB09D9F2AADFD8D8AEF8F9D1DA11
:10AE0800F3A4DEA7F1889B7AD8F38494AE19F9DA13
:10AE1800AAF1DFD8A881C0C3C5C7A39283F628AD1D
:10AE2800DED9F8D8A350ADD9F8D8A378ADD9F8D8D9
:10AE3800F8F9D1A1DADEC3C5C7D8A18194F818F210
:10AE4800B089ACC3C5C7F1D8B8B4B09786A8319B50
:10AE5800069907AB9728889BF00C201440B0B4B82B
:10AE6800F0A88A9A285078B79BA829517924705954
:10AE7800446938644831F1BBAB88002C547CF0B38A
:10AE88008BB8A804285078F1B088B49726A85998A8
:10AE9800BBABB38B02264666B0B8F08A9CA8295192
:10AEA800798B2951798A2470598B2058718A446981
:10AEB800388B3940688A6448318B30496088F1ACF6
:10AEC800002C547CF08CA804285078F1889726A888
:10AED8005998AC8C02264666F0899CA82951792499
:10AEE8007059446938644831A98809205970AB11F0
:10AEF800384069A8193148608CA83C415C207C0026
:10AF0800F187981986A86E767EA999882D557DD8DF
:10AF1800B1B5B9A3DFDFDFAED0DFAAD0DEF2ABF880
:10AF2800F9D9B087C4AAF1DFDFBBAFDFDFB9D8B189
:10AF3800F1A3978E60DFB084F2C8F8F9D9DED89310
:10AF480085F14AB183A308B5839A0810B79F10D832
:10AF5800F1B0BAAEB08AC2B2B68E9EF1FBD9F41D7A
:10AF6800D8F9D90CF1D8F8F8AD61D9AEFBD8F40C02
:10AF7800F1D8F8F8AD19D9AEFBDFD8F416F1D8F846
:10AF8800AD8D61D9F4F4ACF59C9C8DDF2BBAB6AECF
:10AF9800FAF8F40BD8F1AED0F8AD51DAAEFAF8F110
:10AFA800D8B9B1B6A3839C08B9B1839AB5AAC0FD34
:10AFB8003083B79F10B58B93F20202D1ABDADED89B
:10AFC800F1B080BAABC0C3B284C1C3D8B1B9F38BF6
:10AFD800A391B609B4D9ABDEB0879CB9A3DDF1B3B0
:10AFE8008B8B8B8B8BB087A3A3A3A3B28BB69BF25F
:10AFF800A3A3A3A3A3A3A3A3A3A3F1B087B59AA3D1
:10B00800F39BA3A3DCBAACDFB9A3A3A3A3A3A3A315
:10B01800A3A3A3A3A3A3A3A3A3D8D8D8BBB3B7F1CF
:10B02800AAF9DAFFD9809AAA28B48098A720B797F6
:10B0380087A86688F07951F1902C870CA7819762D0
:10B0480093F071716085940129517990A5F1284C8C
:10B058006C870C95188578A38390284C6C886CD8DD
:10B06800F3A28200F210A8921980A2F2D926D8F190
:10B0780088A84DD948D896A83980D93CD89580A8B1
:10B0880039A68698D92CDA87A72CD8A8899519A922
:10B0980080D938D8A88939A980DA3CD8A82EA83907
:10B0A80090D90CD8A8953198D90CD8A809D9FFD827
:10B0B80001DAFFD89539A9DA26FFD890A80D899921
:10B0C800A810809821DA2ED88999A83180DA2ED84C
:10B0D800A886963180DA2ED8A8873180DA2ED8A8AB
:10B0E8008292F34180F1D92ED8A882F31980F1D940
:10B0F8002ED882ACF3C0A28022F1A62EA72EA922B8
:10B1080098A829DAACDEFFD8A2F22AF1A92E8292F9
:10B11800A8F23180A696F1D900AC8C9C0C30ACDE3C
:10B12800D0DEFFD88C9CACD010ACDE8092A2F24C62
:10B1380082A8F1CAF235F19688A6D900D8F1FF6D38
:10B1480070755F7365745F73656E736F7220636F7C
:10B158006D706C657465202E2E2E2E2E2E0D006DB2
:10B1680070755F636F6E6669677572655F6669663D
:10B178006F20636F6D706C657465202E2E2E2E2ED9
:10B188002E0D006D70755F7365745F73616D706C03
:10B19800655F7261746520636F6D706C657465209E
:10B1A8002E2E2E2E2E2E0D00646D705F6C6F616436
:10B1B8005F6D6F74696F6E5F6472697665725F66E2
:10B1C80069726D7761726520636F6D706C65746507
:10B1D800202E2E2E2E2E2E0D00646D705F7365743A
:10B1E8005F6F7269656E746174696F6E20636F6DED
:10B1F800706C657465202E2E2E2E2E2E0D00646D1B
:10B20800705F656E61626C655F66656174757265B5
:10B2180020636F6D706C657465202E2E2E2E2E2E79
:10B228000D00646D705F7365745F6669666F5F7249
:10B2380061746520636F6D706C657465202E2E2EA9
:10B248002E2E2E0D0073657474696E672062696115
:10B25800732073756363657366756C6C79202E2E25
:10B268002E2E2E2E0D006D70755F7365745F646DE4
:10B27800705F737461746520636F6D706C6574655D
:10B28800202E2E2E2E2E2E0D004D6F746F723A002A
:10B298004F464600204F4E00456E636F646572004E
:10B2A8002D002B00534552564F00566F6C746100A9
:10B2B8002E005600416E676C65005A686F6E677A9B
:10B2C8006869007B4325643A25643A25643A256415
:10B2D8003A25643A25643A25643A256424007B417A
:10B2E80025643A25643A25643A25647D24007B4226
:10B2F80025643A25643A25647D2400000000000195
:10B30800020304000000000000000001020304061C
:10B3180007080902030405060708090A0B0C0D0EA5
:10B328000F101000232D302B2000686C4C00656630
:10B33800674546470030313233343536373839417E
:10B348004243444546003031323334353637383994
:10B358006162636465660000000000000000008010
:10B36800182D4454FB210940182D4454FB2109C0D1
:10B37800182D4454FB21E9BFD221337F7CD90240E8
:10B38800D221337F7CD902C00000000000000000F9
:10B3980006D0CF43EBFD4C3E00000000000000004B
:10B3A8000000004003B8E23F000000000000F03F4A
:10B3B800000000000000F83FE2652F227F2B7A3C56
:10B3C800075C143326A6813CBDCBF07A8807703C15
:10B3D800075C143326A6913C4FBB610567ACDD3F83
:10B3E800182D4454FB21E93F9BF681D20B73EF3FA4
:08B3F800182D4454FB21F93F1C
:08B40000EC5DFF7F010000007C
:04B408003501000802
:04B40C001101000822
:10B4100004000000100000000400000068912841B2
:10B4200029CB0AC13898B8C2000040400000404013
:10B43000F8A4000814A500080000000000000000A7
:10B4400000000000000000000000000000000000FC
:10B450000000000000000000D0A40008010000006F
:10B4600001000000010000000000803F0040834513
:10B470000000A04200007A460000D84200C8AF4653
:10B48000EE020000010100000024F40001000000B1
:10B490001000000000000000030000002008002051
:10B4A00094000020000000002008002088080020F0
:10B4B000F008002000000000000000000000000074
:10B4C000000000000000000000000000000000007C
:10B4D000000000000000000000000000000000006C
:10B4E000000000000000000000000000000000005C
:10B4F00059F3F8C21F6EA501000000000000F03FE4
:040000050800558515
:00000001FF
