:020000040800F2
:1000000000500020454C0008C1500008C3500008B3
:10001000C5500008C7500008C95000080000000083
:10002000000000000000000000000000CB500008AD
:10003000CD50000800000000CF500008D15000084B
:100040008D4C00088D4C00088D4C00088D4C00082C
:100050008D4C00088D4C00088D4C00088D4C00081C
:100060008D4C00088D4C00088D4C00088D4C00080C
:100070008D4C00088D4C00088D4C00088D4C0008FC
:100080008D4C00088D4C00088D4C00088D4C0008EC
:100090008D4C00088D4C00088D4C00088D4C0008DC
:1000A0008D4C00088D4C00088D4C00088D4C0008CC
:1000B0008D4C00088D4C00088D4C00088D4C0008BC
:1000C0008D4C00088D4C00088D4C00088D4C0008AC
:1000D0008D4C00088D4C00088D4C0008D550000850
:1000E000E15000088D4C00088D4C00080000000015
:1000F0000000000000000000000000000000000000
:0C01000000000000000000005FF808F1A3
:1001100010B5054C237833B9044B13B10448AFF341
:1001200000800123237010BD600200200000000049
:100130009CB4000808B5034B1BB103490348AFF357
:10014000008008BD00000000640200209CB400088C
:10015000034613F8012B002AFBD1181A0138704707
:1001600081F0004102E000BF83F0004330B54FEA68
:1001700041044FEA430594EA050F08BF90EA020FD5
:100180001FBF54EA000C55EA020C7FEA645C7FEA68
:10019000655C00F0E2804FEA5454D4EB5555B8BF8B
:1001A0006D420CDD2C4480EA020281EA030382EAFC
:1001B000000083EA010180EA020281EA0303362D8E
:1001C00088BF30BD11F0004F4FEA01314FF4801C61
:1001D0004CEA113102D0404261EB410113F0004F73
:1001E0004FEA03334CEA133302D0524263EB43032A
:1001F00094EA050F00F0A780A4F10104D5F1200EC8
:100200000DDB02FA0EFC22FA05F2801841F1000122
:1002100003FA0EF2801843FA05F359410EE0A5F1F6
:1002200020050EF1200E012A03FA0EFC28BF4CF027
:10023000020C43FA05F3C01851EBE37101F00045DD
:1002400007D54FF0000EDCF1000C7EEB00006EEBEA
:100250000101B1F5801F1BD3B1F5001F0CD3490874
:100260005FEA30004FEA3C0C04F101044FEA4452CB
:1002700012F5800F80F09A80BCF1004F08BF5FEA52
:10028000500C50F1000041EB045141EA050130BD32
:100290005FEA4C0C404141EB0101013C28BFB1F544
:1002A000801FE9D291F0000F04BF01460020B1FA8F
:1002B00081F308BF2033A3F10B03B3F120020CDA62
:1002C0000C3208DD02F1140CC2F10C0201FA0CF040
:1002D00021FA02F10CE002F11402D8BFC2F1200CA5
:1002E00001FA02F120FA0CFCDCBF41EA0C0190405B
:1002F000E41AA2BF01EB0451294330BD6FEA0404A4
:100300001F3C1CDA0C340EDC04F11404C4F120028E
:1003100020FA04F001FA02F340EA030021FA04F3A0
:1003200045EA030130BDC4F10C04C4F1200220FAF7
:1003300002F001FA04F340EA0300294630BD21FA35
:1003400004F0294630BD94F0000F83F4801306BFFB
:1003500081F480110134013D4EE77FEA645C18BFEF
:100360007FEA655C29D094EA050F08BF90EA020F86
:1003700005D054EA000C04BF1946104630BD91EA7E
:10038000030F1EBF0021002030BD5FEA545C05D181
:100390004000494128BF41F0004130BD14F58004C0
:1003A0003CBF01F5801130BD01F0004545F0FE4134
:1003B00041F470014FF0000030BD7FEA645C1ABF69
:1003C000194610467FEA655C1CBF0B46024650EAA0
:1003D000013406BF52EA033591EA030F41F40021CC
:1003E00030BD00BF90F0000F04BF0021704730B552
:1003F0004FF4806404F132044FF000054FF0000127
:1004000050E700BF90F0000F04BF0021704730B5E7
:100410004FF4806404F1320410F0004548BF4042BC
:100420004FF000013EE700BF42004FEAE2014FEA11
:1004300031014FEA02701FBF12F07F4393F07F4FEC
:1004400081F06051704732F07F4208BF704793F0EF
:100450007F4F04BF41F40021704730B54FF4607402
:1004600001F0004521F000411CE700BF50EA010205
:1004700008BF704730B54FF000050AE050EA0102AE
:1004800008BF704730B511F0004502D5404261EB1E
:1004900041014FF4806404F132045FEA915C3FF45F
:1004A000D8AE4FF003025FEADC0C18BF03325FEAFC
:1004B000DC0C18BF033202EBDC02C2F1200300FAAD
:1004C00003FC20FA02F001FA03FE40EA0E0021FAD2
:1004D00002F11444BDE600BF70B54FF0FF0C4CF4C0
:1004E000E06C1CEA11541DBF1CEA135594EA0C0F72
:1004F00095EA0C0F00F0DEF82C4481EA030621EAAD
:100500004C5123EA4C5350EA013518BF52EA0335E7
:1005100041F4801143F4801338D0A0FB02CE4FF099
:100520000005E1FB02E506F00042E0FB03E54FF0C9
:100530000006E1FB03569CF0000F18BF4EF0010EC1
:10054000A4F1FF04B6F5007F64F5407404D25FEABD
:100550004E0E6D4146EB060642EAC62141EA555170
:100560004FEAC52040EA5E504FEACE2EB4F1FD0CB2
:1005700088BFBCF5E06F1ED8BEF1004F08BF5FEA30
:10058000500E50F1000041EB045170BD06F00046E2
:1005900046EA010140EA020081EA0301B4EB5C048F
:1005A000C2BFD4EB0C0541EA045170BD41F4801187
:1005B0004FF0000E013C00F3AB8014F1360FDEBFAC
:1005C000002001F0004170BDC4F10004203C35DA88
:1005D0000C341BDC04F11404C4F1200500FA05F30B
:1005E00020FA04F001FA05F240EA020001F00042AC
:1005F00021F0004110EBD37021FA04F642EB060122
:100600005EEA430E08BF20EAD37070BDC4F10C044B
:10061000C4F1200500FA04F320FA05F001FA04F20F
:1006200040EA020001F0004110EBD37041F10001FB
:100630005EEA430E08BF20EAD37070BDC4F1200506
:1006400000FA05F24EEA020E20FA04F301FA05F26E
:1006500043EA020321FA04F001F0004121FA04F216
:1006600020EA020000EBD3705EEA430E08BF20EAE6
:10067000D37070BD94F0000F0FD101F00046400020
:1006800041EB010111F4801F08BF013CF7D041EAA2
:10069000060195F0000F18BF704703F000465200A6
:1006A00043EB030313F4801F08BF013DF7D043EA77
:1006B0000603704794EA0C0F0CEA135518BF95EA2D
:1006C0000C0F0CD050EA410618BF52EA4306D1D1B4
:1006D00081EA030101F000414FF0000070BD50EAD3
:1006E000410606BF1046194652EA430619D094EA5D
:1006F0000C0F02D150EA013613D195EA0C0F05D147
:1007000052EA03361CBF104619460AD181EA03019A
:1007100001F0004141F0FE4141F470014FF0000052
:1007200070BD41F0FE4141F4780170BD70B54FF0ED
:10073000FF0C4CF4E06C1CEA11541DBF1CEA13556D
:1007400094EA0C0F95EA0C0F00F0A7F8A4EB05044F
:1007500081EA030E52EA03354FEA013100F0888046
:100760004FEA03334FF0805545EA131343EA12630F
:100770004FEA022245EA111545EA10654FEA0026C4
:100780000EF000419D4208BF964244F1FD0404F57D
:10079000407402D25B084FEA3202B61A65EB0305D9
:1007A0005B084FEA32024FF480104FF4002CB6EB96
:1007B000020E75EB030E22BFB61A754640EA0C0016
:1007C0005B084FEA3202B6EB020E75EB030E22BF56
:1007D000B61A754640EA5C005B084FEA3202B6EB97
:1007E000020E75EB030E22BFB61A754640EA9C0056
:1007F0005B084FEA3202B6EB020E75EB030E22BF26
:10080000B61A754640EADC0055EA060E18D04FEAE3
:10081000051545EA16754FEA06164FEAC30343EA83
:1008200052734FEAC2025FEA1C1CC0D111F4801F50
:100830000BD141EA00014FF000004FF0004CB6E749
:1008400011F4801F04BF01430020B4F1FD0C88BFE8
:10085000BCF5E06F3FF6AFAEB5EB030C04BFB6EBF3
:10086000020C5FEA500C50F1000041EB045170BDE6
:100870000EF0004E4EEA113114EB5C04C2BFD4EB13
:100880000C0541EA045170BD41F480114FF0000E97
:10089000013C90E645EA060E8DE60CEA135594EA13
:1008A0000C0F08BF95EA0C0F3FF43BAF94EA0C0F16
:1008B0000AD150EA01347FF434AF95EA0C0F7FF48B
:1008C00025AF104619462CE795EA0C0F06D152EADF
:1008D00003353FF4FDAE1046194622E750EA4106C3
:1008E00018BF52EA43067FF4C5AE50EA41047FF4D4
:1008F0000DAF52EA43057FF4EBAE12E74FF0FF3C39
:1009000006E000BF4FF0010C02E000BF4FF0010C09
:100910004DF804CD4FEA410C7FEA6C5C4FEA430C82
:1009200018BF7FEA6C5C1BD001B050EA410C0CBFD1
:1009300052EA430C91EA030F02BF90EA020F002033
:10094000704710F1000F91EA030F58BF994208BF9A
:1009500090422CBFD8176FEAE37040F00100704757
:100960004FEA410C7FEA6C5C02D150EA013C07D1AE
:100970004FEA430C7FEA6C5CD6D152EA033CD3D0F9
:100980005DF8040B704700BF8446104662468C46F3
:100990001946634600E000BF01B5FFF7B7FF002826
:1009A00048BF10F1000F01BD4DF808EDFFF7F4FF4F
:1009B0000CBF012000205DF808FB00BF4DF808EDDA
:1009C000FFF7EAFF34BF012000205DF808FB00BFFD
:1009D0004DF808EDFFF7E0FF94BF012000205DF81F
:1009E00008FB00BF4DF808EDFFF7CEFF94BF0120D4
:1009F00000205DF808FB00BF4DF808EDFFF7C4FFCD
:100A000034BF012000205DF808FB00BF4FEA410C15
:100A10007FEA6C5C02D150EA013C0AD14FEA430CF8
:100A20007FEA6C5C02D152EA033C02D14FF0000035
:100A300070474FF0010070474FEA410212F5001273
:100A400015D211D56FF47873B3EB625212D94FEA15
:100A5000C12343F0004343EA505311F0004F23FAFF
:100A600002F018BF404270474FF00000704750EA54
:100A7000013005D111F0004008BF6FF00040704711
:100A80004FF00000704700BF4FEA4102B2F1E0436F
:100A900024BFB3F5001CDCF1FE5C0DD901F0004C65
:100AA0004FEAC0024CEA5070B2F1004F40EB8300B5
:100AB00008BF20F00100704711F0804F21D113F1E1
:100AC0003872BCBF01F00040704741F480114FEA1A
:100AD0005252C2F11802C2F1200C10FA0CF320FAA3
:100AE00002F018BF40F001004FEAC1234FEAD323C0
:100AF00003FA0CFC40EA0C0023FA02F34FEA43032A
:100B0000CCE77FEA625307D150EA01331EBF4FF0B2
:100B1000FE4040F44000704701F0004040F0FE40CD
:100B200040F40000704700BF80F0004002E000BFCA
:100B300081F0004142001FBF5FEA410392EA030FC8
:100B40007FEA226C7FEA236C6AD04FEA1262D2EB12
:100B50001363C1BFD218414048404140B8BF5B4217
:100B6000192B88BF704710F0004F40F4000020F0B0
:100B70007F4018BF404211F0004F41F4000121F0C6
:100B80007F4118BF494292EA030F3FD0A2F1010210
:100B900041FA03FC10EB0C00C3F1200301FA03F14E
:100BA00000F0004302D5494260EB4000B0F5000F71
:100BB00013D3B0F1807F06D340084FEA310102F130
:100BC0000102FE2A51D2B1F1004F40EBC25008BFE2
:100BD00020F0010040EA03007047490040EB0000AC
:100BE000013A28BFB0F5000FEDD2B0FA80FCACF1AD
:100BF000080CB2EB0C0200FA0CF0AABF00EBC250DA
:100C000052421843BCBFD0401843704792F0000FC7
:100C100081F4000106BF80F400000132013BB5E71A
:100C20004FEA41037FEA226C18BF7FEA236C21D090
:100C300092EA030F04D092F0000F08BF08467047F5
:100C400090EA010F1CBF0020704712F07F4F04D1C3
:100C5000400028BF40F00040704712F100723CBFD6
:100C600000F50000704700F0004343F0FE4040F400
:100C7000000070477FEA226216BF08467FEA2363BE
:100C80000146420206BF5FEA412390EA010F40F4A9
:100C9000800070474FF0000304E000BF10F00043F5
:100CA00048BF40425FEA000C08BF704743F09643DC
:100CB00001464FF000001CE050EA010208BF7047F7
:100CC0004FF000030AE000BF50EA010208BF70477E
:100CD00011F0004302D5404261EB41015FEA010C93
:100CE00002BF84460146002043F0B64308BFA3F18B
:100CF0008053A3F50003BCFA8CF2083AA3EBC2536D
:100D000010DB01FA02FC634400FA02FCC2F120028B
:100D1000BCF1004F20FA02F243EB020008BF20F0C2
:100D20000100704702F1200201FA02FCC2F1200228
:100D300050EA4C0021FA02F243EB020008BF20EA1D
:100D4000DC7070474FF0FF0C1CEAD0521EBF1CEA4B
:100D5000D15392EA0C0F93EA0C0F6FD01A4480EA39
:100D6000010C400218BF5FEA41211ED04FF0006322
:100D700043EA501043EA5111A0FB01310CF000404E
:100D8000B1F5000F3EBF490041EAD3715B0040EA74
:100D9000010062F17F02FD2A1DD8B3F1004F40EB44
:100DA000C25008BF20F00100704790F0000F0CF017
:100DB000004C08BF49024CEA502040EA51207F3ADB
:100DC000C2BFD2F1FF0340EAC250704740F40000B6
:100DD0004FF00003013A5DDC12F1190FDCBF00F0A7
:100DE00000407047C2F10002410021FA02F1C2F155
:100DF000200200FA02FC5FEA310040F1000053EAF1
:100E00004C0308BF20EADC70704792F0000F00F03E
:100E1000004C02BF400010F4000F013AF9D040EA44
:100E20000C0093F0000F01F0004C02BF490011F4D8
:100E3000000F013BF9D041EA0C018FE70CEAD153D6
:100E400092EA0C0F18BF93EA0C0F0AD030F0004C56
:100E500018BF31F0004CD8D180EA010000F000400A
:100E6000704790F0000F17BF90F0004F084691F0C8
:100E7000000F91F0004F14D092EA0C0F01D1420202
:100E80000FD193EA0C0F03D14B0218BF084608D1CB
:100E900080EA010000F0004040F0FE4040F4000015
:100EA000704740F0FE4040F4400070474FF0FF0CA8
:100EB0001CEAD0521EBF1CEAD15392EA0C0F93EAEF
:100EC0000C0F69D0A2EB030280EA010C49024FEA41
:100ED000402037D04FF0805343EA111143EA1013FA
:100EE0000CF000408B4238BF5B0042F17D024FF4B2
:100EF000000C8B4224BF5B1A40EA0C00B3EB510F8D
:100F000024BFA3EB510340EA5C00B3EB910F24BF75
:100F1000A3EB910340EA9C00B3EBD10F24BFA3EBFA
:100F2000D10340EADC001B0118BF5FEA1C1CE0D1C2
:100F3000FD2A3FF650AF8B4240EBC25008BF20F075
:100F4000010070470CF0004C4CEA50207F32C2BFC9
:100F5000D2F1FF0340EAC250704740F400004FF066
:100F60000003013A37E792F0000F00F0004C02BF97
:100F7000400010F4000F013AF9D040EA0C0093F061
:100F8000000F01F0004C02BF490011F4000F013BBB
:100F9000F9D041EA0C0195E70CEAD15392EA0C0F23
:100FA00008D142027FF47DAF93EA0C0F7FF470AF5B
:100FB000084676E793EA0C0F04D14B023FF44CAF9E
:100FC00008466EE730F0004C18BF31F0004CCAD133
:100FD00030F000427FF45CAF31F000437FF43CAF6F
:100FE0005FE700BF4FF0FF3C06E000BF4FF0010C91
:100FF00002E000BF4FF0010C4DF804CD4FEA400273
:101000004FEA41037FEA226C18BF7FEA236C11D0BC
:1010100001B052EA530C18BF90EA010F58BFB2EB6F
:10102000030088BFC81738BF6FEAE17018BF40F0EF
:10103000010070477FEA226C02D15FEA402C05D1A3
:101040007FEA236CE4D15FEA412CE1D05DF8040B28
:10105000704700BF844608466146FFE70FB5FFF7BB
:10106000C9FF002848BF10F1000F0FBD4DF808ED73
:10107000FFF7F4FF0CBF012000205DF808FB00BF64
:101080004DF808EDFFF7EAFF34BF012000205DF8BE
:1010900008FB00BF4DF808EDFFF7E0FF94BF01200B
:1010A00000205DF808FB00BF4DF808EDFFF7D2FF08
:1010B00094BF012000205DF808FB00BF4DF808ED4B
:1010C000FFF7C8FF34BF012000205DF808FB00BF18
:1010D0004FEA4002B2F1FE4F0FD34FF09E03B3EB45
:1010E00012620DD94FEA002343F0004310F0004F85
:1010F00023FA02F018BF404270474FF000007047DB
:1011000012F1610F01D1420205D110F0004008BF79
:101110006FF0004070474FF00000704742000ED261
:10112000B2F1FE4F0BD34FF09E03B3EB126209D422
:101130004FEA002343F0004323FA02F070474FF0D8
:101140000000704712F1610F01D1420202D14FF04D
:10115000FF3070474FF00000704700BF7BB972B995
:101160000029BEBF00204FF0004106E008BF002864
:101170001CBF6FF000414FF0FF3000F09BB9ADF1A4
:10118000080C6DE904CE002909DB002B1ADB00F006
:1011900035F8DDF804E0DDE9022304B07047404291
:1011A00061EB4101002B1BDB00F028F8DDF804E0C7
:1011B000DDE9022304B0404261EB4101524263EB9E
:1011C00043037047524263EB430300F017F8DDF826
:1011D00004E0DDE9022304B0404261EB41017047C5
:1011E000524263EB430300F009F8DDF804E0DDE967
:1011F000022304B0524263EB430370472DE9F047EA
:10120000089D0C46002B4ED194468C458646B2FA7A
:1012100082F262D94AB1C2F12003914020FA03F36D
:101220000CFA02FC194300FA02FE4FEA1C47B1FB1C
:10123000F7F407FB14111FFA8CF64FEA1E4343EA3A
:10124000014304FB06F199420AD91CEB030304F1A4
:10125000FF3080F01081994240F20D81023C6344DE
:10126000591AB1FBF7F007FB101100FB06F61FFA45
:101270008EF343EA01439E420AD91CEB030300F1BB
:10128000FF3180F0FA809E4240F2F78063440238DA
:1012900000219B1B40EA04401DB1D3400022C5E958
:1012A0000032BDE8F0878B4205D90DB1C5E90001D8
:1012B00000210846F5E7B3FA83F1002946D1A3429D
:1012C00002D39042C0F0EE80861A64EB0303012043
:1012D000002DE6D0C5E90063E3E7002A40F08F80E7
:1012E000A1EB0C0401214FEA1C481FFA8CF7B4FB58
:1012F000F8F608FB164407FB06F04FEA1E4343EAE4
:101300000443984208D91CEB030306F1FF3402D2D0
:10131000984200F2CB8026461C1AB4FBF8F008FB7A
:10132000104400FB07F71FFA8EF343EA04439F4281
:1013300008D91CEB030300F1FF3402D29F4200F2F4
:10134000AE802046DB1B40EA0640A5E7C1F120073E
:101350008B4022FA07FC4CEA030C24FA07F64FEA0A
:101360001C49B6FBF9F81FFA8CFE09FB186620FA37
:1013700007F38C4000FA01FA08FB0EF01C43230C23
:1013800043EA0643984202FA01F20AD91CEB03032E
:1013900008F1FF3680F0818098427ED9A8F10208DA
:1013A00063441E1AB6FBF9F309FB136603FB0EFE3A
:1013B000A4B244EA0644A64508D91CEB040403F190
:1013C000FF3066D2A64564D9023B644443EA084034
:1013D000A0FB0283A4EB0E049C42C6461E4650D3DB
:1013E0004DD055B1BAEB0E0364EB060404FA07F7CF
:1013F000CB401F43CC40C5E90074002151E70CFAF3
:1014000002FCC2F12003D9404FEA1C4820FA03F342
:1014100000FA02FEB1FBF8F008FB101194401C43E7
:101420001FFA8CF7230C43EA014300FB07F19942B2
:1014300008D91CEB030300F1FF362CD299422AD9BC
:10144000023863445B1AB3FBF8F108FB1133A4B212
:1014500044EA034401FB07F3A34208D91CEB04044C
:1014600001F1FF3613D2A34211D902396444E41AC0
:1014700041EA00413BE70446F2E6084608E7C24578
:10148000AFD2B8EB020E63EB0C060138A9E7314688
:10149000EDE703469AE73046D4E7B04681E7634478
:1014A00002384FE706462346084611E7023E6344EA
:1014B00032E700BF704700BF12281FB528BF0020C9
:1014C0000123019003910E4801A9029304F042F90F
:1014D00008B103F05FFD0A4804F0F8F9C821084894
:1014E00004F090F8064804F0B3F910F4007003D04B
:1014F000034804F02BF980B205B05DF804FB00BF8F
:10150000780700200000000008B507210820FFF739
:10151000D3FFFEF777FF0CA3D3E90023FEF7DCFF30
:1015200000220B4BFEF7D8FF00220A4BFEF7D4FF38
:101530000022094BFEF7D0FFFFF77EFA40F2EC43A2
:101540009842A8BF184608BD6666666666660A4089
:1015500000002640000059400000303F4FF0E022DC
:1015600010B50024D2F8FC3D43F08073C2F8FC3D76
:10157000074B1A685C6042F001021A6004F076FEC4
:10158000044BB0FBF3F0044B1860204610BD00BFC5
:10159000001000E040420F0080020020054B10B513
:1015A0005C6804F063FE4FF47A73B0FBF3F0B4FBB5
:1015B000F0F010BD001000E070B50446FFF7EEFF3C
:1015C0000026054604F052FE4FF47A723346B0FB13
:1015D000F2F200214FF0FF30FFF7C0FD84428E4150
:1015E000B8BF184B4FF47A76BCBF1B78E41804F0F0
:1015F0003DFE0023B0FBF6F200214FF0FF30FFF775
:10160000ADFD2C44A04271F100010ADA04F02EFE77
:101610000023B0FBF6F24FF0FF310120FFF79EFDF3
:101620000444AC4204D9FFF7B9FFA042FBD370BD1C
:10163000FFF7B4FFA042FBD8FFF7B0FFA042FBD3F7
:10164000F5E700BF7C0000200C4B0D495A68096883
:1016500001FB0020904208D85A68904209D3074AFB
:101660005368834207D3704700BF5A689042FBD843
:10167000704700BFF0E700BFF2E700BF001000E0D6
:101680008002002008B54FF0E0231A6922F004021E
:101690001A611A6922F002021A6104F0E7FD074B91
:1016A000B0FBF3F0064B80B21880C0EB401300EBA8
:1016B0008300044BC000188008BD00BF00127A00F0
:1016C0007E0200207C0200200B4B00221B88584326
:1016D0004FF0E02358619A611A6942F001021A61E1
:1016E0001A6902F00112012AFAD01A6922F00102E5
:1016F0001A6100229A6170477C02002003280BD0F7
:1017000004284FF000030DD002280DD14FF0804285
:10171000506A536200B270470022044B586A5A6202
:1017200000B27047024AF3E71846704700040040D1
:10173000000800407FB54FF4004503230124002634
:1017400069461A480393CDE90054029604F0FAFA68
:1017500029461648224604F0D3FB2946134804F0D4
:10176000C9FB10B9002004B070BD22464FF480714F
:101770000F4804F0C5FB2046FFF766FF29463246B6
:101780000A4804F0BDFB2946084804F0B3FB0546AF
:101790000028E7D12046FFF757FF05482A464FF4B7
:1017A000807104F0ADFB2046DDE700BF000C014076
:1017B000000801402DE9FF410323012400274FF4D5
:1017C0000046154DDFF85480694628460393CDE95D
:1017D0000064029704F0B6FA3A4640464FF480712E
:1017E00004F08EFB3A463146284604F089FB204639
:1017F000FFF72AFF224640464FF4807104F080FB39
:1018000028462246314604F07BFB204604B0BDE862
:10181000F041FFF719BF00BF000C01400008014074
:1018200030B500234FF4004485B069461A48CDE92D
:1018300001330393009404F085FA214601221648EF
:1018400004F05EFB0120FFF7FFFE01224FF48071E0
:10185000124804F055FB0120FFF7F6FE33240E4D2D
:101860004FF40041284604F045FB024630B90B48CE
:101870004FF4807104F044FB012006E0013C14F0B9
:10188000FF0404D1FFF796FF204605B030BD0120CC
:10189000FFF7DAFEE4E700BF000C0140000801405A
:1018A0002DE9FF41174D002228464FF4807104F0C6
:1018B00027FB0124032300264FF40048124F6946FA
:1018C00038460393CDE90084029604F03BFA324691
:1018D0004146384604F014FB2046FFF7B5FE224689
:1018E0004FF48071284604F00BFB2046FFF7ACFE56
:1018F00032464FF48071284604B0BDE8F04104F050
:10190000FFBA00BF00080140000C01402DE9FF4173
:10191000174D002228464FF4807104F0F1FA01249B
:10192000032300264FF40048124F694638460393BC
:10193000CDE90084029604F005FA22464146384675
:1019400004F0DEFA2046FFF77FFE22464FF4807156
:10195000284604F0D5FA2046FFF776FE32464FF4CB
:101960008071284604B0BDE8F04104F0C9BA00BF58
:1019700000080140000C01407FB54FF400420123F4
:101980000025CDE900230323694604461948029542
:10199000039304F0D7F92A464FF48071164804F0F7
:1019A000AFFA0825144E23064CBF012200224FF443
:1019B0000041104804F0A4FA0120FFF745FE01227F
:1019C0004FF48071304604F09BFA0120FFF73CFE93
:1019D00000224FF48071304604F092FA013D01205C
:1019E000FFF732FE640015F0FF05E4B2DBD104B06E
:1019F00070BD00BF000C014000080140F8B504466E
:101A00000F4615461E46FFF795FE48B1600000F0F0
:101A1000FE00FFF7B1FFFFF703FF18B9FFF7CAFE9B
:101A2000012010E03846FFF7A7FF0024FFF7F8FE7B
:101A3000A54205DD305DFFF79FFFFFF7F1FE18B906
:101A4000FFF7B8FE0020F8BD0134F1E7F0B54FF420
:101A50000043002485B0064669461948CDE9014493
:101A600003940093082504F06DF9164F00224FF4FB
:101A70008071384604F044FA0220FFF7E5FD4FF488
:101A800080713846012204F03BFA64004FF40041B3
:101A90000B48E4B204F02EFA08B10134E4B202209B
:101AA000013DFFF7D1FD15F0FF05DFD126B1FFF7AE
:101AB000F7FE204605B0F0BDFFF728FFF9E700BFAD
:101AC000000C014000080140F8B505460F461446D9
:101AD0001E46FFF72FFE48B16D00EDB22846FFF716
:101AE0004BFFFFF79DFE18B9FFF764FE0120F8BD1C
:101AF0003846FFF741FFFFF793FEFFF71BFE681C18
:101B0000C0B2FFF739FFFFF78BFE1CB9FFF752FE9B
:101B10002046ECE7012C0CBF00200120FFF796FFC8
:101B2000013C06F8010BE4B2EFE738B504460D4678
:101B3000FFF700FE2046FFF71FFFFFF771FE284664
:101B4000FFF71AFFFFF76CFEFFF7F4FD601CC0B251
:101B5000FFF712FFFFF764FE0020FFF777FF044650
:101B6000FFF728FE204638BDF8B507460E46154655
:101B70001C46FFF7DFFD3846FFF7FEFEFFF750FE7D
:101B80003046FFF7F9FEFFF74BFE2544AC4203D188
:101B9000FFF710FE0120F8BD14F8010BFFF7ECFE73
:101BA000FFF73EFEF2E710B51446FFF7BEFF2070C8
:101BB000012010BD07B58DF807200DF107030122A4
:101BC000FFF7D2FF03B05DF804FB2DE9F0411C469E
:101BD00090469DF8185006460F46FFF7A6FFC4F141
:101BE00008039D40EDB2C8F107031D41FF23A4EB9C
:101BF0000804073408F1010843FA04F403FA08F36F
:101C00001C4300EA04022A4339463046BDE8F0414D
:101C1000D2B2FFF7CFBF2DE9F34190461F46012412
:101C20000DF1070205460E4604FA08F4FFF7BBFF64
:101C30009DF8072047B12243D2B23146284602B070
:101C4000BDE8F041FFF7B6BF22EA0402F5E7000065
:101C50002DE9F04120210546274804F04BF9274E95
:101C600020BB338801339BB220212348338004F00A
:101C700041F9234F3B781843C0B208B901233B70A8
:101C8000DFF88080204C98F800308BB93A78012A30
:101C900001BF237888F800200133237020780228C0
:101CA00006D10023194A2370138010E00023DBE7DC
:101CB0002021114804F01EF9012808BF00232078D4
:101CC00004BF3B7088F80030012802D00020BDE836
:101CD000F0810E4A3188138801339BB2AB421380E6
:101CE00004D98D4202D900232370DDE78D42EDD265
:101CF000002323701380E9E7000801408A020020D6
:101D00008802002087020020860200208402002032
:101D1000024610B528B9BDE810401021074804F06C
:101D2000EFB8074C236801338342236005D11021AB
:101D3000024804F0EAF80023236010BD00080140C7
:101D40008C02002070B50A46044601B101224FF40E
:101D50000041124804F0D4F80825114E0022202139
:101D60000F4804F0CDF823064CBF012200221021B9
:101D7000304604F0C5F8013D01222021304604F030
:101D8000BFF8640015F0FF05E4B2E7D1BDE870408C
:101D900001224FF40041014804F0B2B800080140AC
:101DA000000C014070B5B0240E4E00212046FFF714
:101DB000C9FF00210846FFF7C5FF00211020FFF7EB
:101DC000C1FF002516F8350001210135FFF7BAFFE4
:101DD000802DF7D10134E4B2B82C06F10106E4D12C
:101DE00070BD00BF90020020002310B41C460748BD
:101DF0000022191801F832400132802AFAD1013349
:101E0000082BF5D110BCFFF7CDBF00BF900200201A
:101E1000030610B512D43F2910D8012401F007039E
:101E2000C3F107039C40C908064BC1F10701C9B2C1
:101E300003EBC000435C12B12343435410BD23EABB
:101E40000403FAE7900200202DE9F74F88460C21A1
:101E50008146444600261F46203A1C4BD2B203EB73
:101E6000021300931A4B9DF830B001FB023301932B
:101E7000B74202D103B0BDE8F08F0C2F21D1019BF6
:101E80009D5D04F108035FFA83FA2B0658BFBBFA85
:101E90008BF2214604F101044CBF5A4652094846D0
:101EA000E4B2FFF7B5FFA4EB08026D00BA42EDB251
:101EB00009D1C24609F101005FFA80F954460136A2
:101EC000D6E7009BDCE7A245DFD1F7E7B8B400080E
:101ED000A8BA00082DE9F04F00258046AA464FF029
:101EE0000A094FF0010B87B09DF8406005925F1E14
:101EF000720803910492FCB2FF2C27D107B0BDE811
:101F0000F08F09FB03F3013AD2B2FF2AF9D1059A07
:101F1000B2FBF3F3B3FBF9F209FB1233DAB2BAF115
:101F2000000F18D1AF4216DD9BB933462022CDF801
:101F300000B040460399FFF787FF049B013C03EB89
:101F4000080001355FFA80F8E4B2D5E722460123A4
:101F5000D9E74FF0010A30323346CDF800B0D2B2A3
:101F6000E7E7F7B504460D460127561E16F8013F70
:101F70000BB903B0F0BD7A2C82BF1035EDB200244E
:101F80003A2D03D90025FFF72FFF2C460097204656
:101F90000C23294632780834FFF756FFE4B2E5E710
:101FA00010B53B4C00220821204603F0A9FF642015
:101FB000FFF702FB01222046082103F0A1FF0021C8
:101FC000AE20FFF7BFFE0021D520FFF7BBFE0021AA
:101FD0005020FFF7B7FE0021A820FFF7B3FE002135
:101FE0003F20FFF7AFFE0021D320FFF7ABFE00211B
:101FF0000846FFF7A7FE00214020FFF7A3FE0021BF
:102000008D20FFF79FFE00211420FFF79BFE00218B
:102010002020FFF797FE00210220FFF793FE00210A
:10202000A120FFF78FFE0021C020FFF78BFE0021CB
:10203000DA20FFF787FE00211220FFF783FE002140
:102040008120FFF77FFE0021EF20FFF77BFE0021BC
:10205000D920FFF777FE0021F120FFF773FE002162
:10206000DB20FFF76FFE00213020FFF76BFE002121
:10207000A420FFF767FE0021A620FFF763FE0021E2
:10208000AF20FFF75FFEBDE81040FFF7ADBE00BF19
:10209000000C01402DE9F04F7A4B87B0834240F0AD
:1020A000ED80794B794A1B78794F0A2B137025DD27
:1020B0005A2B784E784D794C794800F0D280412BDC
:1020C00000F0D780452B00F0D680A3F14202022A0F
:1020D0004ED9A3F14602022A8CBF00220122002120
:1020E0004FF0000C7B2B86F800C085F800C02270F2
:1020F000017040F0B18001223A7022E021D0012627
:10210000684A644D644C6548654916702BB90022D5
:102110002A70227002700A7013E0012B4FF0000247
:1021200001D12B70F5E7052B02D12A702670F1E75B
:10213000A3F1020CBCF1020F14D82A7022700270B5
:102140000E703A78012A16D1574958480A788354B4
:1021500001320A7001224C494A4807B0BDE8F04FED
:1021600004F0EFBF092BD2D02A7022700670D2E79C
:1021700000220121B4E7022AECD1DFF83081DFF838
:10218000289198F803304A4C502B0FD10122494B2B
:102190001A700021484B32221970002343483970CD
:1021A00089F80010236005F00BFFD3E798F8016071
:1021B000232EEED099F800A0DFF8FCB05546032D91
:1021C0008BF8005007D8303E052EE2D8DFE806F045
:1021D0003135383B3E4108EB050313F8010C30382C
:1021E000FEF710F9CDE90001AAEB0500FEF70AF9A8
:1021F00002460B460020314907F0A4FD02460B467B
:102200002068CDE90423FEF70FF9DDE90423CDE9C9
:102210000201DDE90001FEF75FF902460B46DDE948
:102220000201FDF7A3FFFEF72FFC013D2060EDB298
:10223000C5E72268224B1A60ABE72268214BFAE718
:102240002268214BF7E72268204BF4E72268204BF5
:10225000F1E722681F4BEEE77D2B7FF472AF02227D
:102260004AE7002200213270002229702270027099
:1022700067E70122F6E700220121F4E707B0BDE895
:10228000F08F00BF04090020CA060020C906002004
:10229000C8060020D9070020D8070020D707002053
:1022A000D6070020D5070020C7060020950600208D
:1022B00090060020BA070020940600200000244069
:1022C0006C000020680000206400002060000020F6
:1022D0005C000020A807002003788B544378114449
:1022E0004B7083788B70C378CB70704707B54B1EEB
:1022F000092B01900ED80239082906D8DFE801F031
:102300000D0F11131517191B1D0001220C4901A8EF
:10231000FFF7E2FF03B05DF804FB0522F6E70922B0
:10232000F4E70D22F2E71122F0E71522EEE7192279
:10233000ECE71D22EAE72122E8E72522E6E700BFD5
:10234000CB060020431E092B37D824221C4B023811
:102350001A70082806D8DFE800F0090D1115191DBC
:1023600021262B00052206205A71704709220A20D7
:102370005A7270470D220E205A7370471122122094
:102380005A747047152216205A75704719221A2060
:102390005A7670471D221E205A777047212222202C
:1023A00083F8212070472522262083F825207047B6
:1023B00029222A2083F8292070470020704700BF77
:1023C000CB06002070B5284C284A237813B1284B3F
:1023D0001B782BB9274B1978274B1B7839B13BB1A8
:1023E00013780133DBB2312B137028D870BD0B4644
:1023F00013701F4B1D78204B1E7855EA06031F4BA8
:1024000027D01A782AB91E4A11681E4A1160012283
:102410001A70B6B11C4B19681A4B1868FEF78AFB84
:10242000174B1860194A13780133DBB2322B137043
:10243000DCD9104B26701D7000231370D6E73C23A7
:10244000D6E735B1124B19680E4B1868FEF770FBD2
:10245000E6E71A78012AE5D10A4A1168084A1160AC
:1024600000221A70DEE700BF0F0700200D070020D2
:10247000D60700200E070020D70700200C070020F9
:10248000B4070020080700201C00002004070020DB
:10249000180000204FF0320CF0B5104C104D23689E
:1024A000411A2868A1EB4302CF1A024401EB8100D4
:1024B0000CFB07003C270B4E07FB020032682B6029
:1024C0001044094A21609042B8BF1046B0F5E15F60
:1024D000A8BF4FF4E1503060F0BD00BF00070020FE
:1024E000FC060020F8060020E0E3FFFF4FF4E15275
:1024F0000028094BCBBF101A00F5E1509A635A63CC
:10250000CCBF58639863054A054B12681B68134497
:10251000044A1364704700BF00080040AC07002065
:1025200070000020002C0140054B064A19689142BA
:1025300001DA1A6003E041F6F4229142F9DC7047B7
:10254000CC0700200CE5FFFF3220F8B5FFF780FB39
:10255000012819D1114C124D26788EB92B78012BF8
:102560000CD1104B10491F683846FEF79DFD40B155
:1025700038460E49FEF78EFD18B12E70012301E09A
:1025800028700023237007E0022805D1084A137839
:10259000B3FA83F35B091370F8BD00BFF7060020A0
:1025A00074000020C4070020000020C1000020416A
:1025B000D407002070B50C4610490546FEF760FDB3
:1025C0000F4E88B928460F49FEF778FD60B9337879
:1025D000012B09D040F2C5239C4205DD0A4B0B4973
:1025E0001868FEF74DFD38B10120094B094A1B68F8
:1025F00003F2EE231364307070BD00BF000020C2F0
:102600007400002000002042580700200000A0C1F4
:10261000AC070020002C0140012808B50CD102F0C5
:102620003FF8064B1A68064B1A60064BB3F90200D6
:10263000FEF734FB044B186008BD00BF5C070020A8
:10264000C407002068070020BC070020F8B51B4C19
:10265000064623780D46002B2CD1194B19491F68CB
:102660003846FEF765FA3146FEF70AFD08B9002044
:10267000F8BD14493846FEF75DFA3146FEF71EFDF7
:102680000028F4D06B1C022BF1D80F4B1B78012BC8
:10269000EDD123700D4A13780133DBB2322B89BFA1
:1026A00000231370137023700835E0DA0023012033
:1026B0002370DDE7012BEDD0D9E700BFF60600203F
:1026C000B40700200000204174000020F50600201F
:1026D000B0F5805F2DE9F84F5AD196490B78012B60
:1026E00009D1954A13780133DBB20A2B09BF0023C5
:1026F000137013700B70914A914C1378914D022B0B
:1027000048D8013320781370FFF786FFFEF7FCFEF0
:102710008D4B8E4A8E49186013680C680133204433
:10272000642B1360086006D190FBF3F0894B1860AE
:1027300000230B6013606420FFF7EAFA00210920F0
:10274000FEF7BAFE0C23A0F5806090FBF3F0824BFD
:1027500018602B78012B1BD100210320FEF7ACFE63
:10276000A0F58060FEF79AFA7C49FEF7EBFA7C4907
:10277000FEF7E8FA07F05EFB7949FEF797FB794B25
:1027800001461860784B1868FEF7D4F9774B18604B
:10279000BDE8F88F4FF0000A022082F800A0FEF793
:1027A000ADFF4042FEF77AFA7149FEF77FFBFEF774
:1027B0008FFC704EDFF8C09130602078FFF72CFF5F
:1027C0006E4B6F491868FEF771FB6E4FC9F8000039
:1027D00038686D4CA0F2EE20FEF760FA6B49FEF708
:1027E00065FBDFF8AC81C8F80000FFF7ADFE31688B
:1027F0002068FFF72BFF574B01281968206808BF96
:1028000085F800A0FFF7D6FE2B781843C0B2002849
:1028100040F08E80FFF7D6FD544B20681968FEF714
:1028200087F95C4B1968FEF78DFA5B4BD9F80010FD
:1028300004461868FEF786FA01462046FEF77AF944
:10284000564BD8F8001004461868FEF77BFA01468C
:102850002046FEF76FF9524900F10040FEF772FA88
:10286000FEF736FCFEF71AFA4E4B044618604E4B44
:10287000DFF838811868FEF711FAD8F80050814661
:1028800029462046FEF754F901464846FEF75AFA13
:10289000474B81461868FEF701FA2146FEF752FAC7
:1028A00001464846FEF746F9294682462846FEF785
:1028B00041F9DFF8009101462046FEF739F9D9F8D1
:1028C0000010FEF737F93C4B83461868FEF7E6F92F
:1028D00001465846FEF736FA01465046FEF72AF9F9
:1028E000FEF7F6FB354B3A68186042F2107390FB26
:1028F000F3F31344B3F55C7FA8BF4FF45C73B3F5F7
:102900001B7FB8BF4FF41B736FF03B0130683B6017
:10291000C8F80040C9F80050FFF7BCFD284C206003
:10292000FFF702FE20684042BDE8F84FFFF7DEBD2A
:102930000020F9E7B8070020B9070020340700207D
:102940007500002074000020300700202C070020B4
:1029500028070020C8070020AC07002085EBA13B1A
:102960000000204124070020B0070020B407002009
:1029700093D81942D0070020C0070020BC070020D0
:102980003333834170000020C40700209A996940C6
:102990002007002014000020100000200C00002060
:1029A0000000C8421C070020040000201807002077
:1029B000080000201407002000000020100700205D
:1029C000CC0700202DE9F043012785B0B44CADF8C9
:1029D000047006460D46D4E900109046897C022218
:1029E000007801ABFFF70AF8814628B14FF0FF38B5
:1029F000404605B0BDE8F083C820FEF765FED4E987
:102A000000108DF804903A46C97B007801ABFEF7C0
:102A1000F5FF0028EAD1D4E900103A464979007858
:102A200001ABFEF7EBFF0028E0D1D4E900103A46F5
:102A3000897C007801ABFEF7E1FF0028D6D1D4E90C
:102A400000103A46C97D007801ABFEF7D7FF002899
:102A5000CCD1D4E900103A460979007801ABFEF7F1
:102A6000CDFF0028C2D1D4E900100C238DF804302A
:102A70003A460979007801ABFEF7C0FF0028B5D1CE
:102A80000F20FEF721FED4E90010A36A3A465B7AD4
:102A900089788DF80430007801ABFEF7AFFF00288D
:102AA000A4D1D4E90010A36A3A461B7A49788DF87C
:102AB0000430007801ABFEF7A1FF002896D1A36A8D
:102AC0009B7AB8F1000F01D043F0E0038DF8043099
:102AD000D4E9001001228979007801ABFEF78EFF5E
:102AE000002883D1B8F1000F00F0D780A36ADB7A09
:102AF00043F0E0038DF80430D4E900100122C979D5
:102B0000007801ABFEF77AFF00287FF46FAFB8F1D1
:102B1000000F02D0C820FEF7D7FDD4E900104023F3
:102B20008DF8043001220979007801ABFEF766FFC9
:102B300000287FF45BAFD4E9001078238DF80430CF
:102B400001224979007801ABFEF758FF07460028BB
:102B50007FF44CAF3220FEF7B7FDD4E900108DF8BA
:102B6000047001224979007801ABFEF747FF002885
:102B70007FF43CAFD4E900100222897A007801ABDF
:102B8000FEF7A2FF804600287FF430AF0C23BDF88B
:102B9000047081467FBABFB2B7FBF3F7C6E9010004
:102BA0003060C5E90100FFB228605FFA89F3BB42DB
:102BB00078D334688322E11709040023200441EA12
:102BC0001441FEF7CBFA3A460023FEF7C7FA7468C1
:102BD0008322E11709040023306041EA14412004F4
:102BE000FEF7BCFA3A460023FEF7B8FAB46883222F
:102BF000E11709040023706041EA14412004FEF744
:102C0000ADFA00233A46FEF7A9FAB0602B68D9174F
:102C1000090451EA13414FEA034004D540F2FF731F
:102C2000C01841F10001C00A002340EA41503A4671
:102C3000C912FEF793FA6B682860D917090451EAA4
:102C400013414FEA034004D540F2FF73C01841F12D
:102C50000001C00A002340EA41503A46C912FEF77B
:102C60007DFAAB686860D917090451EA13414FEA4D
:102C7000034004D540F2FF73C01841F10001C00ABF
:102C800040EA41503A460023C912FEF767FA00288D
:102C90003ADDA0F58030A860AAE618232AE700BF35
:102CA00020000020D4E900100C22C97A007801AB82
:102CB000FEF70AFF09F1010900287FF497AEBDF87D
:102CC00004002B68C0BA0344BDF806102B606B6883
:102CD000C9BA0B44BDF808206B60AB68D2BA134484
:102CE000AB60BDF80A003368C0BA0344BDF80C10ED
:102CF00033607368C9BA0B44BDF80E207360B368C3
:102D0000D2BA1344B36050E700F58030C3E700BF88
:102D100013B50F4C94F8243083B140008DF80700B0
:102D20000122D4E900100DF10703C97B0078FEF7FA
:102D300065FE50B99DF80730637406E0A37A23B1AD
:102D40000028EBD0637C002BE8D002B010BD00BFA0
:102D50002000002013B5564CA37A1BB94FF0FF306A
:102D600002B010BD0023D4E900108DF80730012215
:102D7000C97B00780DF10703FEF740FE0028EDD176
:102D8000D4E900100122497900780DF10703FEF71C
:102D900035FE0028E2D1D4E900100122097900783B
:102DA0000DF10703FEF72AFE0028D7D1D4E9003041
:102DB000197994F82430002B40D00C238DF807307B
:102DC000012200780DF10703FEF718FE0028C5D197
:102DD000D4E90010C0238DF80730A37A0122DB0765
:102DE00044BFE0238DF80730097900780DF107031F
:102DF000FEF704FE0028B1D1D4E90010637C012263
:102E0000003B18BF01235B008DF80730C97B0078B9
:102E10000DF10703FEF7F2FD00289FD10DF1070326
:102E20008DF80700D4E90010012249790078FEF7F7
:102E3000E5FD003818BF0120404291E704238DF8DA
:102E40000730012200780DF10703FEF7D7FD0028B7
:102E500084D1A37C4BBBA37A13F0010F14BF602372
:102E60004023D4E900108DF8073001220979007859
:102E70000DF10703FEF7C2FD00287FF46FAFD4E920
:102E80000010637C0122003B18BF01238DF807303E
:102E9000C97B00780DF10703FEF7B0FD00287FF431
:102EA0005DAFD4E90010034BBEE74023D9E700BF74
:102EB00020000020300000200B4B1B7A032B0ED883
:102EC000DFE803F00F02070A4FF4FA7303800020D3
:102ED00070474FF47A73F9E74FF4FA63F6E700238B
:102EE000F4E7FA23F2E700BF2000002013B5184CE6
:102EF000A37A43B1B0F57A7F0ED008D8FA2823D050
:102F0000B0F5FA7F22D04FF0FF3002B010BDB0F51F
:102F1000FA6FF8D1182300E01023227A8DF80730D9
:102F2000B2EBD30F0ED0D4E90010012289790078DA
:102F30000DF10703FEF762FD0028E4D19DF807308C
:102F4000DB0823720020E0E70023E6E70823E4E73C
:102F5000200000200C4A537A032B12D8DFE803F03C
:102F60000C02080A04230370D27C3AB9002070478F
:102F70000823F8E71023F6E70223F4E75B00037069
:102F8000F4E74FF0FF3070472000002013B5174CD6
:102F9000A37A33B108280CD007D8022821D00428FE
:102FA00021D04FF0FF3002B010BD1028F9D1182306
:102FB00000E01023627A8DF80730B2EBD30F0ED009
:102FC000D4E900100122C97900780DF10703FEF75A
:102FD00015FD0028E5D19DF80730DB08637200205D
:102FE000E1E70023E6E70823E4E700BF2000002034
:102FF0000C4BDB7A013B052B10D8DFE803F0110303
:1030000007090B0D62230380002070472A23FAE78B
:103010001423F8E70A23F6E70523F4E70023F2E791
:10302000BC23F0E72000002013B5184CA37A1BB98D
:103030004FF0FF3002B010BDBB2810D8612810D867
:10304000292810D8132810D809288CBF0523062357
:10305000E27A8DF807309A4209D10020EAE701238D
:10306000F6E70223F4E70323F2E70423F0E7D4E9C9
:1030700000100122897800780DF10703FEF7BEFCED
:103080000028D5D19DF80730E372E6E72000002044
:10309000054A034692F8240010B9D2891A80704775
:1030A0004FF0FF30704700BF200000200A4B1B7A12
:1030B000032B0DD8DFE803F00206080A074B036074
:1030C00000207047064BFAE7064BF8E7064BF6E799
:1030D0004FF0FF30704700BF200000200000034386
:1030E0000000834233330342333383410E4A537A21
:1030F000032B16D8DFE803F00F02090C41F69C738E
:103100000380D27C52B9002070474FF48053F7E718
:103110004FF40063F4E74FF48043F1E75B0803806A
:10312000F1E74FF0FF30704720000020F8B5124E55
:1031300096F82430EBB9B47AC4B100F0FE05307DC6
:103140002C402843377C347408D00120FFF7E0FD81
:103150003DB9601B18BF4FF0FF30F8BDFFF7D8FD39
:10316000F7E7FFF7F7FD0028F3D037744FF0FF3093
:10317000F3E70020F1E700BF200000202DE9F34134
:10318000214F064697F82430884615468BB1BB7A06
:103190007BB1D7E900100222897A007801ABFEF7F3
:1031A00093FC30B9BDF8044064BAA4B2A64205D974
:1031B00028704FF0FF3002B0BDE8F0817B683968BD
:1031C00018785B88B4EB530F0FD90122497C01AB0F
:1031D000FEF77AFC0028ECD19DF80430DB0604D51C
:1031E000FFF7B8FD6FF00100E5E7D7E900104346AF
:1031F000C97A0078F2B2FEF767FC0028D9D1B4FB97
:10320000F6F4013C2C70D6E72000002037B5394C8D
:103210000546A37C83426AD063680122187823683C
:1032200019790DF107036DB3FEF74EFC18B14FF09D
:10323000FF3003B030BD9DF80730D4E9001023F013
:1032400020038DF807300122097900780DF107037A
:10325000FEF7D4FB0028EAD10320FEF735FA02235B
:103260008DF8073094F8223013B182238DF807309F
:1032700094F823307BB39DF8073043F030038DF88A
:10328000073028E0FEF720FC0028D0D1D4E9001058
:10329000A27A9DF80730D2074CBF43F0200303F019
:1032A000DF038DF807300122097900780DF107035B
:1032B000FEF7A4FB0028BAD10320FEF705FA94F824
:1032C000223094F82320003B18BF0123DB018DF846
:1032D0000730002AD1D1D4E900100122097D0078FD
:1032E0000DF10703FEF78AFB0028A0D1A57400208A
:1032F0009FE700BF2000002037B5164C054694F824
:103300002330834220D000280CBF00233023A27C2E
:103310008DF807301AB143F002038DF8073094F8A6
:1033200022302BB19DF8073063F07F038DF8073012
:10333000D4E900100122097D00780DF10703FEF7A2
:103340005DFB20B984F82350002003B030BD4FF05E
:10335000FF30FAE720000020282837B5054603D9BA
:103360004FF0FF3003B030BD254C90B9FFF7C4FFDC
:10337000D4E900104FF4E063ADF804300222897CF8
:10338000007801ABFEF73AFB0028E9D12075002058
:10339000E8E70120FFF7B0FF2023012D8DF804306E
:1033A0001ED1002305208DF80530FFF73DFED4E93E
:1033B00000109DF8053002229B0143F007038DF8B1
:1033C0000530897C007801ABFEF718FB0028C7D1D7
:1033D00008220123A27220732375FFF7A7FED6E708
:1033E000052D01D80123DDE7142D95BF022303230A
:1033F0000A20142094BF8DF805308DF80530D4E7ED
:103400002000002073B51E4D0446AB7A1BB94FF067
:10341000FF3002B070BD95F824000028F7D12B7D55
:103420004BB1631E272B04D8E0B2FFF795FF0020B5
:10343000EFE7FFF791FFD5E90010B4F57A7F28BFD9
:103440004FF47A74042C38BF04244FF47A76B6FB18
:10345000F4F4013C8DF807400122497800780DF121
:103460000703FEF7CBFA0028D1D19DF807300133CE
:10347000B6FBF3F0E8814008FFF7D6FDD7E700BFC1
:103480002000002010F0700F0CBFB0FA80F3012371
:1034900073B504BF5B099B01294D8DF807300446C5
:1034A000D5E900100122897C00780DF10703FEF7B1
:1034B000A5FA30B100234FF0FF36AB72304602B0B0
:1034C00070BD9DF80730A10623F040032B7384F0F4
:1034D0004003C3F380134FEA83038DF807305EBFC8
:1034E000DBB243F002038DF80730E20658BF9DF8C7
:1034F0000730D5E900105CBF43F001038DF80730B9
:10350000230758BF9DF807304FF001025CBF43F01E
:1035100038038DF80730C97C00780DF10703FEF7FA
:103520006DFA06460028C5D114F0F70F01D0FFF759
:10353000E3FE00233220AC722B75FEF7C5F8BDE721
:1035400020000020802337B5474C8DF80030D4E9A7
:1035500000106B460122897C0078FEF74FFA054681
:10356000002861D16420FEF7AFF8D4E900108DF88F
:1035700000506B460122897C0078FEF73FFA002854
:1035800052D1D4E900106B460622897D0078FEF7FF
:103590009BFA002848D19DF805109DF8033089005A
:1035A0005B0003F0020301F0040119439DF80130B0
:1035B00003F0010319433CD0012952D0022930D134
:1035C0000023E3744FF6FF73E3812374FF23A37496
:1035D0004FF0FF330122A360002324494FF4FA6027
:1035E000C4F8163022734B608B60A38262846362DE
:1035F000FFF77CFCC0B90220FFF7C8FCA0B92A2065
:10360000FFF712FD80B93220FFF7FCFE60B9FFF72B
:103610008DFD48B9FFF7FAFD044628B9FFF732FFE0
:1036200004E0134804F0C0FA4FF0FF34204603B022
:1036300030BDD4E900106B460122C9780078FEF74E
:1036400043FA0028F0D19DF8003013F00F0303D1A6
:10365000084804F011FBE7E7042BB1D1064804F059
:103660000BFB0123ADE700BF200000203600002047
:103670001CBF000842BF00088FBF0008F7B50D4609
:1036800016461AB94FF0FF3003B0F0BD114CA37AC3
:10369000002BF7D0676843BAADF80430C0B27B891D
:1036A00008449842EEDC21680222097E387801AB9A
:1036B000FEF7A4F90028E5D1D4E900103346497D8E
:1036C0000078EAB2FEF79AF9003818BF01204042AC
:1036D000DAE700BF20000020F7B50D4616461AB9FC
:1036E0004FF0FF3003B0F0BD114CA37A002BF7D0A0
:1036F000676843BAADF80430C0B27B890844984289
:10370000EEDC21680222097E387801ABFEF776F9FB
:103710000028E5D1D4E900103346497D0078EAB2AB
:10372000FEF7D2F9003818BF01204042DAE700BFA7
:10373000200000202DE9F04F244D89B095F8254058
:1037400081468A461646019324B14FF0FF3009B0F6
:10375000BDE8F08F0029F8D04C4512D376BAADF809
:103760000C60D5E900100222897E007803ABFEF7D9
:1037700045F90028E9D1012385F82530019BEB8428
:10378000E5E7A9EB0408B8F1100FA8BF4FF0100847
:103790000AEB040B1FFA88F75A4639462046FFF712
:1037A0006DFF0028D1D13946204604AAFFF794FFC7
:1037B0000028CAD13A46584604A904F0F1FB10B9D2
:1037C0002744BCB2C8E76FF00100C0E7200000202A
:1037D00037B51D4C054694F8243083421ED000B303
:1037E00094F825306BB30020FFF792FA0020FFF722
:1037F0000DFDE08CFFF706FE002360688DF80730B2
:103800000122232100780DF10703FEF7F7F80120CC
:1038100084F82400FFF77CFAFFF79CFA002003B03D
:1038200030BDFFF775FA237C60688DF80730012200
:10383000232100780DF10703FEF7E0F884F8245007
:10384000EAE74FF0FF30EAE7200000202DE9F04FD3
:10385000B34D95B095F8243080468946009323B146
:103860000020FFF7B5FF012300930DF11E00FFF7C5
:1038700023FB0DF11D00FFF76DFB0DF12200FFF79B
:10388000B7FB08A8FFF704FCAB7A002201932B7C5E
:10389000494640460393FFF795F800287FD101225F
:1038A0000EA90BA8FFF78EF8002840F0A9806868E1
:1038B00004220D2100780AABFEF706F90446002821
:1038C00000F0A6800024A3460EAE11AF56F8043BCC
:1038D00059F82B00C01A0028B8BF4042FDF7DEF9A6
:1038E0004FF05E51FDF72EFA57F8043B8246002157
:1038F00018460293FDF7BAFB002840F0CB80029BEC
:1039000050461946FDF7D2FA4FF07E51FDF710F9F7
:10391000844920F00040FDF7D1FB18B1012303FAE0
:103920000BF31C430BF1010BBBF1030FCED1686805
:10393000E3B202935A460D21007811ABFEF7C4F8AA
:103940000446002840F0E98006464FF0010BBDF820
:1039500044309DF8462023F4604302F01F0223F018
:10396000E003ADF844308DF846200DF12C0A11AF7C
:103970005AF8043B58F82600C01A0028B8BF404245
:10398000FDF78CF94FF05E51FDF7DCF917F8013BBC
:103990008146002B00F0B480634864498AE000222D
:1039A00049464046FFF70EF800283FF478AF002460
:1039B0004FF6FF730126EB812B744FF0FF33BDF8F8
:1039C0001E00AB602E73FFF791FA9DF81D00FFF704
:1039D000DDFABDF82200FFF727FBBDF82000FFF756
:1039E00011FD0198FFF74EFD0398FFF79FFB009B29
:1039F00013B13046FFF7ECFE204615B0BDE8F08F5E
:103A000001220EA90BA8FEF7DDFF0028CFD14EE75B
:103A10009DF828309DF82B20DB10C2F3011103F034
:103A20001C030B438DF824309DF82930C2F381012B
:103A3000DB1003F01C030B438DF825309DF82A3072
:103A400002F00302DB1003F01C0313438DF8263051
:103A50000023DFF8DCB037490DF1240A11AF1AF862
:103A6000016BAEB93B600134E4B2032C07F10407EB
:103A7000F5D127E704930291FDF764F90299049BBD
:103A8000013E16F0FF063860F4D10AF8016CEAE74F
:103A90005846F5E750462849FDF7F2FA00287FF42A
:103AA0003DAF5046254936E7CDE90413FDF74AF905
:103AB000DDE90413013B13F0FF03F5D1014607F8DC
:103AC000013C4846FDF7F2F94FF07E51FDF730F822
:103AD000144920F00040FDF7F1FA10B10123B34082
:103AE0001C430136032E7FF443AFE4B2B4FA84F4EE
:103AF0006409029B002B7FF45BAF44F0020457E79C
:103B00000F49FDF7BDFA28B948460E49FDF7D6FA28
:103B10000028E6D00BFA06F3E2E70024E9E700BF4D
:103B200020000020295C0F3E0000C84154E3853F7F
:103B30007B14AE3E1D5A843F9A99993E3333733FAE
:103B4000000020410000D242704700001FB5084A23
:103B500001AB10685168127A03C309211A704FF43F
:103B6000976001AAFFF78AFD05B05DF804FB00BF6E
:103B700000C00008C8234FF4806240F6F6300149C7
:103B8000FFF7D8BD31C0000810B54A4B86B01A887F
:103B90009B78ADF808208DF80A30474B00F0030100
:103BA0001A889B78ADF80C208DF80E30434B0446F4
:103BB0001A889B78ADF810208DF81230404B1A8887
:103BC0009B78ADF814208DF8163001F118030DEB39
:103BD000030111F8103CC0F3C1028DF8003002F16E
:103BE00018030DEB030212F8103C11F80C1C8DF8B1
:103BF0000130C0F3811318336B4413F8100C12F822
:103C00000C2C13F80C3C8DF802008DF804108DF884
:103C1000052003216A4640F226408DF80630FFF762
:103C20002DFD18B14FF0FF3006B010BD032140F25A
:103C30002A4001AAFFF722FD0028F3D1049B610767
:103C4000ADF800304FEA13438DF80230059B4FF07A
:103C50000301ADF804304FEA13438DF8063041BF3D
:103C600037238DF8003027238DF80430A20641BF9A
:103C700057238DF8013047238DF80530E30542BF07
:103C800077238DF8023067236A464FF4886048BF77
:103C90008DF80630FFF7F2FC0028C3D1032140F273
:103CA000314001AAFFF7EAFC0028BBD1054B1C817B
:103CB000BAE700BF0AC000080EC0000812C0000822
:103CC00016C0000838070020234B37B51A8902F0C8
:103CD0000303C2F3C10150F82330540750F82150B8
:103CE00048BF5B42910648BF6D42C2F38111D205C5
:103CF0001A4A50F8211085FB025048BF4942AD0FC7
:103D000045EA800581FB021083FB02329B0F8C0F7A
:103D100043EA820344EA80041BBA04214FF474701E
:103D200001AA0193FFF7AAFC18B14FF0FF3003B0CE
:103D300030BD2DBA04214FF4757001AA0195FFF72B
:103D40009DFC0028F1D124BA042101AA4FF4767019
:103D50000194FFF793FCEAE73807002009E3CA0261
:103D60007FB506460DF10200FFF7C0F9214BBDF803
:103D700002401D89E40305F0030356F82310C5F340
:103D8000C1036A0756F8232048BF4942AB0648BF23
:103D90005242C5F38113E8054FEAE175A1FB041017
:103DA00004FB05004FEA917141EA800109BA0191D3
:103DB0004FEAE270A2FB042104FB001156F8233005
:103DC0004FEA927242EA810248BF5B4212BA029203
:103DD000D917A3FB043204FB01229B0F43EA8203A1
:103DE0001BBA0C2101AA4FF425700393FFF746FC80
:103DF00004B070BD3807002010B50446144A86B0E0
:103E00001068516803AB03C39068C82C186003D9CD
:103E10004FF0FF3006B010BD00238DF80430C823EA
:103E2000B3FBF4F30221013B40F2162001AA8DF806
:103E30000530FFF723FC0028EAD10C2140F6C12011
:103E400003AAFFF71BFC0028E2D1024B9C81E1E7AB
:103E50001AC000083807002073B5044608466107F9
:103E600015D0B0F5C86F12D8FCF714FF4349FDF721
:103E70001DF806460DF10300FFF76CF89DF80330BE
:103E8000082B5FD007D8022B11D0042B50D04FF055
:103E9000FF3002B070BD102BF9D14FF08A4130468F
:103EA000FCF750FFFDF73AF9354985B208E04FF0CD
:103EB0008D413046FCF746FFFDF730F9314985B2B8
:103EC0003046FCF73FFFFDF729F980B26DBA40BAE2
:103ED000E207ADF80450ADF806003DD4A30710D5B5
:103EE00002214FF4EC7001AAFFF7C8FB0028CED1E5
:103EF00002214FF494700DF10602FFF7BFFB00287A
:103F0000C5D114F00400C4D002214FF4EE7001AA10
:103F1000FFF7B4FB0028BAD102214FF496700DF1DF
:103F20000602FFF7ABFB003818BF01204042B0E7A4
:103F30004FF08C413046FCF705FFFDF7EFF81249D2
:103F400085B2BDE74FF08B413046FCF7FBFEFDF735
:103F5000E5F80E4985B2B3E702214FF4EA7001AAF1
:103F6000FFF78CFB002892D102214FF492700DF1E3
:103F70000602FFF783FB0028B0D088E70000484323
:103F80000000C044000040460000C045000040451D
:103F900010F0010318BF302307B582078DF80730F2
:103FA00042BFDBB243F00C038DF80730430748BF34
:103FB0009DF807304FF0010148BF43F003030DF1B6
:103FC00007024FF4A47048BF8DF80730FFF756FB87
:103FD00003B05DF804FB042807B528BF04200128BE
:103FE00038BF012001388DF8070001210DF10702CB
:103FF00040F24F10FFF742FB03B05DF804FB0523CE
:1040000007B5B0FBF3F040BAADF80400022101AAF5
:104010004FF4EF70FFF732FB03B05DF804FB0523AC
:1040200007B5B0FBF3F040BAADF80400022101AAD5
:104030004FF4ED70FFF722FB03B05DF804FB4FF483
:104040007A7307B590FBF3F0484300BA019004215E
:1040500001AA4FF4AE70FFF711FB03B05DF804FB4B
:10406000052307B5B0FBF3F040BAADF80400022118
:1040700001AA4FF4AD70FFF701FB03B05DF804FB3C
:10408000052307B5B0FBF3F040BAADF804000221F8
:1040900001AA4FF4AC70FFF7F1FA03B05DF804FB2E
:1040A0001FB520B105B05DF804EBFFF74FBD084A1E
:1040B00001AB10685168127A03C309211A704FF4DA
:1040C000976001AAFFF7DAFA05B05DF804FB00BFBC
:1040D00027C0000807B560B1074B042101AA40F6CC
:1040E00098200193FFF7CAFAFEF734FE03B05DF89B
:1040F00004FB4FF08B33F0E7C0C2C4C607B560B114
:10410000074B042101AA40F69E200193FFF7B6FA5F
:10411000FEF720FE03B05DF804FB4FF0A333F0E799
:10412000202830382DE9FF41684B042101AA0446BC
:1041300068200193FFF7A2FAA32314F0400803BFFD
:1041400019461A461846C8211CBFC222C02014F4C2
:10415000C0768DF804300CBFA323C4238DF806105D
:104160008DF8072004BF19461A468DF808304FF025
:10417000A3031CBFCC21C6228DF80B304AF2A33317
:104180008DF805008DF809108DF80A200A2101AA82
:1041900040F6A720ADF80C30FFF770FA14F00307D3
:1041A0000CBFD8232023012140F6B62001AA8DF8A8
:1041B0000430FFF763FA14F0200077D0FFF7C6FC55
:1041C000D6B104F48073002B15BFB220B0208B2130
:1041D000802115BFB622B4229B2390238DF80400C2
:1041E0008DF805108DF80620042140F6A22001AAC2
:1041F0008DF80730FFF742FAE3075AD5F82301AAF2
:1042000001214FF40B608DF80430FFF737FAFA21E3
:104210000720FFF721FE0720FFF7BAFE0120FFF776
:10422000DAFE6420FFF7EBFE4FF4FA70FFF7F7FEBB
:10423000C8212748FFF703FF2820FFF711FF0A20B6
:10424000FFF71EFF14F0020F0CBFD823D923012162
:1042500001AA40F23D708DF80430FFF70FFA14F018
:10426000040018BF0120FFF735FF14F0100018BF3D
:104270000120184DFFF742FF44F008036B81FEF761
:1042800069FDB8F1000F0CBF00230623DEB9AB7344
:1042900014F0140F1EBFAB7B1033AB7317B1AB7BA5
:1042A0000433AB73002004B0BDE8F081FFF7F8FEE3
:1042B00086E7D823012101AA4FF40B608DF8043062
:1042C000FFF7DCF9BEE70633E1E700BF02CAE30906
:1042D00009E3CA02380700202DE9F04F9946002370
:1042E00089B0129DDFF84CA107468846934669467F
:1042F000139A9AF80E002B80FEF740FF064650BB3B
:10430000BAF80A3013F0140F00F09180019A009867
:1043100014BA4FEA244C0CFB0CFC00BACBF800009A
:10432000001400FB00C00299039A09BACBF80810E8
:10433000091401FB010112BACBF80C20121402FB84
:10434000021202F17142B2F1007FCBF8044008D9A9
:10435000FEF700FD2E804FF0FF36304609B0BDE875
:10436000F08F2A8842F480722A801022580620D5C5
:1043700002F12001694411F8204C11F81F0C06329B
:1043800040EA0420A8F8000011F81E4C11F81D0C9A
:10439000D2B240EA0420A8F8020011F81C0C11F86F
:1043A0001B1C41EA0021A8F80410298841F00801EB
:1043B000298013F4C07F1DD002F12001694411F857
:1043C000204C11F81F0C063240EA0420388011F806
:1043D0001E4C11F81D0CD2B240EA0420788011F86E
:1043E0001C0C11F81B1C41EA0021B980298841F0FE
:1043F00070012980990716D00DEB02046378E578E7
:10440000DA0708D5DAF800302BB105F007010131E1
:10441000C5F3C200984763781B0704D5DAF8043067
:104420000BB1A80998474846FFF78EFB95E702466F
:104430009CE700BF3807002090F90030002B0CDC0F
:104440000DD190F90130002B0BDC0CD190F902302A
:10445000002B0ADC0BD00620704700207047042098
:1044600070470120704705207047022070470720E1
:10447000704707B50323009002226B21D020FDF77F
:10448000A4FB03B05DF804FB07B5022300900422EF
:104490001B21D020FDF799FB03B05DF804FB07B5A5
:1044A0000223009004221C21D020FDF78EFB03B0D4
:1044B0005DF804FB034606226B21D020FDF7ABBB61
:1044C000034605226A21D020FDF7A5BB0346012241
:1044D0003721D020FDF79FBB08B50220FFF7C9FFA9
:1044E0000320FFF7D1FF0020FFF7D9FF0020FFF7DF
:1044F000E1FF0020FFF7E4FFBDE808400020FFF7E0
:10450000E5BF0000002330B589B0012275218DF888
:10451000003068206B46FDF7D7FA0123514C524812
:10452000237003F0A9FB9DF80030682B0CD0BFF37B
:104530004F8F4E494E4BCA6802F4E0621343CB6082
:10454000BFF34F8F00BFFDE7FEF7FCFF002840F0F0
:1045500084807820FEF796FF10B9434803F08CFB67
:104560007820FEF7E3FD10B9424803F085FBC82030
:10457000FEF748FF10B9404803F07EFBFFF7FAFA58
:1045800010B93E4803F078FB3D48FFF755FF02465F
:104590003C48FFF751FF01463B48FFF74DFF8301C1
:1045A00043EAC100104380B2FFF7EEFA10B9374872
:1045B00003F062FB40F27310FFF7B4FD10B934480A
:1045C00003F05AFBC820FFF717FC10B9314803F07D
:1045D00053FB05A902A8FFF739F9072836D101A82E
:1045E000FEF764FD019D0298FCF758FB2946FCF795
:1045F000A9FBFCF76DFD02900398FCF74FFB2946E1
:10460000FCF7A0FBFCF764FD03900498FCF746FB65
:104610002946FCF797FBFCF75BFD049002A8FFF727
:1046200053FB0DF10200FEF761FDBDF80220059B72
:1046300005A853430593069B53430693079B534397
:104640000793FFF78DFB144803F016FB0120FFF7DB
:10465000BFF810B9114803F00FFB0023237009B015
:1046600030BD00BFD407002027CC000800ED00E0DB
:104670000400FA0547CC00086BCC000890CC000879
:104680004C0000204F00002052000020C1CC000848
:10469000E6CC00080ACD00082DCD00084ECD00085C
:1046A0002DE9F04F6E4C89B00DF10B0301936D496C
:1046B00003AB6D48009404AAFFF70EFE2388DB05C8
:1046C00040F1C5800498FCF7E9FA4FF04251FCF73D
:1046D00039FB664B064618600598FCF7DFFA4FF089
:1046E0004251FCF72FFB624B054618600698FCF719
:1046F000D5FA4FF04251FCF725FB5E4B044618609B
:104700000798FCF7CBFA4FF04251FCF71BFB5A4BD2
:10471000074618604FF040412846FCF713FB31462E
:1047200080463046FCF706FA414682463846FCF79A
:1047300009FB514681462046FCF704FB01464846EA
:10474000FCF7F8F9FBF770FE05F0D2FA42A3D3E9C3
:104750000023FBF7C1FEFCF797F9484B2146186090
:104760002046FCF7E7F9414683462846FCF7EAFA7B
:10477000594680462046FCF7E5FA01464046FCF7DC
:10478000D7F94FF07E51FCF7D5F9FBF74DFE804687
:10479000894638465946FCF7D5FA5146834628469D
:1047A000FCF7D0FA01465846FCF7C4F9FBF73CFE8B
:1047B00042464B4605F0C4FA27A3D3E90023FBF792
:1047C0008BFEFCF761F92E4B314618603046FCF742
:1047D000B9FA294680462846FCF7B4FA0146404615
:1047E000FCF7A8F9214680462046FCF7ABFA0146C3
:1047F0004046FCF79DF9394680463846FCF7A2FA58
:1048000001464046FCF794F9FBF70EFE80468946C8
:1048100028462146FCF796FA394604463046FCF70E
:1048200091FA01462046FCF785F90146FCF782F92A
:10483000FBF7FAFD42464B4605F082FA06A3D3E9A0
:104840000023FBF749FEFCF71FF90E4B186009B077
:10485000BDE8F08FAFF300806666666666A64C40E2
:104860006007002062070020680700205800002031
:10487000500700204C070020480700205C0700205C
:10488000580700205407002073B50021804A0846CD
:10489000FDF767FB7F4B1978002900F0C7800021E6
:1048A0007D4A46207D4CFDF75CFB0A2100207C4AB6
:1048B000FDF757FB2368002B80F2BA80794A0A2162
:1048C0005020FDF74EFB0C23226800930323524235
:1048D0000A215F20744CFDF7FDFA14210020734A71
:1048E000FDF73FFB2368724D002B80F2AB806D4AD1
:1048F00014215020FDF735FB2B6822681A440C2345
:1049000000930323524264240C2514215F20FDF7F9
:10491000E1FA1E210020674AFDF723FB664E1E21A7
:104920003A20664AFDF71DFB1E215020644AFDF720
:1049300018FB3268022392FBF4F21E212D20009511
:10494000FDF7C8FA3268022392FBF4F1442004FB1D
:10495000112200951E21FDF7BDFA336893FBF4F296
:1049600004FB1233092B06DC022300221E213E2009
:104970000095FDF7AFFA28210020524AFDF7F1FA21
:10498000514B00211C682046FCF77AFB002865D0BB
:1049900020464E49FCF7CEF8FCF7C0FB0C2302463C
:1049A00028212D2000934A4C0323FDF793FA32214E
:1049B0000020484AFDF7D5FA00212068FCF760FB8B
:1049C00000284DD03221374A4620FDF7CAFA206828
:1049D0000C2500F10040FCF7A1FB02230246322126
:1049E00050200095FDF776FA32216020334AFDF71A
:1049F000B8FA246804F100442046FCF769FBFCF790
:104A00004DF901462046FCF793F83349FCF79AF933
:104A1000FCF784FB0123024632216A200095FDF752
:104A200059FA02B0BDE87040FDF7BCB92B4A38E72F
:104A30002B4A0A215020FDF794FA0C230093226898
:104A4000032345E71421264A5020FDF78AFA0C2358
:104A500021682A6800930A44032354E720469BE711
:104A600032211F4A4620FDF77CFA2068FCF756FBEE
:104A70000C2502460223322150200095FDF72AFA28
:104A8000322160200D4AFDF76CFA2468B4E700BFBC
:104A900071CD00087400002078CD0008D0070020F8
:104AA00080CD000888CD0008700000208CCD000863
:104AB000AC07002092CD0008C807002098CD000860
:104AC0009ACD00089CCD0008C40700200000B44324
:104AD000B4070020A2CD0008000020417CCD0008D2
:104AE0008ACD000870B5234A234D137886B0B3FAF7
:104AF00083F35B0913702B78012B24D10024CDE9BB
:104B000003441E4B1E491868FCF71CF9FCF7E0FA39
:104B10001C4B029018681A49FCF714F9FCF7D8FAF4
:104B2000194B019018681949FCF70CF9FCF7D0FAF9
:104B3000174B184A184900901B68126809681748F3
:104B400003F032F82C70164B1E6C164B1868FBF7EE
:104B50006BFC154B0296044618680D46FBF764FC87
:104B60002246CDE900012B46104803F01DF806B09F
:104B700070BD00BF6E070020BA070020180000209B
:104B8000000020411C000020B40700200000C842A3
:104B9000000000200800002004000020ABCD000829
:104BA000002C0140C4070020C0070020C6CD00082B
:104BB0001A4B70B51868FCF771F81949FCF776F9CB
:104BC000184B01211860184B184C1868FDF78EFB24
:104BD000174B02211868FDF789FB164B164D186C10
:104BE000FCF758F80321FDF781FB0320FDF7AAFB32
:104BF000124B134A1870002319461370DEB2B042EC
:104C000002D801B1107070BD29684906FCD514F8AE
:104C1000011B013369600121F0E700BFC8070020D4
:104C20000000C84270070020C4070020CB06002007
:104C3000C0070020002C014000380140740700200C
:104C4000750700200C480D490D4A002302E0D45896
:104C5000C4500433C4188C42F9D30A4A0A4C0023C6
:104C600001E013600432A242FBD300F05DFA03F0CE
:104C7000FFF900F025F970470000002060020020D5
:104C800020D2000860020020DC0A0020FEE70000BD
:104C90001FB51148114A0023012402604FF460221D
:104CA000CDE901330393836003730375C2614360ED
:104CB000046100F093FE08B100F06CF90323CDE924
:104CC00001340023044801A9039300F043FD08B117
:104CD00000F060F904B010BD780700200024014006
:104CE000102210B5044688B00DEB0200002103F03D
:104CF00067F92268174B9A422AD103F56C439A69E7
:104D0000032442F400729A619A69134802F4007213
:104D10000192019A9A6904A942F004029A619A697F
:104D200002F004020292029A9A6942F008029A6121
:104D30009B6903F008030393039B0823CDE9043424
:104D400001F000F8054804A9CDE9044400F0FAFF99
:104D500008B010BD0024014000080140000C0140D3
:104D600010222DE9F04188B00DEB0200002103F084
:104D700027F92F4B2F4F9A692F4D42F020029A614D
:104D80009A69384602F020020192019A9A6948F223
:104D9000101142F004029A619A69012402F004029F
:104DA0000292029A9A69002642F008029A619B696F
:104DB000012203F008030393039B01F0A1F80122F1
:104DC000284648F2380101F09BF84FF0030848F2FA
:104DD0001013384604A9CDE90434CDE9066800F083
:104DE000B1FF2023384604A9CDE90436069400F02B
:104DF000A9FF4FF48052114B284604A9CDE90423A2
:104E0000069400F09FFF48F23803284604A9CDE934
:104E10000434CDE9066800F095FF224602212820DF
:104E200000F0DCFE282000F009FF08B0BDE8F081AA
:104E30000010024000080140000C01400000211059
:104E400010B594B0142200210CA803F0B9F8142274
:104E500000210DEB020003F0B3F81022002101A89D
:104E600003F0AEF802244FF480330122CDE9114360
:104E7000CDE90A234FF4E0130AA80E92139301F030
:104E800059F808B172B6FEE70F23CDE905344FF4A7
:104E900080630790CDE90830214605A801F020FA8B
:104EA00008B172B6FEE74FF4004301A801940393E2
:104EB00001F0D2FA08B172B6FEE714B010BD0000DE
:104EC00008B500F081FBFFF7BBFFFFF749FFFFF7D5
:104ED000DFFE00F037FA00F029F900F055F900F094
:104EE00085FA00F0C3FA00F0DDFA282000F0B4FEE5
:104EF000FCF7C8FB1D4800F0EFFD00211C4801F045
:104F0000FDFD04211A4801F0F9FD0C21194801F0BA
:104F1000F5FD3C21184801F0FFFB3C21174801F04A
:104F2000FBFBFDF73DF8FFF7D7FAFFF7EBFA144864
:104F300000F032F801221349114802F002F928204A
:104F400000F07CFE104E114D114CFFF79DFC3378A4
:104F500043B9FFF7C7FDFFF797FC01232B70002330
:104F60002370F2E7FFF724FEF7E700BF7807002081
:104F7000E4070020BC080020740800202C08002052
:104F800004090020CA060020D4070020B80700202A
:104F9000B907002072B6FEE7044B02221860044BEA
:104FA000186800238068194602F06EBEDC070020F6
:104FB00090000020022808B505D903F053F8092312
:104FC0000360002008BD0120FCE700000138012833
:104FD00010B514460BD809484FF0FF33006892B261
:104FE00001F088FE002818BF0524204610BD03F0FC
:104FF00039F809234FF0FF340360F6E7DC0700209F
:10500000022808B506D903F02DF8092303604FF0F4
:10501000FF3008BD0020FCE708B503F023F80923A2
:1050200003604FF0FF3008BD08B558B909484FF08C
:10503000FF330122006801F0B2FE002814BF0520F2
:10504000012008BD03F00EF8092303604FF0FF3084
:10505000F7E700BFDC070020022808B504D84FF4AA
:1050600000534B60002008BD02F0FCFF09230360E1
:10507000F8E70000104B07B59A69052042F00102DD
:105080009A619A6902F001020092009ADA6942F08C
:105090008052DA61DB6903F080530193019B00F0D9
:1050A0008BFD064A536823F0E06343F000735360BE
:1050B00003B05DF804FB00BF001002400000014097
:1050C000FEE7FEE7FEE7FEE7FEE770477047704742
:1050D00000F08CBA014801F01BBF00BF040900209A
:1050E0004FF4805000F01ABF0B4A0346116810B508
:1050F00009B90A491160106809490A4C0344091B9F
:105100008B4206D902F0AEFF0C2303604FF0FF3054
:1051100010BD1360FCE700BFE0070020E00A00209C
:1051200000500020000400007047000010B58CB053
:105130000021202204A802F043FF00244FF0804306
:10514000104803A9C0E900344FF6FF73C0E90334E7
:10515000032303930123CDE9014484608461059313
:10516000099301F097FB08B1FFF714FF054801A967
:10517000CDE9014401F0C4FC08B1FFF70BFF0CB00E
:1051800010BD00BF7408002010B500248CB00021B1
:10519000202204A802F014FF1048114B03A9C0E913
:1051A00000344FF6FF73C0E9033403230393012354
:1051B000CDE90144846084610593099301F06AFBA1
:1051C00008B1FFF7E7FE054801A9CDE9014401F068
:1051D00097FC08B1FFF7DEFE0CB010BD2C080020D4
:1051E0000004004003680F4A82B093420BD10E4B7B
:1051F0009A6942F400629A619B6903F40063009328
:10520000009B02B07047094A9342FAD1064BDA6913
:1052100042F00402DA61DB6903F004030193019BAD
:10522000EFE700BF002C01400010024000080040E2
:10523000102210B5044688B000210DEB020002F0E8
:10524000BFFE2368B3F1804F1BD103F50433DA6945
:1052500042F00102DA61DA6902F001020092009A7A
:105260009A6942F004029A619B6903F00403019376
:10527000019B03230F4804A9049300F063FD08B0C9
:1052800010BD0D4A9342FAD10C4BDA6942F002028A
:10529000DA61DA6902F002020292029A9A6942F035
:1052A00004029A619B6903F004030393039BC023E8
:1052B000E0E700BF00080140000400400010024089
:1052C00010B5044686B01022002102A802F078FE34
:1052D0002368174A934215D1164B4FF400619A691F
:1052E000154842F004029A619B6903F0040300939D
:1052F000009B0223CDE90213059302A900F022FDD1
:1053000006B010BD0D4A9342FAD10A4B0C489A6977
:1053100002A942F008029A619B69C02203F00803C7
:105320000193019B0223CDE902230593E6E700BF29
:10533000002C01400010024000080140000800401D
:10534000000C014010B5002492B01C22214603A895
:10535000CDE9014402F034FE202221460AA802F0E1
:105360002FFE90231F48204AC0E90544C0E90023CE
:1053700042F20F738460C0E9033401F05FFA08B1B0
:10538000FFF708FE174801A9CDE9014401F0B8FB79
:1053900008B1FFF7FFFD0C220024602311480DEB3C
:1053A0000201CDE90334CDE907440594099401F0E5
:1053B000F1FA08B1FFF7EEFD4FF4005309480AA9CE
:1053C000CDE90A44CDE90C440E940F93119401F0F9
:1053D000C5FB08B1FFF7DEFD0248FFF771FF12B011
:1053E00010BD00BFBC080020002C014010B50024F7
:1053F0008AB01C22214603A8CDE9014402F0E0FD59
:105400001848194B8460C0E9003441F61F43846199
:10541000C0E9033401F012FA08B1FFF7BBFD1148EF
:1054200001A9CDE9014401F06BFB08B1FFF7B2FD22
:10543000002260230B4803A9CDE9033205920792AD
:1054400001F0A8FA08B1FFF7A5FD0422054803A959
:1054500001F0A0FA08B1FFF79DFD0248FFF730FF09
:105460000AB010BDE40700200008004008B54FF462
:10547000FA330A480A4AC0E9002300230C22C0E993
:105480000233C0E905230361C36101F005FC18B1D3
:10549000BDE80840FFF77EBD08BD00BF48090020F9
:1054A0000038014008B54FF416530A480A4AC0E9CB
:1054B000002300230C22C0E90233C0E90523036165
:1054C000C36101F0E9FB18B1BDE80840FFF762BD18
:1054D00008BD00BF0409002000480040102210B59C
:1054E000044688B00DEB0200002102F069FD23683C
:1054F000304A934229D1304B4FF400719A692F48BA
:1055000042F480429A619A6902F480420092009AC1
:105510009A6942F004029A619B6903F004030193C3
:10552000019B0223CDE90413032304A9079300F090
:1055300009FC4FF48060002304A9CDE904031F484F
:10554000069300F0FFFB08B010BD1D4A9342FAD14C
:10555000194B04A9DA691B4842F48022DA61DA693E
:10556000002402F480220292029A9A6942F0080210
:105570009A619B694FF4806203F008030393039BD5
:105580000223CDE904230323079300F0DBFB4FF450
:10559000006304A90B48CDE90434069400F0D2FB63
:1055A00001222146272000F019FB272000F046FBAE
:1055B000C9E700BF00380140001002400008014068
:1055C00000480040000C0140074A08B5136803205A
:1055D00043F01003136000F0EFFA0020FBF7BEFF6A
:1055E000FFF748FD002008BD00200240034A044B9D
:1055F00011681B780B441360704700BF8C090020B2
:105600007C000020F7B5002604460D460196FBF706
:10561000C5FF236807469A68D10508D50120A36A0B
:1056200084F8246043F02003A36203B0F0BD5A68FD
:10563000D20503D4DB6A13F4700F3DD03D4B02203A
:105640001E6800F083FF23683B4A1969B6FBF0F639
:1056500011423A4A51D1D868394908424DD11969A5
:1056600011425BD1DA68374B1A4214BF2923142345
:105670005E43019BB34223D26A1C04D0002D53D158
:10568000019BB3420AD3019B01330193F1E76E1CE6
:1056900013D065B923681B6898070DD4A36A03204B
:1056A00043F00403A362002384F82430BDE7FBF732
:1056B00075FFC01BA842EDD8226813689907E6D58C
:1056C0006FF0120322681360A36A43F40073A362AD
:1056D000936803F46023B3F5602F0CD1237B53B997
:1056E000A36A23F48073A362A36ADB0403D4A36ACE
:1056F00043F00103A362002097E71969114203D127
:10570000D968104A11420BD019690F4A114209D1C8
:10571000DB68134214BFFC235423A9E72923A7E71E
:105720005423A5E7FC23A3E7FBF738FFC01BA842DF
:10573000A6D8A8E778000020244992249224491290
:105740002449920092244900499224000368D86CAD
:1057500070470000002373B5019390F8243004468D
:10576000012B6CD0012380F824304D680268062D8F
:10577000086805EB850322D81F26556B053B9E4024
:1057800025EA060500FA03F32B43536309288B68C7
:1057900000EB40054FF0070129D9D6681E3DA9400E
:1057A00026EA0101AB400B43D360A0F11003012BAB
:1057B00025D90020002384F8243002B070BD0C2DC0
:1057C0004FF01F0509D8166B233B9D4026EA0505BF
:1057D00000FA03F32B431363D8E7D66A413B9D409D
:1057E00026EA050500FA03F32B43D362CEE71069DE
:1057F000A94020EA0101AB400B431361D9E7114BEB
:105800009A4216D193681B02D3D49368102843F4AC
:1058100000039360CDD10C4B0C4A1B68B3FBF2F331
:105820000A2253430193019B002BC2D0019B013BF1
:10583000F8E7A36A012043F02003A362BAE702203D
:10584000BBE700BF002401407800002040420F0069
:10585000806A7047002337B50193036804469A684D
:10586000D20702D5002003B030BD9A6842F0010291
:105870009A60144B144A1B68B3FBF2F30193019B2B
:10588000E3B9FBF78BFE054623689B68DB07E9D489
:10589000FBF784FE401B0228F6D923689B6813F0AF
:1058A0000103F1D1A26A012042F01002A262E26A71
:1058B00084F8243042F00102E262D4E7019B013B0C
:1058C000DCE700BF7800002040420F0010B590F8E0
:1058D00024300446012B54D0012380F82430FFF7F4
:1058E000B9FF002849D1A36A274A23F4407323F063
:1058F000010343F48073A3622368934204D12349D4
:105900004A6812F4702F2ED1A26A22F48012A26289
:105910005A68520541BFA26A22F4405242F48052B2
:10592000A262A26A12F480521CBFE26A22F006024E
:10593000E262002284F824206FF002021A609A6862
:1059400002F46022B2F5602F13D10F4A934205D1C1
:10595000A2F58062526812F4702F0AD19A6842F45C
:10596000A0029A6010BDA26A42F48012A2624A6844
:10597000CFE79A6842F48012F3E7002384F82430DA
:10598000F0E70220EEE700BF0028014000240140BC
:1059900038B5036804469A68D10701D4002038BDA1
:1059A0009A6822F001029A60FBF7F8FD0546236829
:1059B0009B68DB07F2D5FBF7F1FD401B0228F6D907
:1059C00023689B68DA07F2D5A36A012043F010032D
:1059D000A362E36A43F00103E362E0E7F8B504463B
:1059E00000286DD0836A23B9C36280F82430FFF7A2
:1059F00077F92046FFF7CCFFA36A13F0100361D1BB
:105A000000285FD1A26A616822F4885222F0020263
:105A100042F00202E569A668A262227B2943B6F53C
:105A2000807F41EA420136D0771E7D427D412D02C2
:105A3000277D012F06D182BBA269013A45EA423295
:105A400042F400652268B6F5807F576827F46947FD
:105A500045EA0705556097681D4D05EA070545EAC3
:105A60000105956001D0012E02D12369013B1B0580
:105A7000D56A25F470052B43D3629268154B134009
:105A8000994213D10023E362A36A23F0030343F096
:105A90000103A362F8BD3546CAE7A26A42F02002BC
:105AA000A262E26A42F00102E262CBE7A36A23F05B
:105AB000120343F01003A362E36A43F00103E362BD
:105AC0000120E7E7A36A43F01003A362F8E700BFF1
:105AD000FDF7E1FFFE0E1FFF002373B5019390F861
:105AE00024300446012B62D0012380F82430FFF7D4
:105AF0004FFF0546002832D1A36A022023F48853C1
:105B000023F0020343F00203A3622A4B1E6800F055
:105B10001DFDB6FBF0F676000196019B1BBB2046EF
:105B2000FFF798FE2268936843F008039360FBF741
:105B300035FD064623689A68110718D49A6842F022
:105B400004029A60FBF72AFD064623689B685B0700
:105B500023D4A36A23F0030343F00103A3620023C9
:105B600084F8243016E0019B013B0193D5E7FBF755
:105B700015FD801B0A28DDD923689B681807D9D535
:105B8000A36A012523F0120343F01003A36200234C
:105B900084F82430284602B070BDFBF7FFFC801B60
:105BA0000A28D2D923689B685A07CED5E8E7022590
:105BB000F0E700BF7800002007490302CA6803F439
:105BC000E06322F4E0621204120C134343F0BF635B
:105BD00043F40033CB60704700ED00E0154B30B567
:105BE000DC68C4F30224C4F10703251D042B28BF7D
:105BF0000423062D4FF0FF3594BF0024033C05FA23
:105C000003F321EA0303A54022EA0502A34000288A
:105C100043EA0203ACBF00F16040074A4FEA0313B6
:105C2000DBB2ABBF00F5614000F00F0080F800333D
:105C3000135430BD00ED00E014ED00E0002807DB58
:105C400001234109034A00F01F00834042F821303C
:105C5000704700BF00E100E000280CDB012206498C
:105C6000430900F01F008240203341F82320BFF396
:105C70004F8FBFF36F8F704700E100E090F8212055
:105C80000346022A06D0042282630120002283F800
:105C9000202070470268C06B116821F00E0111606E
:105CA000116821F00101116001211A6C01FA02F260
:105CB0004260002083F82110E8E7000008B590F862
:105CC0002130022B03D004238363012008BD036825
:105CD0001A6822F00E021A601A6822F001021A6095
:105CE000164A93421CD0143293421BD01432934272
:105CF0001AD0143293421AD0143293421AD014326A
:105D0000934214BF4FF080734FF480130C4A5360DA
:105D10004FF480730384436B03B198470020D5E7A9
:105D20000123F3E71023F1E74FF48073EEE74FF41C
:105D30008053EBE74FF48033E8E700BF08000240F0
:105D4000000002402DE9F74F00242646DFF888C105
:105D5000624BDFF88CE1DFF88C810A6832FA06F5D5
:105D600002D103B0BDE8F08F0127B74002EA070572
:105D700037EA02027AD14A68032A07D8013A022A8E
:105D800000F28380DFE802F092979D00122A00F073
:105D900095806DD8112A00F08B80FF2D98BF814629
:105DA0004FF00F0B88BF00F104094FEA8602D9F8C3
:105DB000007088BF203A0BFA02FA27EA0A0704FAB1
:105DC00002F21743C9F80070D1F8049019F0805F0F
:105DD0004CD0DCF8182026F0030742F00102CCF882
:105DE0001820DCF8182007F1804702F00102019228
:105DF00007F5803706F0030A019A4FEA8A0ABA6863
:105E00000BFA0AFB22EA0B0B374A90425DD002F5EF
:105E1000806290425BD002F58062904259D002F5D8
:105E20008062904214BF0422032202FA0AF242EA7C
:105E30000B02BA601A6819F4803F14BF2A43AA43C0
:105E40001A605A6819F4003F14BF2A43AA435A60E3
:105E50009A6819F4801F14BF2A43AA439A60DA682B
:105E600019F4001F14BF2A43AA43DA60013674E70D
:105E7000DFF878904A4508D010D8A9F580194A452E
:105E800003D0724501D0424587D18A68DAB1012A30
:105E90004FF008040CBF076147617EE7DFF85090C0
:105EA0004A45F2D009F580394A45EDE7CC6874E7F8
:105EB000CC68043471E7CC6808346EE7CC680C34E5
:105EC0006BE7002469E7042467E70022ADE70122BD
:105ED000ABE70222A9E700BF001002400004014026
:105EE00000002110000011100008014000002210E5
:105EF000000031108368194214BF01200020704750
:105F00000AB1016170470904FBE7C36801EA0302B3
:105F100021EA030141EA024101617047044A08B5E0
:105F20005169014202D05061FCF7D2FB08BD00BFAD
:105F3000000401402DE9F341054638B30368DB074F
:105F400010D42B689F075ED42B68190700F1958049
:105F50002B685A0700F1C180EB69002B40F02C81BF
:105F6000002029E0904C636803F00C03042B07D059
:105F7000636803F00C03082B0AD16368DE0307D5BE
:105F800023689C03DDD56B68002BDAD1012013E078
:105F90006B68B3F5803F12D1236843F480332360EC
:105FA000FBF7FCFA064623689803CAD4FBF7F6FA17
:105FB000801B6428F7D9032002B0BDE8F0819BB9AB
:105FC000236823F480332360236823F48023236031
:105FD000FBF7E4FA064623689903B2D5FBF7DEFA2D
:105FE000801B6428F7D9E6E7B3F5A02F236803D117
:105FF00043F480232360CFE723F4803323602368B6
:1060000023F48023CBE7684C636813F00C0F07D0B0
:10601000636803F00C03082B10D16368DA030DD416
:1060200023689B0702D52B69012BAFD123686A69CE
:1060300023F0F80343EAC203236085E72A695B4B38
:106040006AB101221A60FBF7A9FA064623689F0786
:10605000ECD4FBF7A3FA801B0228F7D9ABE71A6050
:10606000FBF79CFA0646236898077FF56DAFFBF7B0
:1060700095FA801B0228F6D99DE7AA694A4E4B4B38
:10608000E2B10122C3F88024FBF788FA0446736A60
:106090009B070DD54FF4FA52454B1B68B3FBF2F347
:1060A000019300BF019B5A1E0192002BF9D14FE7CB
:1060B000FBF774FA001B0228E9D97CE7C3F88024B7
:1060C000FBF76CFA0446736A9F077FF541AFFBF755
:1060D00065FA001B0228F6D96DE7334CE369D80056
:1060E00024D40127E36943F08053E361E36903F0BB
:1060F00080530093009B2F4E3368D90518D5EB6869
:10610000012B26D1236A43F001032362FBF746FAF1
:1061100041F288380646236A9B073FD5002F3FF49B
:106120001BAFE36923F08053E36115E70027E2E743
:10613000336843F480733360FBF730FA804633688A
:10614000DA05DCD4FBF72AFAA0EB08006428F6D9BC
:1061500031E7ABB9236A41F2883823F001032362A7
:10616000236A23F004032362FBF718FA0646236A26
:106170009807D3D5FBF712FA801B4045F7D91AE7E9
:10618000052B236A03D143F004032362BAE723F00B
:1061900001032362236A23F00403B6E7FBF7FEF949
:1061A000801B4045B7D906E700100240000042427C
:1061B00078000020007000402A4C626802F00C0257
:1061C000082A3ED00022022B274B1A662CD1FBF75F
:1061D000E5F906462368990120D42B6AB3F5803F80
:1061E00005D16268A96822F400320A436260696AD4
:1061F00062680B4322F474121343012263601A4B4A
:106200001A66FBF7CBF9054623689A013FF5A8AE5D
:10621000FBF7C4F9401B0228F6D9CCE6FBF7BEF920
:10622000801B0228D6D9C6E6FBF7B8F905462368D5
:106230009B017FF595AEFBF7B1F9401B0228F6D91B
:10624000B9E6012B3FF4A2AE60682B6A00F48032FD
:106250009A427FF49BAE6B6A00F47010C01A18BFAC
:106260000120A9E6001002400000424230B5184B60
:1062700087B002AC03F1100522461868596808334C
:1062800003C2AB421446F7D140F201231149ADF8E5
:1062900004304B6803F00C02082A17D1C3F3834281
:1062A00018326A44DB0312F8100C0CD54B680A4A0A
:1062B000C3F34043504318336B4413F8143CB0FB12
:1062C000F3F007B030BD054B5843FAE70248F8E752
:1062D000F0CD00080010024000127A0000093D00D5
:1062E0002DE9F0410D46044610B90120BDE8F081CA
:1062F000444A136803F007038B4228D321688E07B2
:1063000030D4CA0743D43F4A136803F00703AB42B3
:1063100065D822683C4D12F0040F6CD1130706D5E6
:106320006B68226923F4605343EAC2036B60FFF792
:106330009DFF6B68354AC3F30313D35CD840344BDD
:106340001860344B1868FBF709F90020CEE7136892
:1063500023F007030B431360136803F007038B421A
:10636000C3D1CBE7284B11F0040F1EBF5A6842F48B
:10637000E0625A60080742BF5A6842F460525A60AD
:106380005A68A06822F0F00202435A60B9E76268D6
:106390001D4E012A33681AD113F4003FA5D073684B
:1063A00041F2883823F0030313437360FBF7F6F8D8
:1063B00007467368626803F00C03B3EB820FA2D048
:1063C000FBF7ECF8C01B4045F3D903208EE7022A07
:1063D00002D113F0007FE1E713F0020FDEE713684C
:1063E00023F007032B431360136803F00703AB424A
:1063F0007FF47BAF8DE76B68E16823F4E0630B43C8
:106400006B608BE70020024000100240E0CD0008E6
:106410007800002080000020044B054A5B68C3F32D
:106420000223D35C034A1068D84070470010024032
:10643000D8CD000878000020044B054A5B68C3F300
:10644000C223D35C034A1068D84070470010024052
:10645000D8CD00087800002003682DE9F3410546F7
:10646000D80721D5364CE369D9002BD40126E3693E
:1064700043F08053E361E36903F080530193019B90
:10648000304F3B68DA051FD5236A6A6813F44073FE
:106490002ED1236A6A6823F44073134323621EB12A
:1064A000E36923F08053E3612A68910706D5244904
:1064B000A8684B6823F4404303434B60D30636D4AB
:1064C000002012E00026DBE73B6843F480733B606A
:1064D000FBF764F880463B68DB05D5D4FBF75EF834
:1064E000A0EB08006428F6D9032002B0BDE8F081D3
:1064F00002F440729A42CCD00120134A236AC2F8B7
:106500004004002023F44071DF07C2F840042162F8
:10651000BFD5FBF743F841F288380746236A98074E
:10652000B7D4FBF73BF8C01B4045F7D9DCE7044A7A
:10653000E968536823F480030B435360C0E700BF4E
:10654000001002400070004000004242024670B558
:10655000334B86B002AD03F110062C46186859681B
:10656000083303C4B3422546F7D140F20123022A7F
:10657000ADF8043047D0102A03D0012A24D00020DF
:1065800036E0284A5168106810F0807030D0C1F3AE
:10659000834318336B44C90313F8100C49BF536885
:1065A000214BC3F34043183341BF6B4413F8141C11
:1065B0001E4BB3FBF1F3584353685B0218D403231B
:1065C0004000B0FBF3F013E040F20231154A136AC9
:1065D0001940B1F5817F1FD003F44073B3F5007FFC
:1065E00008D149F64043506A10F0020018BF18461F
:1065F00006B070BDB3F5407FC1D110684FF224439F
:1066000010F40030F2E7FFF717FF064B5B68C3F3A7
:10661000813301335B00D4E74FF40040E8E700BF6B
:10662000F0CD00080010024000093D0000127A0081
:10663000036A70B523F001030362036A4468826948
:106640000D6822F073022A438D6823F002032B4366
:106650000A4DA8420BD1CD6823F008032B4324F444
:106660004074D1E90556354323F004032C434460BC
:1066700082614A684263036270BD00BF002C014022
:10668000036A70B523F480730362036A4468C269C5
:106690000D6822F073022A438D6823F4007343EAE5
:1066A00005230B4DA8420DD1CD6823F4006343EAC6
:1066B000052324F44054D1E90556354323F480637F
:1066C00044EA05144460C2614A68C263036270BD53
:1066D000002C0140036A30B523F480530362036A3F
:1066E0004468C2690D6822F4E64242EA05228D68D8
:1066F00023F4005343EA0533064DA84202BF4D6917
:1067000024F4804444EA85144460C2614A68026407
:10671000036230BD002C0140034630B590F83E00C6
:1067200093F83F2093F8425093F84340C0B2D2B25E
:10673000EDB2E4B2C1B9012845D1012D13D1022235
:1067400083F83E2083F842201A68116A21F0010183
:106750001162116A41F00101002011621A68136888
:1067600043F00103136030BD042911D1012A2AD15D
:10677000012C28D1022283F83F2083F843201A6895
:10678000116A21F010011162116A41F01001E3E772
:10679000012818D1012AE6D1012DE4D1012CE2D142
:1067A000022283F83E2083F83F2083F8422083F8BA
:1067B00043201A68116A21F001011162116A41F047
:1067C00001011162DCE70120CDE700001A4A0368ED
:1067D00090420AD0B0F1804F07D0A2F59432904297
:1067E00003D002F58062904215D14A6823F070030D
:1067F0001343114A90420AD0B0F1804F07D0A2F55E
:106800009432904203D002F58062904203D1CA686C
:1068100023F4407313434A6923F080031343036056
:106820008B68C3620B688362034B984204BF0B6999
:106830000363012343617047002C014010B50446F7
:1068400030B390F83D3003F0FF021BB980F83C20D4
:10685000FEF7C8FC0223206884F83D30211DFFF7B5
:10686000B5FF0123002084F8463084F83E3084F8D8
:106870003F3084F8403084F8413084F8423084F866
:10688000433084F8443084F8453084F83D3010BDFE
:106890000120FCE7F8B50D46044600284CD090F8DE
:1068A0003D3003F0FF021BB980F83C20FEF7C0FC2E
:1068B0000223214684F83D3051F8040B836823F409
:1068C000804323F007038360FFF780FF81682A6815
:1068D0008369AE691143AA6823F4407323F003036C
:1068E00042EA06221A432B69EE691B0143EA06239A
:1068F000EE6822F47C4233432E6A22F0FC0243EA23
:106900000633076A6E6913436A6827F0220742EA72
:10691000061281601743836101230762002084F817
:10692000463084F83E3084F83F3084F8423084F8B2
:10693000433084F83D30F8BD0120FCE7036A70B5B0
:1069400023F010030362036A446882690D6822F42D
:10695000E64242EA05228D6823F0200343EA05134C
:106960000B4DA8420DD1CD6823F0800343EA0513F7
:1069700024F44064D1E90556354323F0400344EA4A
:106980008504446082614A688263036270BD00BF0F
:10699000002C014038B590F83C300446012B4ED015
:1069A0000123082A80F83C3039D006D8BAB1042A2D
:1069B00025D0002084F83C0038BD0C2AF9D10068AD
:1069C000FFF788FEC3690A6943F40063C361C369C2
:1069D00023F48063C361C36943EA02232DE00068A6
:1069E000FFF726FE83690A6943F008038361836920
:1069F00023F004038361836913438361D9E700684B
:106A0000FFF79CFF83690A6943F40063836183692C
:106A100023F480638361836943EA0223EDE700681E
:106A2000FFF72EFEC3690A6943F00803C361C36917
:106A300023F00403C361C3691343C361B9E70220B0
:106A4000BAE710B50124036A01F01F018C4023EA64
:106A500004030362036A8A401A43026210BD000005
:106A600008B529B990F83E30012B1DD001202EE049
:106A7000042907D190F83F30012BF7D1022380F889
:106A80003F3014E0082907D190F84030012BEDD1B8
:106A9000022380F840300AE090F84130012BE5D124
:106AA000022380F8413002E0022380F83E30006883
:106AB0000122FFF7C6FF0F4B984209D0B0F1804F7B
:106AC0000BD1836803F00703062B0DD1002008BD0E
:106AD000436C43F400434364F3E7074B9842F0D020
:106AE00003F580639842ECD0036843F00103036030
:106AF000ECE700BF002C014000040040FFF7B0BFEE
:106B000030B590F83C300246012B4FF0020022D005
:106B1000136882F83D005C680D6824F070042C4313
:106B200098685C600C4CA3420AD0B3F1804F07D048
:106B3000A4F59434A34203D004F58064A34204D1A5
:106B4000496820F08000014399600123002082F809
:106B50003D3082F83C0030BD002C014090F83C30C4
:106B60000246012B1ED0CB68886823F44073034390
:106B7000486823F480630343086823F400630343F5
:106B8000086923F480530343486923F40053034303
:106B90000020C96923F480430B4311684B6482F8D9
:106BA0003C007047022070470368DA6822F4907254
:106BB000DA605A6922F001025A61026B012A02BFAF
:106BC000DA6822F01002DA60202380F83E300023D9
:106BD0000363704710B504460368C1681A6922F45C
:106BE00040520A431A6182680069D96802436069A9
:106BF00021F4B05121F00C0102430A43DA605A69D2
:106C0000A16922F440720A435A610E4A934215D197
:106C1000FFF712FC19234343626820689200B3FB1C
:106C2000F2F36422B3FBF2F102FB11331B013233A6
:106C3000B3FBF2F303EB0113836010BDFFF7ECFB32
:106C4000E8E700BF00380140F8B504460E46174695
:106C50001D462268136836EA030301D1002014E0C0
:106C60006B1CF7D095B923680320DA6822F4D07240
:106C7000DA605A6922F001025A61202384F83D301B
:106C800084F83E30002384F83C30F8BDFAF786FCE7
:106C9000C01B8542DDD2E6E710B5044640B390F84C
:106CA0003D3003F0FF021BB980F83C20FEF716FCD4
:106CB0002423226884F83D30D368204623F400530F
:106CC000D360FFF787FF236800201A6922F49042FF
:106CD0001A615A6922F02A025A61DA6842F40052B3
:106CE000DA602023206484F83D3084F83E3010BD03
:106CF0000120FCE72DE9F843984690F83D30044622
:106D0000202B0E46174648D1002944D0002A42D0F5
:106D100090F83C30012B40D00123002580F83C3016
:106D20002123056480F83D30FAF738FCA3688146DA
:106D3000B3F5805FA784E78403D123690BB9354697
:106D40001E46002384F83C30E38C9BB253B9434683
:106D50004A4640212046FFF777FF50B9202384F8A8
:106D60003D3007E043464A4680212046FFF76CFF4E
:106D700010B10320BDE8F88322684EB935F8023B14
:106D8000C3F308035360E18C013989B2E184DBE786
:106D900016F8013BF6E70120ECE70220EAE72DE9CF
:106DA000F8431F4690F83E300446202B0E4691468D
:106DB0004FD100294BD0002A49D090F83C30012B0C
:106DC00047D00123002580F83C302223056480F859
:106DD0003E300563FAF7E2FBA3688046B3F5805FB7
:106DE000A4F82C90A4F82E9003D123690BB9354652
:106DF0001E46002384F83C30E08D80B220B9202369
:106E000084F83E30BDE8F8833B46424620212046C8
:106E1000FFF71AFFF8B923684EB95B68C3F308039C
:106E200025F8023BE38D013B9BB2E385E4E7A268D2
:106E3000B2F5805F02D032B9226922B95968C9B26D
:106E400006F8011BEEE7596801F07F01F8E7012021
:106E5000D8E70220D6E70320D4E77047704708B58B
:106E60000023406AC385C384FFF7F8FF08BD70475D
:106E700090F83E3007B5222B37D181680268B1F512
:106E8000805F836A34D10169002934D15268C2F32A
:106E9000080223F8022BC28D8362013A92B2C285A6
:106EA0001ABB0368D96821F02001D960D96821F4A0
:106EB0008071D960596921F001015961202180F860
:106EC0003E10016B012920D10263D96821F0100125
:106ED000D9601968C90605D501921A6801925B68E4
:106EE0000193019B818DFFF7C2FF03B05DF804FBA6
:106EF00039B9016929B95268D2B21A70836A01336B
:106F0000C9E7526802F07F02F7E7FBF7C3F8ECE746
:106F1000036837B51A68044612F00F0FD9685D6927
:106F200008D195065FD58D065DD503B0BDE830402C
:106F3000FFF79EBF05F0010001F49075054352D0A4
:106F4000D50705D5CB0542BF236C43F0010323646D
:106F5000550704D518B1236C43F00203236493074B
:106F600004D518B1236C43F004032364150707D537
:106F700001F0200303431EBF236C43F00803236486
:106F8000236C53B3920604D58B0602D52046FFF737
:106F90006FFF216820464B69226C03F0400302F02A
:106FA000080253EA02051AD0FFF7FEFD4B695D06A1
:106FB00010D54B69A06B23F040034B6150B1534B8C
:106FC0004363FEF77BFE40B1A06B436B03B0BDE8AB
:106FD000304018472046FFF741FF03B030BDFFF7B0
:106FE0003DFF2564F9E7206B012855D1D00653D524
:106FF000CD0651D5002101911A6801925A6801927B
:10700000019A5A6912F040022AD0A06B02685268B5
:1070100092B2002AE1D0A58D9542DED9E28582693F
:10702000202A15D0DA6822F48072DA605A6922F0D8
:1070300001025A615A6922F040025A61202284F802
:107040003E202163DA6822F01002DA60FEF716FEB5
:10705000E38DA18DC91A89B22046FFF708FFBCE76E
:10706000E08DE58DA18DADB280B2002DB5D0091AAD
:1070700089B20029B1D0D86820F49070D8605869DE
:1070800020F001005861202084F83E002263DA6875
:1070900022F01002DA60DFE7100626D50D0624D5AF
:1070A00094F83D20212A98D1A168226AB1F5805F29
:1070B00016D12169A1B932F8021BC1F30801596048
:1070C0002262E28C013A92B2E284002A85D1DA6827
:1070D00022F08002DA60DA6842F04002DA607CE78F
:1070E000511C216212785A60EBE750067FF575AFAC
:1070F0004A067FF572AFDA68204622F04002DA6075
:10710000202384F83D30FFF7A8FE66E75F6E000895
:10711000C28582858162034622220020186483F89A
:107120003C0083F83E201B68DA6842F48072DA6023
:107130005A6942F001025A61DA6842F02002DA60CC
:10714000704770B490F83E60202E0DD149B142B125
:1071500090F83C40012C07D00024046370BCFFF77A
:10716000D7BF012070BC70470220FBE7002B2DE940
:10717000F0471D46BBBF03F100431D4600232D23EE
:1071800088B01446B8BF1446129A109E1370149B10
:10719000DDF84CA023F02008B8F1460F05D0B8F177
:1071A000450F00D10136022300E0032307AA049211
:1071B00006AACDE902A2CDE9003622462B4601F00F
:1071C00017F8B8F1470F074619D1119BDB070ED509
:1071D00000EB06090022002320462946F9F7E4FBCC
:1071E00008B1CDF81C903022079B4B451ED3384682
:1071F000079B159ADB1B136008B0BDE8F087B8F158
:10720000460F00EB0609E5D10378302B0AD10022A6
:10721000002320462946F9F7C7FB18B9C6F1010635
:10722000CAF80060DAF800309944D3E7591C079196
:107230001A70D9E7F7B50029B6BF2D232B23494291
:1072400009290270437029DD0DF107031D460A2745
:10725000B1FBF7F61A4607FB1614303402F8014C5E
:107260000C46632C314603F1FF33F1DC3031941EC0
:1072700003F8011C2346411CAB420AD30DF109035C
:107280009B1AAC4288BF002302330344181A03B090
:10729000F0BD13F8016B01F8016FEDE730233031D9
:1072A0008370C170031DF1E72DE9F04F91B00C46DA
:1072B000DDF8688016461F46054600F089FE036823
:1072C00018460893F8F744FF00230E93D8F80030CF
:1072D0000990073323F0070303F1080294F818A07C
:1072E000D4F800B0C8F80020D3E9008929F00043A1
:1072F0000B93CDF828804FF0FF32DDE90A01C4E995
:1073000012899C4BF9F782FB70BBDDE90A014FF053
:10731000FF32984BF9F75CFB30BB0022002340465C
:107320004946F9F74BFB10B12D2384F84330924ABC
:10733000924BBAF1470F94BF9046984603234FF003
:10734000000923612BF004032360334621462846BD
:1073500000970FAA00F0D4F9013040F090804FF070
:10736000FF3011B0BDE8F08F42464B4640464946DB
:10737000F9F74CFB48B14B46002BB8BF2D23804A90
:10738000B8BF84F843307F4BD3E763680AF0DF016E
:107390005A1C3FD10623636000224BF480632360B4
:1073A00006920EAACDE904A20DAA03920DF13302B2
:1073B000CDE9013263684246009328464B460A9164
:1073C000FFF7D4FE0A99804647290D9928D1C81C99
:1073D00002DB6368994240DDAAF1020A5FFA8AFA89
:1073E0005246013904F150000D91FFF723FF0E9A28
:1073F00081461318012A236102DC2268D20701D5D5
:10740000013323619DF83330002B9ED02D2384F867
:1074100043309AE74729BFD1002BBDD10123BAE7FA
:10742000BAF1650FDCD9BAF1660F18D1002963688B
:107430000BDD216113B92268D00702D501330B445B
:1074400023614FF00009A165DCE713B92268D20778
:1074500001D50233F4E70123F2E74FF0670A0E9BF0
:10746000994205DB23682161D807EAD54B1CE7E781
:107470000029CCBF0122C1F102021344E0E72368D6
:107480005A0507D42369424631462846B847013099
:107490002BD164E7BAF1650F40F2DC80D4E9120128
:1074A00000220023F9F780FA002833D00123314667
:1074B0002846354AB84701303FF451AFDDE90D3871
:1074C000434502DB2368D8070FD5DDE908233146A1
:1074D0002846B84701303FF442AF4FF0000908F1A9
:1074E000FF3804F11A0AC84509DC23689B0700F13C
:1074F0000281E0680F9B9842B8BF184631E701232C
:10750000524631462846B84701303FF428AF09F1CA
:107510000109E8E70D9B002B38DC012331462846A2
:10752000194AB84701303FF41AAFDDE90D3959EA7D
:10753000030302D12368D907D7D5DDE908233146F3
:107540002846B84701303FF40AAF4FF0000A04F173
:107550001A0B0D9B5B42534501DC4B4693E701231D
:107560005A4631462846B84701303FF4F8AE0AF192
:10757000010AEEE7FFFFEF7F01CE000805CE00080D
:1075800009CE00080DCE000811CE0008A36DDDF86D
:1075900038A05345A8BF5346002B994636DC4FF020
:1075A000000B29EAE97904F11A02A36D0A93A3EB0F
:1075B00009035B4531DC0D9B9A453ADC2368DA0709
:1075C00037D40D9BAAEB03090A9BAAEB0303994549
:1075D000A8BF9946B9F1000F33DC4FF0000829EA43
:1075E000E97904F11A0B0D9BAAEB0303A3EB090342
:1075F00043457FF77AAF01235A4631462846B847BC
:1076000001303FF4ACAE08F10108ECE742463146E8
:107610002846B8470130C2D1A1E6012331462846A9
:107620000A92B84701303FF49AAE0A9A0BF1010B67
:10763000BBE73146DDE908232846B8470130C0D111
:107640008DE60A9A4B46314628464244B8470130F7
:10765000C3D184E6DDF838A0BAF1010F01DCDB0705
:1076600036D50123424631462846B84701303FF41B
:1076700076AEDDE9082331462846B84701303FF4AD
:107680006EAED4E91201002200230AF1FF3AF9F7A5
:107690008BF9C0B9534608F1010231462846B84774
:1076A00001300CD15BE601235A4631462846B847E3
:1076B00001303FF454AE08F10108D045F3DB4B46EE
:1076C00004F15002E0E64FF0000804F11A0BF4E771
:1076D00001234246E1E701234A4631462846B8479E
:1076E00001303FF43CAE08F10108E3680F995B1AE2
:1076F0004345F0DCFDE64FF0000804F11909F4E71A
:107700002DE9F047164698468A680B69074693426A
:10771000B8BF1346336091F843200C46DDF8209043
:107720000AB1013333602368990642BF33680233DC
:107730003360256815F0060506D104F1190AE368DF
:1077400032689B1AAB422BDC94F843302268003B32
:1077500018BF0123920630D44146384604F1430253
:10776000C847013023D02368226903F00603042BA5
:1077700014BF002533684FF0000608BFE56804F128
:107780001A0408BFED1A54F8123C08BF25EAE57543
:107790009342C4BF9B1AED18B5421AD1002008E0ED
:1077A0000123524641463846C847013003D14FF0C5
:1077B000FF30BDE8F0870135C1E73020E11881F8DE
:1077C00043005A1C94F845102244023382F84310B7
:1077D000C2E70123224641463846C8470130E6D079
:1077E0000136D9E72DE9FF470F7E9146782F804675
:1077F0000C469A460C9E01F1430207D8622F0AD824
:10780000002F00F0D380582F00F0BA8004F1420618
:1078100084F842703AE0A7F16303152BF6D801A172
:1078200051F823F07D780008917800080D78000861
:107830000D7800080D7800080D7800089178000890
:107840000D7800080D7800080D7800080D78000804
:1078500093790008BB7800084D7900080D7800087E
:107860000D780008B57900080D780008BB7800088D
:107870000D7800080D7800085579000833681A1D46
:107880001B68326004F1420684F8423001239EE016
:1078900033682068191D3160060601D51D6803E0B4
:1078A0004506FBD5B3F90050002D03DA2D236D42B8
:1078B00084F843300A23594811E0216833680806E8
:1078C00053F8045B02D4490648BFADB26F2F336052
:1078D00014BF0A2308235148002184F84310666826
:1078E000002EA8BF2168A660A4BF21F0040121607A
:1078F0000DB9002E4BD01646B5FBF3F103FB115723
:10790000C75D06F8017D2F46BB420D46F4D9082B12
:107910000BD12368DF0708D5236961689942DEBF70
:10792000302306F8013C06F1FF36921B22614B46DC
:1079300021464046CDF800A003AAFFF7E1FE013042
:107940004AD14FF0FF3004B0BDE8F087236843F020
:10795000200323607827324884F845702368316813
:107960001F0651F8045B02D45F0648BFADB2316018
:10797000D90744BF43F0200323601DB11023ABE7B8
:107980002648E9E7236823F020032360F6E716463C
:10799000BDE733682568181D616930602E061B68D5
:1079A00001D5196002E06806FBD519800023164650
:1079B0002361BCE7336800211A1D32601E686268CB
:1079C000304600F07CFB08B1801B60606368236177
:1079D000002384F84330AAE73246494640462369EB
:1079E000D0470130ADD023689B0713D4E068039BD8
:1079F0009842B8BF1846A6E701233246494640469A
:107A0000D04701309DD00135E36803995B1AAB4242
:107A1000F2DCEBE7002504F11906F5E713CE0008C8
:107A200024CE0008002310B50446C0E90033C0E9A5
:107A30000433836081814366C281836119460822D1
:107A40005C3000F0BDFA0D4B246263620C4BA36204
:107A50000C4BE3620C4B23630C4B9C4206D003F1AE
:107A60006802944202D0D0339C4205D104F1580000
:107A7000BDE8104000F020BB10BD00BFF17D000844
:107A8000137E00084B7E00086F7E000890090020DE
:107A9000024A0349034800F069B800BF840000208F
:107AA000FD9900089400002041680C4B10B59942E4
:107AB000044601D001F0A2FFA168094B994202D00F
:107AC000204601F09BFFE168064B994204D0204616
:107AD000BDE8104001F092BF10BD00BF900900202A
:107AE000F8090020600A002010B50B4B0B4C0C4A23
:107AF00020461A6004210022FFF794FF04F1680079
:107B000001220921FFF78EFF04F1D0000222BDE817
:107B100010401221FFF786BFC80A002090090020FC
:107B2000917A0008014800F0C8BA00BFD10A0020CD
:107B3000014800F0C3BA00BFD10A002010B50446C6
:107B4000FFF7F0FF236A1BB1BDE81040FFF7F0BF5D
:107B5000044B2362044B1B68002BF5D1FFF7C4FFD5
:107B6000F2E700BFA97A0008C80A00202DE9F8430F
:107B70000746884614460026D4E90195B9F1010963
:107B800005D52468002CF7D13046BDE8F883AB89D1
:107B9000012B07D9B5F90E30013303D029463846F9
:107BA000C04706436835E9E70FB407B5064904AB9B
:107BB000086853F8042B8168019301F087FD03B036
:107BC0005DF804EB04B0704790000020036A70B5C4
:107BD00005460E4684680BB9FFF7B0FF636EDB07FE
:107BE00005D4A389980502D4A06D00F066FAA38994
:107BF000190702D52369002B35D12146284600F00C
:107C000079F980B34FF0FF35636EDA0705D4A389A5
:107C10009B0502D4A06D00F051FA284670BD002BE0
:107C200004DAA2699A4217DC0A2915D023685A1C83
:107C300022601970A36816F8011F013BA360002998
:107C4000EDD1002B11DA22460A21284600F013F963
:107C50000130D7D00A25D7E72246284600F00BF995
:107C60000130E7D1CEE7013EE4E723685A1C2260E9
:107C70000A221A70EEE70000024B01461868FFF76F
:107C8000A5BF00BF900000202DE9F7431D46574BCC
:107C900004461F680E46904627B13B6A13B9384622
:107CA000FFF74CFFB8F1020F06D0B8F1010F00F258
:107CB0009A80002DC0F29780636ED90705D4A389FE
:107CC0009A0502D4A06D00F0F8F92146384601F07B
:107CD00095FE616B41B104F14403994202D03846EC
:107CE00001F04EF8002363630023A3616360A3895E
:107CF0001B0603D53846216901F042F8A389B8F183
:107D0000020F23F44A6323F00303A38161D001AB84
:107D10006A462146384601F099FEA3891843A0819E
:107D20002DBB009D284601F073F80646002852D16D
:107D3000DDF80090A94540D14FF0FF35B4F90C3083
:107D400043F00202A2810022A26004F147022260F5
:107D5000226101226261626ED60704D4980502D4C2
:107D6000A06D00F0ABF9284603B0BDE8F083002E0B
:107D7000D8D03B6A13B93846FFF7E0FEB8F1010FDF
:107D800008BFA389C4E9046504BF43F00103A381CC
:107D9000B4F90C30266013F008021ED0D90741BF99
:107DA00000226D42A260A56158BFA560626ED20735
:107DB00001D49B0513D50025D5E7484601F028F8E6
:107DC00006460028B8D0A3894D4643F08003A3811E
:107DD000CFE70025B2E7A946F5E7A260E6E7A06D88
:107DE00000F06CF9E7E74FF0FF35BCE790000020AA
:107DF00010B50C46B1F90E1000F010F90028ABBF19
:107E0000636DA3891B1823F48053ACBF6365A38102
:107E100010BD2DE9F0411F468B890546DB050C4658
:107E2000164605D502230022B1F90E1000F0E4F841
:107E3000A389324623F48053A38128463B46B4F9F4
:107E40000E10BDE8F04100F0FBB810B50C46B1F9DA
:107E50000E1000F0D1F8431CA38915BF606523F410
:107E6000805343F48053A38118BFA38110BDB1F99F
:107E70000E1000F0B1B8F8B50E461446054618B11C
:107E8000036A0BB9FFF75AFEA369A360A3891A0717
:107E900001D5236943B92146284600F02BF818B1D3
:107EA0004FF0FF373846F8BD23682269F6B2981ABA
:107EB00063693746834205DC2146284601F09EFD72
:107EC0000028EDD1A368013BA36023685A1C2260FF
:107ED0001E706269431C9A4204D0A389DB07E1D576
:107EE0000A2EDFD12146284601F088FD0028D9D08E
:107EF000D6E7000038B5294B054618680C4618B17E
:107F0000036A0BB9FFF71AFEB4F90C30190722D433
:107F1000DA0607D409222A6043F040034FF0FF300D
:107F2000A38133E0580712D5616B41B104F14403DA
:107F3000994202D0284600F023FF00236363A389FF
:107F400023F02403A3810023636023692360A389B2
:107F500043F00803A38123694BB9A38903F4207379
:107F6000B3F5007F03D02146284601F094FDB4F913
:107F70000C3013F001020AD00022A2606269524262
:107F8000A261226942B913F08000C5D138BD9907BA
:107F900058BF6269A260F4E70020F7E79000002074
:107FA00010B501390244904201D1002005E0037868
:107FB00011F8014FA34201D0181B10BD0130F2E7A8
:107FC00003460244934200D1704703F8011BF9E7CE
:107FD00000487047D001002038B50023054D044605
:107FE00008462B60FDF70CF8431C02D12B6803B147
:107FF000236038BDCC0A002038B504460846114637
:108000000022054D2A601A46FDF706F8431C02D1EE
:108010002B6803B1236038BDCC0A002038B5044674
:10802000084611460022054D2A601A46FCF7FCFF5F
:10803000431C02D12B6803B1236038BDCC0A002059
:1080400038B50446084611460022054D2A601A46F6
:10805000FCF7BCFF431C02D12B6803B1236038BD81
:10806000CC0A0020014B1868704700BF9000002028
:1080700070B500260C4D0D4C641BA410A64209D10E
:1080800003F00CFA00260A4D0A4C641BA410A64209
:1080900005D170BD55F8043B98470136EEE755F819
:1080A000043B98470136F2E718D2000818D20008BE
:1080B00018D200081CD2000870477047704703466A
:1080C00010B5C9B202449342184601D1002003E022
:1080D000047801338C42F6D110BD2DE9F74F0369C6
:1080E0000C690746A3427EDB013CA30000F11405A6
:1080F00001F11408009305EB8403019358F8243030
:1081000055F8242001339A42B2FBF3F608EB8409B8
:108110002ED34FF0000AC446AE46D3465CF8043B6B
:1081200098B206FB00A01B0C020C06FB0323DEF832
:10813000002080B292B2121A5A44DEF800004FEAD0
:10814000134A9BB2C3EB224303EB104392B242EAC1
:108150000342E1454FEA234B4EF8042BDED2009B4D
:10816000EB582BB9019B043B9D421A462FD33C612F
:10817000384601F07BF9002825DB2946002058F815
:10818000042BD1F800C01FFA82FE1FFA8CF3A3EB78
:108190000E030344120CC2EB234202EB1C429BB2BF
:1081A00043EA0243C1454FEA224041F8043BE6D28C
:1081B00055F8242005EB840322B9043B9D421A465E
:1081C0000BD33C610136304603B0BDE8F08F126836
:1081D000043B002ACBD1013CC6E71268043B002ACD
:1081E000EFD1013CEAE70020EEE7000000000000CC
:1081F0002DE9F04F14461D46C76997B08346CDE977
:108200000245239E7FB9102000F002FE0246CBF803
:108210001C0020B9EF21A84BA84801F0B9FCC0E927
:1082200001770760C760DBF81C30196859B15A68DC
:10823000012393404A608B60584600F0DFFE002225
:10824000DBF81C301A602B1EAFBF0023012223F085
:1082500000430393A8BF3360DDF80C80984BB8BF90
:10826000326033EA080312D142F20F73229A13608C
:10827000C8F31303234300F05085249BDFF844A286
:10828000002B00F052850AF1030300F04CBDDDE93C
:108290000223CDE90C23DDE90C0100220023F8F7CD
:1082A00083FB074658B10123229A1360249B13B124
:1082B000854B249A1360DFF814A200F036BD14AB8E
:1082C000019315AB00935846DDE90C2301F07EF9CC
:1082D000C8F30A568146002E77D0DDE90C010D9BCC
:1082E000A6F2FF36C3F3130343F07F5343F4401366
:1082F000129719460022764BF7F736FF68A3D3E9A9
:108300000023F8F7E9F868A3D3E90023F7F72EFF75
:10831000044630460D46F8F775F865A3D3E9002307
:10832000F8F7DAF802460B4620462946F7F71EFF13
:1083300004460D46F8F780FB00220746002320463E
:108340002946F8F73BFB40B13846F8F75BF8224680
:108350002B46F8F729FB00B9013F162F53D8DDE96A
:108360000C015C4B03EBC703D3E90023F8F726FBB2
:1083700000284AD00023013F0F93149B9B1B5A1ED9
:1083800046BFC3F1010800234FF00008099248BF1F
:108390000993002F3BDB099B0E973B440993002375
:1083A0000A93209B092B66D8052BC4BF043B20935E
:1083B000209BC8BF0024A3F10203D8BF0124032BD4
:1083C00064D8DFE803F02B383656DDE914631E4429
:1083D00006F23243202BC1BFC3F1400308FA03F871
:1083E00006F2124324FA03F3D6BFC3F1200348EA8E
:1083F000030004FA03F0F7F7F5FF0122A1F1F87387
:10840000013E129275E70123B6E70F90B5E77B4274
:108410000A930023A8EB07080E93C2E700230B93EF
:10842000219B002B35DC01231A46CDE9073321922D
:108430000BE00123F3E700230B93219BFB18089328
:108440000133012B0793B8BF012300210422DBF87D
:108450001C0002F114059D421FD94160584600F0EE
:108460008DFD8246002839D1024640F2AF111A4BE9
:10847000D2E60123E0E7012400230B9420934FF080
:10848000FF330022CDE907331223D0E701230B93FA
:10849000F5E7219BCDE90733D7E701315200D8E753
:1084A00061436F63A787D23FB3C8608B288AC63FFA
:1084B000FB799F501344D33F42CE000859CE0008A9
:1084C0000000F07F3ECE000812CE000811CE00085A
:1084D0000000F83F50CF0008B1CE0008DBF81C3098
:1084E0001860079B0E2B00F2A480002C00F0A180E6
:1084F000002F33DD864B07F00F0203EBC203F805B4
:10850000D3E90034CDE904344FEA271416D5DDE968
:108510000C01804B0326D3E90823F8F707F9CDE9CE
:10852000020104F00F047B4D54B9DDE90423DDE9B9
:108530000201F8F7FBF8CDE9020128E00226F2E794
:10854000E10708D5DDE90401D5E90023F7F7C4FF09
:10855000CDE90401013664100835E5E700F0D2806A
:10856000DDE90C017C426A4B04F00F0203EBC2030D
:10857000D3E90023F7F7B0FF02260023CDE902017B
:10858000644D2411002C40F0B280002BD3D1DDE9E2
:1085900002450F9B002B00F0B780002220462946A1
:1085A0005D4BF8F70BFA002800F0AE80079B002B1C
:1085B00000F0AA80089B002B37DD7B1E2046049329
:1085C00000222946554BF7F787FFCDE90201089CA9
:1085D00001363046F7F716FFDDE90223F7F77CFF97
:1085E00000224F4BF7F7C2FD0546A1F15076002C53
:1085F00040F09A80DDE9020100224A4BF7F7B4FD12
:1086000002460B46CDE902232A463346F8F7F4F931
:10861000002840F08E82DDE902012A4606F100437F
:10862000F8F7CCF9002840F02781DDE90C34CDE9DA
:108630000234159B002BC0F263810E2F00F3608182
:10864000334B03EBC703D3E90034CDE90434219B5A
:10865000002B03DA079B002B40F30081DDE9024584
:108660005646DDE9042320462946F8F75FF8F8F777
:10867000E3F98046F7F7C6FEDDE90423F7F72CFFA0
:1086800002460B4620462946F7F76EFD08F13004F6
:10869000079D06F8014BA6EB0A04A54202460B46CD
:1086A00040F01681F7F762FDDDE9042304460D462C
:1086B000F8F7A2F9002840F0F880DDE9042320460D
:1086C0002946F8F771F918B118F0010F40F0ED8064
:1086D0004946584600F092FC00233370229B013734
:1086E0001F60249B002B00F020831E601DE3E20727
:1086F00005D5D5E90023F7F7EFFE01230136641015
:1087000008353FE7022642E7079C049761E700BF70
:1087100050CF000828CF00080000F03F00002440A0
:1087200000001C4000001440704B0B9903EBC40385
:1087300053E902235444002945D000206C49F7F73F
:10874000F5FF33462A46F7F70FFD5646CDE91001EF
:10875000DDE90201F8F770F90546F7F753FE024626
:108760000B46DDE90201F7F7FFFC02460B46303508
:10877000CDE90223DDE9102306F8015BF8F71EF9C5
:10878000002863D1DDE9022300205A49F7F7ECFC09
:10879000DDE91023F8F712F9002840F08780A6429F
:1087A0003FF443AFDDE910010022534BF7F794FE8D
:1087B0000022CDE91001DDE902014F4BF7F78CFEF5
:1087C000CDE90201C4E731462846F7F785FE564653
:1087D000CDE910011394DDE90201F8F72DF9054602
:1087E000F7F710FE02460B46DDE90201F7F7BCFC85
:1087F00002460B46303506F8015BA642CDE902235E
:108800004FF0000224D1DDE91001394BF7F7AEFC3F
:1088100002460B46DDE90201F8F7EEF8002845D1E3
:10882000DDE9102300203249F7F79EFC02460B4693
:10883000DDE90201F8F7C2F800283FF4F6AE139E16
:10884000731E139316F8013C302BF8D0049F3FE7BA
:10885000294BF7F741FECDE90201BCE70CD1DDE978
:1088600004010022254BF7F737FEDDE90223F8F774
:10887000B9F8002800F05B8100242546219B56466C
:10888000DB43049300272146584600F0B7FB002D38
:10889000DCD02FB1AF4203D03946584600F0AEFBD2
:1088A0002946584600F0AAFBD0E7049733461E46F7
:1088B00013F8012D392A07D19A45F8D1049A0132CB
:1088C000049230228AF800201A7801321A70BDE72B
:1088D0000022094BF7F700FE0022002304460D4654
:1088E000F8F762F800283FF4BCAEF1E650CF00087C
:1088F0000000E03F0000F03F000024400000144072
:108900000B9A002A00F0DB80209A012A00F3BF8036
:10891000129A002A00F0B78003F2334346460A9CBD
:10892000099A01211A4458469844099200F01AFC09
:1089300005465EB1099B002B08DDB342A8BF334654
:10894000099AA8EB0308F61AD31A09930A9BF3B104
:108950000B9B002B00F0B7808CB12946224658466D
:1089600000F0BEFC4A4601460546584600F010FCA1
:1089700049460490584600F041FB049B99460A9BE7
:108980001A1B04D04946584600F0AAFC8146012132
:10899000584600F0E7FB0E9B0446002B00F0C9810F
:1089A0001A460146584600F09BFC209B0446012BCA
:1089B00000F38F80029B002B40F08780039BC3F362
:1089C0001303002B40F08380039B23F000431B0D17
:1089D0001B052BB1099B08F1010801330993012301
:1089E0000A930E9B002B00F0AA81236904EB8303FA
:1089F000186900F06BFBC0F12000099B184410F0CF
:108A00001F0071D0C0F12003042B65DD099BC0F16C
:108A10001C000344804406440993B8F1000F05DDAF
:108A200049464246584600F0B5FC8146099B002B5A
:108A300005DD21461A46584600F0ACFC04460F9B63
:108A4000002B53D02146484600F010FD00284DDA97
:108A50007B1E494604930A220023584600F0F0FA90
:108A60000B9B8146002B00F06C81002329460A22D3
:108A7000584600F0E5FA089B0546002B61DC209B78
:108A8000022B3BDC5DE0149BC3F1360346E7079BFA
:108A90005C1E0A9BA342BFBF0A9B0E9AE31AD21820
:108AA000A8BF1C1B079BBEBF0A940E920024002B7C
:108AB000B5BFA8EB030646460023079B30E74646B2
:108AC0000A9C0B9D35E70A9A5CE7002388E7029B26
:108AD00086E700230A9388E79FD0099A1C331A443B
:108AE00098441E44099298E70346F6E7079B0497CB
:108AF000002B20DC0893209B022B1EDD089B002B03
:108B00007FF4BCAE21460522584600F099FA014692
:108B10000446484600F0AAFC00287FF7AFAE312398
:108B2000564606F8013B049B01330493AAE6079CD2
:108B300004972546F3E7079B08930B9B002B00F057
:108B40000481002E05DD29463246584600F022FCFD
:108B500005460A9B002B5AD05846696800F00EFA69
:108B6000064628B9024640F2EF21834BFFF754BB7B
:108B70002A6905F10C01023292000C3000F0FAFF74
:108B800001223146584600F005FC2F4605460AF101
:108B900001030793089B53440B93029B03F00103CB
:108BA0000A93079B2146013B48460293FFF795FA3B
:108BB0003946089000F13008484600F057FC2A4634
:108BC00009902146584600F06DFCC268064602BB7B
:108BD0000146484600F04AFC0246314658460C928F
:108BE00000F00CFA209B0C9A079E43EA02010A9BB4
:108BF000194310D1B8F1390F29D0099B002B02DDA0
:108C0000089B03F13108029B83F800803BE628466D
:108C1000BBE70122E1E7099B002B04DB20990B4312
:108C20000A990B4320D1002AEDDD4946012258461E
:108C300000F0B0FB2146814600F018FC002803DC60
:108C4000E1D118F0010FDED0B8F1390FD8D13923B6
:108C5000029A137033461E4616F8012C013B392A3E
:108C600052D001321A700EE6002A07DDB8F1390F32
:108C7000EDD0029A08F10103137004E6079B079AEE
:108C800003F8018C0B9B934228D0494600230A220B
:108C9000584600F0D5F9AF4281464FF000034FF03F
:108CA0000A023946584607D100F0CAF90746054678
:108CB000079B0133079374E700F0C2F92946074682
:108CC00000230A22584600F0BBF90546F0E7089B4E
:108CD0000027002BCCBF1E460126564449460122E0
:108CE000584600F057FB2146814600F0BFFB0028A4
:108CF000B0DC02D118F0010FACD133461E4613F898
:108D0000012D302AFAD0BEE59A45A4D1049B013347
:108D1000049331238AF80030B5E5249BDFF85CA08A
:108D20001BB10AF10803249A1360504617B0BDE83E
:108D3000F08F209B012B7FF73DAE0E9B0A93012005
:108D40005BE6089B002B7FF7D6AE56462146484689
:108D5000FFF7C3F900F13008089B06F8018BA6EB7A
:108D60000A029342B3DD494600230A22584600F026
:108D700067F98146EAE700BFB1CE000835CE0008AA
:108D800038B50546002940D051F8043C0C1F002B93
:108D9000B8BFE41800F0E6F81C4A136833B9636002
:108DA00014602846BDE8384000F0E2B8A34208D974
:108DB000206821188B4201BF19685B68091821607F
:108DC000EDE71A465B680BB1A342FAD91168501857
:108DD000A0420BD120680144501883421160E0D1B9
:108DE00018685B68084410605360DAE702D90C2306
:108DF0002B60D6E7206821188B4201BF19685B6899
:108E00000918216063605460CBE738BDD80A0020A0
:108E1000024B0146186800F025B800BF9000002002
:108E200070B50F4E0C463168054611B900F092FE40
:108E300030602146284600F08DFE431C03D14FF0E0
:108E4000FF34204670BDC41C24F00304A042F8D0B7
:108E5000211A284600F07EFE0130F2D1EFE700BF74
:108E6000D40A00202DE9F843CD1C25F00305083570
:108E70000C2D38BF0C25002D064601DBA94204D974
:108E80000C2333600020BDE8F883DFF8D48000F0C5
:108E900069F8D8F800301C4644BB29463046FFF735
:108EA000BFFF431C044658D1D8F800402746002F86
:108EB00043D1002C4BD023683946304604EB0309DC
:108EC00000F048FE814542D1216830466D1A29469E
:108ED000FFF7A6FF01303AD023682B442360D8F86F
:108EE00000305A6862BBC8F800700FE02268521B5D
:108EF00020D40B2A17D96119A342256018BF5960E5
:108F0000636808BFC8F8001062514B60304600F03B
:108F10002FF804F10B00231D20F00700C21A1CBF1C
:108F20001B1AA350AFE76268A3420CBFC8F8002029
:108F30005A60EBE723466468AEE73C467F68B6E7D5
:108F40001A465B68A342FBD100235360DEE70C2383
:108F50003046336000F00CF894E70560D6E700BFB8
:108F6000D80A00200148FFF7A8B800BFD00A0020A7
:108F70000148FFF7A3B800BFD00A002070B5C6694A
:108F800004460D4676B91020FFF742FF0246E06125
:108F900020B96B21174B184800F0FAFDC0E90166B3
:108FA0000660C660E669F36883B1E369DB6853F87D
:108FB0002500B8B9012101FA05F6721D204692007C
:108FC00000F004FE60B1C0E901560EE02122042148
:108FD000204600F0FBFDE369F060DB68002BE4D184
:108FE000002070BD026843F825200023C0E9033348
:108FF000F7E700BF42CE0008C2CE000870B5C669D0
:1090000005460C4676B91020FFF702FF0246E861DC
:1090100020B98F21084B094800F0BAFDC0E901666C
:109020000660C6603CB1EB696268DB6853F82210E9
:10903000216043F8224070BD42CE0008C2CE000835
:109040002DE9F04107460C461E4600200D6901F14E
:10905000140CDCF80030013099B202FB01611E0CE7
:109060000B0C02FB063389B201EB034185424FEA48
:1090700013464CF8041BECDC0EB3A368AB4219DCBE
:10908000616838460131FFF779FF804628B902460A
:10909000BA210C4B0C4800F07BFD226904F10C0155
:1090A000023292000C3000F065FD21463846FFF791
:1090B000A5FF444604EB850301355E61256120462A
:1090C000BDE8F081B1CE0008C2CE00080346B0F57D
:1090D000803F3ABF030410200020B3F1807F3CBFE3
:1090E0001B020830B3F1805F3CBF1B010430B3F1B9
:1090F000804F3CBF9B000230002B05DB13F0804FFC
:1091000000F1010008BF202070470368024613F0F9
:1091100007000BD0D90721D4980749BF5B089B08EB
:10912000012013605CBF02201360704799B209B937
:1091300010201B0CD9B209B908301B0A190704BF4B
:109140001B090430990704BF9B080230D90703D4D8
:109150005B0800F1010003D01360704700207047E6
:109160002020704710B50C460121FFF707FF02468B
:1091700028B940F24511044B044800F009FD0123D1
:109180004461036110BD00BFB1CE0008C2CE00082B
:109190002DE9F04F14460A6923690F469A42A2BF8F
:1091A00023460C461F46D4F810A0D7F81090A368A9
:1091B00061680AEB0906B34285B0B8BF0131FFF719
:1091C000DDFE30B902464FF4B171434B434800F025
:1091D000DFFC00F114052B46002205EB8608434511
:1091E00021D307F1140104F1140202EB8A0201EB0E
:1091F00089030293131B153B23F00303043304F18B
:109200001507BA4238BF04230193029B03918B4296
:109210000CD8002E03DD58F8043D002B5AD006610F
:1092200005B0BDE8F08F43F8042BD8E7B1F800A0F3
:10923000BAF1000F23D0A9464FF0000C04F1140E30
:109240005EF8047BD9F800301FFA87FB9BB20AFB5B
:109250000B336344D9F800C03F0C4FEA1C4C0AFBA7
:1092600007C707EB13479BB243EA074372454FEA30
:10927000174C49F8043BE3D8019B45F803C0039B16
:109280000431B3F80290B9F1000F21D0AE464FF08F
:10929000000A2B6804F1140CBCF800B0BEF8027090
:1092A0009BB209FB0B77574443EA07434EF8043B54
:1092B0005CF8043B4FEA134ABEF80030624509FBF4
:1092C0000A3303EB17434FEA134AE5D8019FEB51EA
:1092D00004359AE7013E9CE7B1CE0008C2CE0008F3
:1092E0002DE9F843154612F0030207460E4607D053
:1092F000254C013A002354F82220FFF7A1FE064630
:10930000AD103DD0FC697CB91020FFF781FD02460D
:10931000F86128B940F2B3111C4B1D4800F038FC2D
:10932000C0E901440460C460D7F81C80D8F8084044
:109330004CB940F271213846FFF714FF0023044670
:10934000C8F8080003604FF00009EB070AD5314662
:1093500022463846FFF71CFF804631463846FFF765
:109360004DFE46466D100BD0206838B92246214686
:109370003846FFF70DFF2060C0F800900446E4E790
:109380003046BDE8F88300BF1CCF000842CE00087D
:10939000C2CE00082DE9F0470C46074691462369E6
:1093A000496803EB6218A3684FEA621A08F10106E4
:1093B000B3420BDB3846FFF7E1FD054648B90246EC
:1093C0004FF4EF71274B284800F0E2FB01315B00BE
:1093D000EEE7002300F1140100F110021846534596
:1093E00033DB20692AEAEA7A04F1140319F01F0931
:1093F00001EB8A0103EB800C2BD08A460022C9F1D5
:10940000200E186800FA09F010434AF8040B53F8CC
:10941000042B9C4522FA0EF2F3D8ACEB0403153B67
:1094200023F00303043304F11500844538BF0423FB
:10943000CA500AB108F10206013E384621462E61A3
:10944000FFF7DCFD2846BDE8F08742F8040F013342
:10945000C5E7043953F8042B9C4541F8042FF9D88B
:10946000EAE700BFB1CE0008C2CE000803460A6991
:10947000006930B5801A0ED11433143103EB820425
:1094800001EB820154F8045D51F8042D954203D09C
:1094900005D24FF0FF3030BDA342F3D3FBE70120EC
:1094A000F9E700002DE9F74F894606461146484680
:1094B0001446FFF7DBFF051E12D129463046FFF7A1
:1094C0005DFD024628B940F237213E4B3E4800F090
:1094D0005FFB0123C0E90435104603B0BDE8F08FFF
:1094E000BCBF4B46A1463046D9F80410BABF1C4653
:1094F00001250025FFF742FD024618B940F245213B
:10950000304BE3E700F1140BD9F8107009F11003A8
:10951000C5604FF0000C09F11405D946266904F125
:10952000140E05EB87080EEB86060193019B5EF88F
:10953000040B53F804AF81B201931FFA8AF35B1A4C
:10954000000C6344C0EB1A4000EB23409BB243EA9B
:10955000004376454FEA204C49F8043BE6D8331BDC
:10956000153B23F0030315340433A64238BF04230C
:109570001D445B441E462C4644450ED308F10301AE
:10958000491B21F00301033DA84538BF00210B44CE
:1095900053F8041D99B117619EE7E64654F8041B81
:1095A0001FFA81FCF444080C714400EB2C4089B292
:1095B00041EA00414FEA204C46F8041BDCE7013F3A
:1095C000E6E700BFB1CE0008C2CE00082DE9734324
:1095D000012190469946089EFFF7D0FC044630B919
:1095E000024640F20F31234B234800F0D1FAC9F371
:1095F0000A55C9F313030DB143F480130193B8F175
:10960000000324D068460093FFF77FFDDDE90012D8
:10961000D8B1C0F1200302FA03F30B43C2406361E7
:109620000192019B002B0CBF01220222A361226147
:10963000ADB1A5F2334505443560C0F13500099B55
:109640001860204602B0BDE870836161E9E701A8B7
:10965000FFF75BFD019B012263612030E7E7A0F289
:10966000324004EB820330601869FFF72FFDC0EB36
:109670004210E4E7B1CE0008C2CE0008936810B4EF
:10968000013B002B936007DA9469A34201DB0A29AE
:1096900002D110BCFEF7EFBB1368581C10601970A4
:1096A000084610BC7047F8B506460F461446D51854
:1096B000AC4201D1002007E03A46304614F8011BC5
:1096C000FFF7DCFF431CF3D1F8BD00002DE9F04F9C
:1096D0000D461446984606469DB018B1036A0BB96C
:1096E000FEF72CFA6B6ED90705D4AB899A0502D424
:1096F000A86DFEF7E2FCAB891B0701D52B699BB96E
:1097000029463046FEF7F6FB70B16B6EDC0704D5D8
:109710004FF0FF301DB0BDE8F08FAB899805F7D44E
:10972000A86DFEF7CBFCF3E70023099320238DF807
:10973000293030234FF00109CDF80C80DFF8A881E3
:109740008DF82A3023469A4613F8012B0AB1252AB0
:10975000F9D1BAEB040B0BD05B46224629463046C2
:10976000FFF7A1FF013000F0A780099A5A4409923F
:109770009AF80030002B00F09F8000234FF0FF325A
:10978000CDE905230AF1010A049307938DF85330BC
:109790001A935446052214F8011B5348FEF78FFC18
:1097A000049AD8B9D10644BF20238DF8533013074B
:1097B00044BF2B238DF853309AF800302A2B15D054
:1097C000544600204FF00A0C079A214611F8013B3D
:1097D000303B092B4BD9B0B1079214E0A0EB080342
:1097E00009FA03F31343A2460493D2E7039B191D1E
:1097F0001B680391002BBBBF5B4242F00202079340
:109800000793B8BF049223782E2B0AD163782A2BB2
:1098100032D1039B02341A1D1B68039243EAE3739F
:109820000593DFF8C8A0032250462178FEF747FCD5
:1098300038B14022049BA0EB0A008240134301345C
:10984000049314F8011B062229488DF82810FEF70E
:1098500036FC00283FD0274B1BBB039B073323F06C
:10986000070308330393099B3B4409936AE70C46BB
:1098700001200CFB0232A8E700234FF00A0C194626
:1098800001340593204610F8012B303A092A03D9F8
:10989000002BC6D00591C4E7044601230CFB01212F
:1098A000F0E703AB00932A463046134B04A9FDF7BB
:1098B000FBFC0746781CD6D16B6ED90705D4AB8963
:1098C0009A0502D4A86DFEF7F9FBAB895B063FF55C
:1098D0001FAF09981EE703AB00932A463046064B9C
:1098E00004A9FDF77FFFE4E718D000081ED00008A8
:1098F00022D00008A9720008A7960008B1F90C2030
:10990000F8B5160705460C4654D44B68002B02DC0C
:109910000B6C002B48DDE66A002E45D0002312F4C4
:1099200080522F68216A2B6030D0626DA38959075D
:1099300005D56368D21A636B0BB1236CD21A00236E
:109940002846E66A216AB047431CA38906D12968E4
:109950001D292BD8284A0A41D60727D40022626045
:109960002269D904226004D5421C01D12B6803B9B5
:109970006065616B2F60B9B104F14403994202D074
:109980002846FFF7FDF9002363630DE00123284615
:10999000B0470246501CC9D12B68002BC6D01D2BE6
:1099A00001D0162B1DD12F60002021E043F0400391
:1099B0001BB21AE00F69002FF6D0930718BF0023DF
:1099C0000E6808BF4B69F61B0F608B60002EEBDD45
:1099D00033463A462846216AD4F828C0E047002892
:1099E00007DCB4F90C3043F040034FF0FF30A381A3
:1099F000F8BD0744361AE9E7FEFFBFDF38B50B694B
:109A000005460C4613B90025284638BD18B1036A2F
:109A10000BB9FEF793F8B4F90C30002BF3D0626E5B
:109A2000D00704D4990502D4A06DFEF746FB284662
:109A30002146FFF763FF636E0546DA07E4D4A38986
:109A40009B05E1D4A06DFEF739FBDDE770B50C4650
:109A5000B1F90E10154600291E4696B00CDAA389FE
:109A6000002113F0800F14BF40234FF480630020C7
:109A700031602B6016B070BD6A4600F049F80028CE
:109A8000EDDB019901F47041A1F5005359425941B0
:109A90004FF48063EBE78B89F7B59D0706460C46CC
:109AA00007D504F14703236023610123636103B0F9
:109AB000F0BD6A4601ABFFF7C9FF009F0546394676
:109AC0003046FFF7CFF948B9B4F90C309A05EED417
:109AD00023F0030343F00203A381E2E7A389C4E96F
:109AE000040743F08003A381019B20605BB13046F3
:109AF000B4F90E1000F01EF828B1A38923F0030377
:109B000043F00103A381A3891D43A581CFE7000092
:109B100038B50023064D0446084611462B60FBF776
:109B20009BFA431C02D12B6803B1236038BD00BFF0
:109B3000CC0A002038B50023054D044608462B60AA
:109B4000FBF738FA431C02D12B6803B1236038BD00
:109B5000CC0A002038B50023054D044608462B608A
:109B6000FBF7C2FA431C02D12B6803B1236038BD56
:109B7000CC0A00200A44914200F1FF3300D1704723
:109B800010B511F8014B914203F8014FF9D110BD06
:109B90001FB514461A46094B05461B68D86854B9C8
:109BA000074B1C46CDE9013400912B46054900F0D6
:109BB00041F800F051F8044BF4E700BF900000209A
:109BC00041BF00083ED0000831D0000870B5A1FBAD
:109BD00002543CB92946FFF745F9064628B9002644
:109BE000304670BD0C220260F9E72A462146FEF796
:109BF000E7F9F5E782B001B901A942B14BB1137899
:109C00000B601278101E18BF012002B0704710467A
:109C1000FBE76FF00100F8E70346084641B1FF2A71
:109C200004D98A224FF0FF301A60704701200A7071
:109C3000704700000EB403B5014603AB054853F866
:109C4000042B00680193FFF741FD02B05DF804EBBF
:109C500003B0704790000020062008B500F02CF8F3
:109C6000012001F019FC1F2938B505460C4604D91E
:109C7000162303604FF0FF3038BDC26B12B152F8AB
:109C800021304BB9284600F031F8224601462846DB
:109C9000BDE8384000F018B8012B0AD0591C03D198
:109CA000162303600120E7E70021204642F8241034
:109CB00098470020E0E70000024B01461868FFF7D4
:109CC000D2BF00BF9000002038B50023064D0446E7
:109CD000084611462B6001F0D7FB431C02D12B68CC
:109CE00003B1236038BD00BFCC0A002001F0C4BB23
:109CF000F8B504460D4600F0C3F8224606460F4666
:109D00002B4620462946F6F781FE88B9204629468B
:109D100000F080F80022084BF6F76EFE40B1FEF727
:109D2000A1F9212303600548BDE8F84000F07CB8A4
:109D300030463946F8BD00BF0000F03F41BF000883
:109D400000F09ABA2DE9F84314461D46804689462C
:109D500000F066FB224606460F462B462046294663
:109D6000F6F754FEC8BB0022002340464946F6F7EA
:109D70001BFEB8B10022002320462946F6F714FE48
:109D8000002841D12046294600F048F828B3002297
:109D9000002320462946F6F711FEF0B1FEF762F9DE
:109DA000222319E03046394600F038F8C8B9404659
:109DB000494600F033F8A0B12046294600F02EF8BD
:109DC00078B132463B4630463946F6F71FFE00284A
:109DD000E4D0FEF747F92123036030463946BDE859
:109DE000F8830022002330463946F6F7DDFD0028CF
:109DF000F3D04046494600F011F80028EDD0204647
:109E0000294600F00BF8C8E70026014FE5E700BF40
:109E10000000F03F21F000431946704741F0004038
:109E200000F58010C00F704700200149704700BF47
:109E30000000F87FC0F3C7537F3B162B014610B5D7
:109E400014DC002B07DA013300F0004101D141F0AE
:109E50007E51084610BD084A1A410242F9D04FF41B
:109E600080011941014421EA0201F2E7802BF0D17F
:109E7000F6F760FE0146ECE7FFFF7F000000000000
:109E80002DE9F04FC44B21F0004687B09E420446B6
:109E90000D46019129D906F1404606F58016064384
:109EA00014D1A3A3D3E90023F6F716FBA2A3D3E9A9
:109EB000002306460F4620462946F6F70DFB0246CC
:109EC0000B4630463946F6F751F907E002460B4695
:109ED000F6F74AF902460B46F6F728FC04460D460B
:109EE0002046294607B0BDE8F08FAC4B9E420ED805
:109EF000B6F1795F80F0AB8091A3D3E90023F6F748
:109F000035F90022A64BF6F777FD0028E8D1204668
:109F10002946FFF77FFF02460B460020A049F6F7CF
:109F200023F900229F4BF6F7D7FA87A3D3E9002342
:109F300004460D46F6F7D0FA85A3D3E90023F6F7D9
:109F400015F922462B46F6F7C7FA83A3D3E9002377
:109F5000F6F70AF922462B46F6F7BEFA80A3D3E9B4
:109F60000023F6F703F922462B46F6F7B5FA7EA34F
:109F7000D3E90023F6F7F8F822462B46F6F7ACFAB9
:109F80007BA3D3E90023F6F7F1F822462B46F6F738
:109F9000A3FA79A3D3E90023CDE90201204629469B
:109FA000F6F79AFA76A3D3E90023F6F7DDF822460E
:109FB0002B46F6F791FA74A3D3E90023F6F7D6F807
:109FC00022462B46F6F788FA71A3D3E90023F6F769
:109FD000CBF822462B46F6F77FFA714B0022F6F7B4
:109FE000C5F8CDE904012046294601F06FF96E4B12
:109FF00082469E428B4640F2D980DDE90423DDE9AA
:10A000000201F6F793FB52465B46F6F765FA5246B5
:10A010005B46F6F7ABF802460B46F6F7A7F846A301
:10A02000D3E90023F6F7A0F802460B4640A1D1E998
:10A030000001F6F799F8019B0446002BDCBF0246AD
:10A0400001F100430D46DCBF14461D4648E70246B9
:10A050000B46F6F741FA3CA3D3E9002306460F4628
:10A06000F6F73AFA3AA3D3E90023F6F77FF8324637
:10A070003B46F6F731FA38A3D3E90023F6F774F834
:10A0800032463B46F6F728FA35A3D3E90023F6F724
:10A090006DF832463B46F6F71FFA33A3D3E90023A7
:10A0A000F6F762F832463B46F6F716FA30A3D3E9E4
:10A0B0000023F6F75BF832463B46F6F70DFA2EA37F
:10A0C000D3E900238046894630463946F6F704FA3C
:10A0D0002BA3D3E90023F6F747F832463B46F6F7C1
:10A0E000FBF929A3D3E90023F6F740F832463B46B3
:10A0F000F6F7F2F926A3D3E90023F6F735F832464E
:10A100003B46F6F7E9F90022254BF6F72FF8024611
:10A110000B4640464946F6F709FB22462B46F6F722
:10A12000DBF902460B4620462946CCE6AFF3008019
:10A13000182D4454FB21F93F075C143326A6913CAB
:10A140009C7500883CE4377E09F7FD0DE13D023F38
:10A1500088B20175E0EF493F3B8F68B52882A43F84
:10A160005544880E55C1C93F7D6FEB0312D6D43FCD
:10A17000555555555555C53F82922EB1C5B8B33F7B
:10A1800059018D1B6C06E63FC88A599CE52A0040A0
:10A190004B2D8A1C273A0340FFFFEF3FFFFFDF3FB5
:10A1A0000000F03F0000E03F3233EF3F02460B4635
:10A1B000F5F7DCFFDDE9042306460F46DDE9020181
:10A1C000F6F7B4FA02460B4630463946F6F784F9FC
:10A1D0004FF0000806460F4642465B464046594649
:10A1E000F6F77AF902460B4620462946F5F7BCFFFA
:10A1F000424604460D465B4650465946F5F7B6FFC3
:10A2000002460B4620462946F6F790FA02460B46D0
:10A21000F5F7ACFF02460B4613A1D1E90001F5F7B3
:10A22000A3FF02460B4630463946F5F79DFF4246EE
:10A2300004460D465B4640465946F5F797FF0246F1
:10A240000B460BA1D1E90001F5F78EFF02460B4644
:10A2500020462946F5F788FF02460B4604A1D1E9BE
:10A260000001E6E6AFF30080075C143326A6913CBC
:10A27000182D4454FB21E93F2DE9F84F174690462D
:10A28000994623F000427B42DFF884A13B4342EA37
:10A29000D373534504460D4609D8464221F0004386
:10A2A000064343EAD67656458E46834608D942464B
:10A2B0004B4620462946F5F759FF04460D4616E061
:10A2C00009F1404606F580163E4303D1BDE8F84F3C
:10A2D00000F0CEBD4FEAA97606F0020653EA0B0B5A
:10A2E00046EAD17607D1022E64D0032E66D02046EE
:10A2F0002946BDE8F88F174306D1BEF1000F68DA92
:10A3000037A5D5E90045F2E752450FD1934206F152
:10A31000FF3607D1022E55D83E4B03EBC603D3E9D7
:10A320000045E4E7022E51D83B4BF6E75345E4D015
:10A330009B1AB3F1747F4FEA235221DAB9F1000F6F
:10A3400001DA3C3220DB42464B4620462946F6F7EE
:10A35000EDF9FFF75FFD00F08BFD04460D46012E81
:10A3600015D0022E17D0002EC1D01FA3D3E9002391
:10A3700020462946F5F7F8FE1DA3D3E9002316E091
:10A380001DA5D5E90045EAE700240025E7E705F12A
:10A3900000431D46ABE714A3D3E90023204629461A
:10A3A000F5F7E2FE02460B4611A1D1E90001F5F7EF
:10A3B000DBFE82E70EA5D5E9004598E710A5D5E9B3
:10A3C000004594E710A5D5E9004590E70024002555
:10A3D0008DE709A5D5E9004589E700BFAFF3008007
:10A3E000182D4454FB21F9BF075C143326A6A13C69
:10A3F000182D4454FB210940182D4454FB21F93FEA
:10A40000182D4454FB2109C0182D4454FB21E93F69
:10A410000000F07F88D1000870D100080000000023
:10A420002DE9F04F91B0CDE900238B46DDE900180E
:10A4300028F00047824657EA010012D153468BF4B8
:10A440000022DB1852419842914B934180F0CE8418
:10A45000DDE9002350465946F5F788FE11B0BDE806
:10A46000F08F8C4B2BF000469E425D46D14607D8BC
:10A4700002D1BAF1000FEBD19F4201D80FD171B1D7
:10A4800005F1404505F5801555EA0905E0D1DDE9FE
:10A490000032DB1882F4002252419D42D4E7002DA5
:10A4A000334639DA7C4A97424ED8A2F15472974229
:10A4B00040F2AB843A15A2F2FF32142A0FDDC2F14A
:10A4C000340221FA02F404FA02F28A4240F09D8436
:10A4D00004F00104C4F1020400295AD10EE000295D
:10A4E00056D1C2F1140247FA02F404FA02F2BA4257
:10A4F00040F0888404F00104C4F10204674A9742E2
:10A5000030D1B8F1000F80F2798452465B460020CA
:10A510006249F6F70BF9A1E70024002939D15D4A19
:10A520009742EBD106F1404303F5801353EA090348
:10A5300000F05C845A4B9E4208D9B8F1000FC0F27B
:10A540005984DDE9000189E70224E6E7B8F1000F4C
:10A550004FF000004FF0000180DADDE9000303F165
:10A5600000417BE7B8F1804F06D152465B4650462A
:10A570005946F5F7B1FF71E74A4A904509D1002DD8
:10A5800007DB5046594611B0BDE8F04F00F09EBEC3
:10A590000024504659460293FFF73CFC029BB9F158
:10A5A000000F27D13D4A25F0404C944500D00EBB0A
:10A5B000B8F1000F05DA02460B4600203749F6F7DE
:10A5C000B5F8002DBFF64AAF06F1404606F58016F5
:10A5D000264308D102460B4610461946F5F7C4FD3E
:10A5E00002460B4695E7012C7FF438AF01F100439A
:10A5F000194633E7EA0F013A52EA040C02D15246F7
:10A600005B46E9E74FF00009013C144314BFDFF853
:10A610008CA0DFF894A0B7F1844FCDE9029A40F204
:10A620000781224B9F421E4B13D99E4208D8B8F196
:10A63000000F08DA002011B0BDE8F04F00F040BE76
:10A64000B8F1000FF6DC002011B0BDE8F04F00F0CB
:10A6500032BE9E420CD2DDE9020100220023F6F751
:10A66000ADF9003818BF0120B8F1000FECDAE2E7CD
:10A670000A4B00229E421BD9DDE902010023F6F7B6
:10A680009DF9003818BF0120B8F1000FD3DCDBE7DB
:10A690000000F0FF0000F07FFFFF3F430000F03FAD
:10A6A000FFFFEF3F0000E03F0000F0BF0000F0437D
:10A6B0005B4BF5F759FD52A3D3E9002304460D4641
:10A6C000F5F70AFF50A3D3E9002306460F462046BC
:10A6D0002946F5F701FF002282468B46204629468F
:10A6E000504BF5F7F9FE02460B4649A1D1E90001AE
:10A6F000F5F73AFD22462B46F5F7EEFE02460B46ED
:10A7000000204949F5F730FD2246804689462B4610
:10A7100020462946F5F7E0FE02460B4640464946EC
:10A72000F5F7DAFE3CA3D3E90023F5F7D5FE0246A0
:10A730000B4650465946F5F717FD002402460B46D6
:10A740008046894630463946F5F710FD32463B468D
:10A7500020460D46F5F708FD02460B4640464946A1
:10A76000F5F702FDDDE90023CDE90423002304937E
:10A77000DDE904AB06460F46DDE9000152465B46C3
:10A78000F5F7F2FC22462B46F5F7A6FEDDE900239D
:10A790008046894630463946F5F79EFE02460B460E
:10A7A00040464946F5F7E2FC52465B4606460F46F0
:10A7B00020462946F5F790FE0B460246804689461C
:10A7C00030463946F5F7D2FC184B044699420D46FF
:10A7D0008A468B4640F3E08201F13F4303F5E003F4
:10A7E000034300F0DF81DDE9020100220023F6F7D8
:10A7F000E5F8003818BF01201DE700BFAFF3008067
:10A80000000000604715F73F44DF5DF80BAE543E93
:10A81000555555555555D53FFE822B654715F73F84
:10A820000000F03F0000D03F0000E03FFFFF8F40FE
:10A83000D34A2A40002A40F07A81D24B0022F5F711
:10A840004BFE6FF034040B461A15A2F2FF3222447D
:10A850000A92CD4AC3F3130343F07F55934245F464
:10A86000401508DDC94A934240F363810A9BA5F570
:10A87000801501330A930026F3000B93C44B29463D
:10A8800003EBC603D3E900341A46CDE90834234666
:10A890008246F5F769FC52462B46CDE90C01DDE90D
:10A8A0000801F5F763FC02460B460020B949F5F7AD
:10A8B0003DFF02460B46CDE90E01DDE90C01F5F73F
:10A8C0000BFECDE90601DDE90634CDE904340023B1
:10A8D0000022AB466D1045F00055049305F50025A8
:10A8E000DDE9048905EB86434046494614461D468A
:10A8F000F5F7F2FD02460B46DDE90C01F5F734FCF5
:10A90000DDE9082306460F4620462946F5F72CFCCC
:10A9100002460B4650465946F5F726FC42464B4642
:10A92000F5F7DAFD02460B4630463946F5F71CFCD2
:10A93000DDE90E23F5F7D0FDDDE90623CDE90801B9
:10A9400010461946F5F7C8FD7BA3D3E9002304465A
:10A950000D46F5F7C1FD7AA3D3E90023F5F706FC10
:10A9600022462B46F5F7B8FD77A3D3E90023F5F788
:10A97000FDFB22462B46F5F7AFFD75A3D3E9002377
:10A98000F5F7F4FB22462B46F5F7A6FD72A3D3E9B3
:10A990000023F5F7EBFB22462B46F5F79DFD70A350
:10A9A000D3E90023F5F7E2FB224606460F462B4685
:10A9B00020462946F5F790FD02460B4630463946BB
:10A9C000F5F78AFD04460D46DDE9060142464B4691
:10A9D000F5F7CCFBDDE90823F5F77EFD22462B4693
:10A9E000F5F7C4FB424682468B464B4640464946F5
:10A9F000F5F772FD0022684B06460F46F5F7B6FBE9
:10AA000052465B46F5F7B2FB00240D4622460B4644
:10AA100040464946F5F760FD0022804689462046BB
:10AA200029465D4BF5F7A0FB32463B46F5F79CFB0C
:10AA300002460B4650465946F5F796FBDDE90623DC
:10AA4000F5F74AFD224606460F46DDE908012B468A
:10AA5000F5F742FD02460B4630463946F5F786FBD0
:10AA6000002406460F4602460B4640464946F5F787
:10AA70007DFB3DA3D3E9002320460D46F5F72CFDD1
:10AA800042464B46CDE9060120462946F5F76CFBC8
:10AA900002460B4630463946F5F766FB34A3D3E948
:10AAA0000023F5F719FD34A3D3E9002306460F462A
:10AAB00020462946F5F710FD02460B46304639463A
:10AAC000F5F754FB0B9A354B00241344D3E90023CC
:10AAD000F5F74CFB82460A988B46F5F793FC064641
:10AAE0000F460B9A2E4B1344D3E900895246DDE9F9
:10AAF00006015B46F5F73AFB42464B46F5F736FB57
:10AB000032463B46F5F732FB32463B4620460D4681
:10AB1000F5F72AFB42464B46F5F726FBDDE906230F
:10AB2000F5F722FB02460B465046594618E600242C
:10AB30008AE60126A0E600BFEF4E454A287ECA3FBE
:10AB400065DBC9934A86CD3F01411DA96074D13FA1
:10AB50004D268F515555D53FFFAB6FDBB66DDB3FB3
:10AB6000033333333333E33F000000E009C7EE3FE4
:10AB7000FD033ADC09C7EE3FF5015B14E02F3EBE52
:10AB80000000F07F000040438E98030079B60B0070
:10AB9000C0D100080000F03F00000840A0D100082C
:10ABA000B0D100089AA3D3E9002330463946F5F71F
:10ABB000DDFA4246CDE900014B4620462946F5F72D
:10ABC000D3FA02460B46DDE90001F5F715FF002830
:10ABD0007FF409AE4FF480134FEA2A5AAAF2FE3AE4
:10ABE00043FA0AFADA44CAF30A519B48A1F2FF3148
:10ABF000084100EA0A03CAF3130AC1F114014AF436
:10AC0000801A40464AFA01FABBF1000F49464FF05C
:10AC10000002B8BFCAF1000AF5F7A6FA80468946D5
:10AC2000002432463B4640464946F5F79FFA7AA350
:10AC3000D3E9002320460D46F5F74EFC42464B462D
:10AC4000CDE9000120462946F5F78EFA02460B466B
:10AC500030463946F5F788FA71A3D3E90023F5F7B2
:10AC60003BFC71A3D3E90023804689462046294650
:10AC7000F5F732FC02460B4640464946F5F776FAB0
:10AC800004460D4602460B46DDE90001F5F76EFA73
:10AC9000DDE9002380468946F5F766FA02460B4651
:10ACA00020462946F5F760FA424606460F464B46CF
:10ACB00040464946F5F710FC5DA3D3E9002304465E
:10ACC0000D46F5F709FC5CA3D3E90023F5F74CFA30
:10ACD00022462B46F5F700FC59A3D3E90023F5F7EC
:10ACE00045FA22462B46F5F7F7FB57A3D3E9002395
:10ACF000F5F73AFA22462B46F5F7EEFB54A3D3E9D3
:10AD00000023F5F733FA22462B46F5F7E5FB02461A
:10AD10000B4640464946F5F727FA04460D460246DB
:10AD20000B4640464946F5F7D7FB0022CDE9000126
:10AD30004FF0804320462946F5F716FA02460B46A7
:10AD4000DDE90001F5F7F2FC324604460D463B46CC
:10AD500040464946F5F7C0FB32463B46F5F706FA52
:10AD600002460B4620462946F5F7FEF942464B4679
:10AD7000F5F7FAF902460B4600203849F5F7F4F9E1
:10AD800001EB0A54B4F5801F2EDA524600F000FAA7
:10AD9000DDE90223FFF7EDBB314C21F00043A34274
:10ADA0001AD9304B0B44034309D0DDE902010022DC
:10ADB0000023F5F703FE003818BF012044E44246A3
:10ADC0004B46F5F7D1F932463B46F5F70BFE002826
:10ADD000EBD1DFF894A0FDE69A46244B9A453FF666
:10ADE000F9AEDDF810A01BE72146D1E700201B4992
:10ADF000FFF734BB00200021FFF730BB5046594617
:10AE0000FFF72CBB0C46FFF779BB0024FFF764BBB0
:10AE1000FE822B654715973C00000000432EE63F5D
:10AE2000EF39FAFE422EE63F396CA80C615C20BE79
:10AE3000D0A4BE726937663EF16BD2C541BDBB3E40
:10AE40002CDE25AF6A56113F93BDBE166CC1663F1E
:10AE50003E5555555555C53F0000F0FF0000F03FE9
:10AE6000FFCB904000346F3F00CC90400000E03FAB
:10AE70002DE9F84FBC4B21F000469E4204460D469A
:10AE80008B4618D9B94B9E4201D809D140B1224610
:10AE90002B4620462946F5F769F904460D4606E09B
:10AEA000BBF1000F40F3238193A5D5E9004520466F
:10AEB0002946BDE8F88FAE4B9E4211D8A3F1DE7350
:10AEC0009E420AD88EA3D3E90023F5F74FF900225A
:10AED000A84BF5F791FD0028E9D14FF0FF3A27E0A4
:10AEE000FEF798FFA44B04469E420D4600F2B88040
:10AEF000A3F550239E4200F29C8002460B46F5F7D4
:10AF000035F900229B4BF5F72FF9002206460F4634
:10AF10004FF0804320462946F5F728F902460B46B4
:10AF200030463946F5F702FC4FF0000A04460D465C
:10AF300022462B4620462946F5F7CEFA02460B4616
:10AF400080468946F5F7C8FA6FA3D3E90023064681
:10AF50000F46F5F7C1FA6EA3D3E90023F5F706F91A
:10AF600032463B46F5F7B8FA6BA3D3E90023F5F771
:10AF7000FDF832463B46F5F7AFFA69A3D3E9002363
:10AF8000F5F7F4F832463B46F5F7A6FA66A3D3E99F
:10AF90000023F5F7EBF832463B46F5F79DFA64A33C
:10AFA000D3E90023F5F7E2F842464B46F5F794FA69
:10AFB00061A3D3E900238046894630463946F5F738
:10AFC0008BFA5FA3D3E90023F5F7CEF832463B4670
:10AFD000F5F782FA5CA3D3E90023F5F7C5F832460A
:10AFE0003B46F5F779FA5AA3D3E90023F5F7BCF805
:10AFF00032463B46F5F770FA57A3D3E90023F5F73D
:10B00000B3F832463B46F5F767FA02460B46404630
:10B010004946F5F7ABF822462B46F5F75DFABAF14B
:10B02000FF3F02460B4644D120462946F5F79CF8DF
:10B0300033E700224F4BF5F797F8002206460F46FC
:10B04000204629464B4BF5F791F802460B46304611
:10B050003946F5F76BFB4FF0010A04460D4667E7EA
:10B06000464B9E421AD20022454BF5F77DF800224E
:10B0700006460F4620462946414BF5F72DFA002299
:10B080003C4BF5F773F802460B4630463946F5F768
:10B090004DFB4FF0020A04460D4649E702460B46B7
:10B0A00000203849F5F742FB4FF0030A04460D46ED
:10B0B0003EE7354B354E03EBCA03D3E90023F5F7E2
:10B0C00053F822462B46F5F74FF806EBCA06024620
:10B0D0000B46D6E90001F5F747F8BBF1000F04462F
:10B0E0000D46BFF6E4AE01F100431D46DFE61CA5A8
:10B0F000D5E90045DBE600BF182D4454FB21F93F9C
:10B100009C7500883CE4377E11DA22E33AAD903F2B
:10B11000EB0D76244B7BA93F513DD0A0660DB13F8E
:10B120006E204CC5CD45B73FFF8300922449C23FF6
:10B130000D5555555555D53F2F6C6A2C44B4A2BFBB
:10B140009AFDDE522DDEAD3F6D9A74AFF2B0B33F83
:10B15000711623FEC671BC3FC4EB98999999C93FFB
:10B16000182D4454FB21F9BFFFFF0F440000F07F6E
:10B17000FFFFDB3F0000F03FFFFFF23F0080034096
:10B180000000F83F0000F0BFD0D10008F0D1000867
:10B190002DE9F0481646C1F30A5283468C460B4609
:10B1A00082B921F00043034339D02F4B0022F5F739
:10B1B00093F92E4B83469E428C460DDA26A3D3E9A3
:10B1C00000231BE040F2FF77BA4209D10246F4F7B0
:10B1D000CDFF83468C4622E00B46C1F30A52363A35
:10B1E0004CF250318E420CDD1DA3D3E900231C46E6
:10B1F0004FEADC7161F3DF7421461D48F5F76CF905
:10B20000E7E740F2FE7132448A42EDDC002A0ADDB3
:10B2100023F0FF4323F4E00343EA0255AC465846CB
:10B220006146BDE8F08812F1350F09DA0CF00043F1
:10B2300043F0D27141F4B7310E4841F01F01BDE730
:10B2400023F0FF43363223F4E00343EA0255584625
:10B2500029460022084BD1E759F3F8C21F6EA50119
:10B260009C7500883CE4377E00005043B03CFFFFF3
:10B270009C75008859F3F8C20000903C70B50446F4
:10B280000D461646FCF7EEFE29460660204670BDC8
:10B2900013B50446194610460CB103F10043CDE93D
:10B2A0000023DDE90023F5F717F9222202B0BDE8FB
:10B2B0001040FFF7E3BF00224FF08053FFF7E8BFD5
:10B2C00000224FF0E043FFF7E3BF0000674A2DE99B
:10B2D000F84F8A4306460F460B4604460ED10246F7
:10B2E000F5F7FAF802460B4630463946F4F73EFFCA
:10B2F00006460F4630463946BDE8F88F00290CDC7B
:10B3000021F000420243F5D089B10246F4F72CFF48
:10B3100002460B46F5F70AFAEAE70A1515D10021AD
:10B3200009E0E30A153A6405002BFAD0F7E70A466C
:10B33000FAE75B000131D802FBD5481E121AC1F1B1
:10B34000200024FA00F003438C400026A2F2FF37CD
:10B350001621D2074FF400103246C3F3130343F40F
:10B3600080135CBF5B0003EBD4734FEA430358BF09
:10B37000640003EBD4737F10640015189D42DEBF98
:10B380002A185B1B3618E50F013905EB43034FEA1A
:10B3900044044FEA5000F0D10D464FF0200A4FF020
:10B3A00000409A4201EB000C02DB13D1A44511D8F6
:10B3B000BCF1000F0CEB000142DA002940DB02F186
:10B3C000010E9B1A7246A44588BF03F1FF33A4EB1C
:10B3D0000C0405444FEAD47CBAF1010A0CEB430398
:10B3E0004FEA44044FEA5000DBD11C431AD0204CF2
:10B3F000DFF880B0D4E90001DBE90023F4F7B4FE04
:10B40000D4E9008902460B4640464946F5F7E0FA82
:10B4100040B1D4E90001DBE90023B5F1FF3F11D1D0
:10B420005546013672106B08F10702F17F5202F5A2
:10B43000001248BF43F00043184602EB075157E79C
:10B440009646BEE7F4F792FED4E9008902460B4621
:10B4500040464946F5F7B2FA20B1A81C08BF0136AC
:10B460000235DFE76B1C23F00105DBE70000F07F0E
:10B4700058020020500200205822024B4FF0FF30AB
:10B480001A607047CC0A00205822024B4FF0FF3060
:10B490001A607047CC0A0020FEE70000F8B500BF34
:10B4A000F8BC08BC9E467047F8B500BFF8BC08BCA5
:04B4B0009E467047FD
:10B4B8000000000000000000000000000000000084
:10B4C8000000000000001FCC000C0000000000007D
:10B4D8000000080030006000080030006000000034
:10B4E800022003FC1E20022003FC1E200220000074
:10B4F80000000E1811043FFF10840C7800000000B3
:10B508000F0010840F3800C00778188400780000F6
:10B5180000780F8410C411240E9800E400840008F9
:10B528000800680070000000000000000000000033
:10B5380000000000000007E0181820044002000086
:10B54800000040022004181807E000000000000076
:10B558000240024001800FF00180024002400000DA
:10B568000080008000800FF80080008000800000CC
:10B578000001000D000E00000000000000000000A7
:10B588000000008000800080008000800080008033
:10B598000000000C000C000000000000000000008B
:10B5A8000000000600180060018006001800200056
:10B5B800000007F0080810041004080807F000004D
:10B5C8000000080408041FFC000400040000000038
:10B5D80000000E0C10141024104411840E0C0000EE
:10B5E80000000C1810041104110412880C700000DB
:10B5F800000000E00320042408241FFC00240000AD
:10B6080000001F98108411041104108810700000A5
:10B61800000007F008881104110418880070000061
:10B6280000001C00100010FC13001C00100000009B
:10B6380000000E3811441084108411440E380000A4
:10B6480000000700088C10441044088807F0000028
:10B65800000000000000030C030C000000000000C4
:10B6680000000000000101060000000000000000CA
:10B6780000000080014002200410080810040000A7
:10B6880002200220022002200220022002200000C4
:10B698000000100408080410022001400080000087
:10B6A80000000E001200100C106C10800F0000003B
:10B6B80003E00C1813E4142417C4082807D000006A
:10B6C8000004003C03C41C40074000E4001C0004C4
:10B6D80010041FFC1104110411040E8800700000EE
:10B6E80003E00C1810041004100410081C100000CB
:10B6F80010041FFC100410041004080807F00000D0
:10B7080010041FFC1104110417C4100408180000C9
:10B7180010041FFC1104110017C0100008000000DD
:10B7280003E00C181004100410441C7800400000BA
:10B7380010041FFC10840080008010841FFC10047B
:10B748000000100410041FFC100410040000000086
:10B7580000030001100110011FFE1000100000007E
:10B7680010041FFC110403801464181C100400004A
:10B7780010041FFC1004000400040004000C000066
:10B7880010041FFC1F0000FC1F001FFC1004000019
:10B7980010041FFC0C04030000E010181FFC10002C
:10B7A80007F00808100410041004080807F0000047
:10B7B80010041FFC10841080108010800F000000FF
:10B7C80007F0081810241024101C080A07F20000BB
:10B7D80010041FFC1104110011C011300E0C0004DC
:10B7E80000000E1C11041084108410441C38000042
:10B7F8001800100010041FFC1004100018000000AE
:10B8080010001FF810040004000410041FF81000B2
:10B8180010001E0011E0001C007013801C001000B6
:10B828001FC0103C00E01F0000E0103C1FC00000DB
:10B838001004180C163401C001C01634180C10047A
:10B8480010001C00130400FC13041C00100000006E
:10B858000804101C1064108413041C041018000041
:10B868000000000000007FFE40024002400200008D
:10B87800000030000C0003800060001C0003000082
:10B8880000004002400240027FFE0000000000006D
:10B8980000000000200040004000400020000000A0
:10B8A8000001000100010001000100010001000188
:10B8B80000004000400020000000000000000000E0
:10B8C80000000098012401440144014400FC0004E4
:10B8D80010001FFC008801040104008800700000AB
:10B8E80000000070008801040104010400880000C1
:10B8F8000000007000880104010411081FFC000406
:10B90800000000F8014401440144014400C800005B
:10B918000000010401040FFC1104110411001800B7
:10B92800000000D601290129012901C901060000EA
:10B9380010041FFC008401000100010400FC000445
:10B9480000000104190419FC0004000400000000B0
:10B958000000000300010101190119FE00000000A8
:10B9680010041FFC0024004001B4010C0104000075
:10B978000000100410041FFC000400040000000074
:10B98800010401FC0104010001FC0104010000FCA8
:10B99800010401FC008401000100010400FC000412
:10B9A800000000F8010401040104010400F800008B
:10B9B800010101FF008501040104008800700000F6
:10B9C80000000070008801040104010501FF000166
:10B9D8000104010401FC008401040100018000004D
:10B9E800000000CC01240124012401240198000056
:10B9F80000000100010007F8010401040000000034
:10BA0800010001F8000400040004010801FC00041E
:10BA1800010001800170000C00100160018001002C
:10BA280001F0010C003001C00030010C01F00100F0
:10BA380000000104018C00740170018C01040000F5
:10BA4800010101810171000E0018016001800100EF
:10BA580000000184010C013401440184010C000040
:10BA6800000000000000000001003EFC400240020F
:10BA78000000000000000000FFFF000000000000C0
:10BA88000000400240023EFC0100000000000000EF
:10BA9800000060008000800040004000200020007E
:10BAA800000000000000000000000000000000008E
:10BAB8003F4000000000000000003000400030005F
:10BAC8004000000009000BC03D000BC03D0009000C
:10BAD80018C024407FE0224031800000180024C0B4
:10BAE8001B000D803240018003801C4027401C80D1
:10BAF8000740004010006000000000000000000047
:10BB08000000000000001F8020404020000040206E
:10BB180020401F8000000000090006001F8006006A
:10BB280009000000040004003F8004000400000035
:10BB38000010006000000000000000000400040085
:10BB480004000400040000000000004000000000A1
:10BB580000000000002001C006003800400000007E
:10BB68001F802040204020401F800000000010401F
:10BB78003FC000400000000018C02140224024407F
:10BB88001840000010802040244024401B80000002
:10BB980002000D0011003FC0014000003C8024401D
:10BBA80024402440238000001F8024402440344047
:10BBB800038000003000200027C03800200000006B
:10BBC8001B802440244024401B8000001C0022C00D
:10BBD800224022401F8000000000000008400000B2
:10BBE80000000000000000000460000000000000E9
:10BBF800000004000A0011002080404009000900EC
:10BC080009000900090000000000404020801100E0
:10BC18000A00040018002000234024001800000037
:10BC28001F802040274029401F400000004007C0D7
:10BC380039000F0001C0004020403FC0244024408C
:10BC48001B8000001F8020402040204030800000E2
:10BC580020403FC0204020401F80000020403FC0BF
:10BC680024402E4030C0000020403FC024402E0019
:10BC7800300000000F001080204022403380020076
:10BC880020403FC0040004003FC020402040204026
:10BC98003FC02040204000000060202020203FC0FE
:10BCA8002000200020403FC024400B0030C020402E
:10BCB80020403FC020400040004000C03FC03C0042
:10BCC80003C03C003FC0000020403FC00C402300A0
:10BCD8003FC020001F802040204020401F800000DF
:10BCE80020403FC024402400180000001F8021404D
:10BCF800214020E01FA0000020403FC02440260033
:10BD080019C0004018C0244024402240318000005F
:10BD1800300020403FC020403000000020003F801D
:10BD2800004000403F80200020003E0001C0070086
:10BD380038002000380007C03C0007C03800000069
:10BD4800204039C0060039C020400000200038409B
:10BD580007C0384020000000304021C0264038404D
:10BD680020C00000000000007FE0402040200000CC
:10BD7800000070000C00038000400000000040201C
:10BD880040207FE00000000000002000400020006C
:10BD9800000000000010001000100010001000103B
:10BDA80000000000400000000000000000000280C9
:10BDB8000540054003C0004020003FC00440044047
:10BDC8000380000000000380044004400640000097
:10BDD80000000380044024403FC00040000003806E
:10BDE8000540054003400000000004401FC02440F7
:10BDF80024402000000002E00550055006500420B1
:10BE080020403FC00440040003C00040000004403C
:10BE180027C000400000000000100010041027E0B8
:10BE28000000000020403FC00140070004C004405B
:10BE3800204020403FC000400040000007C00400F0
:10BE480007C0040003C00000044007C00440040009
:10BE580003C0004000000380044004400380000049
:10BE6800041007F004500440038000000000038021
:10BE78000440045007F00010044007C002400400CA
:10BE880004000000000006400540054004C0000012
:10BE9800000004001F8004400040000004000780E8
:10BEA8000040044007C000400400070004C00180AF
:10BEB80006000400060001C0070001C006000000DB
:10BEC800044006C0010006C004400000041007102A
:10BED80004E00180060004000000044005C006409C
:10BEE800044000000000000004007BE04020000047
:10BEF800000000000000FFF00000000000004020EB
:10BF08007BE00400000000004000800040002000AA
:10BF180020004000556E737570706F7274656420F0
:10BF2800736F6674776172652070726F647563747D
:10BF3800207265762025642E0A0050726F6475633E
:10BF4800742049442072656164206173203020693F
:10BF58006E646963617465732064657669636520DE
:10BF680069732065697468657220696E636F6D70A6
:10BF7800617469626C65206F7220616E204D505546
:10BF8800333035302E0D0048616C662073656E7352
:10BF980069746976697479207061727420666F7546
:10BFA8006E642E0D000000008300000000080000F1
:10BFB8000001001832000500000020410000D242B4
:10BFC800295C0F3E9A99993E3333733F295C0F3EA3
:10BFD80075191A0C6A231B1C1F207274433B4138C5
:10BFE800393A6B6C376F06246D6E70006800000478
:10BFF80076005401F7FD0001B8AAB38DB4980D3549
:10C008005D004CCD6C000CC92C00365676002646D7
:10C018006600FEF2ABC4AAF1DFDFBBAFDFDF00B81A
:10C02800AAAAAAB088C3C5C7000000700000000013
:10C0380024000000020003000000650054FFEF0028
:10C0480000FA80000B12820001030C30C30E8C8CA6
:10C05800E914D5400213710F8E3883F8833000F845
:10C0680083258EF8833000F883FFFFFFFF0FFEA9BA
:10C07800D6240004001A8279A10000003CFFFF00CA
:10C08800000010000038836FA2003E03304000001B
:10C098000002CAE3093E8000002000000000000002
:10C0A800004000000060000000000C0000000C18B8
:10C0B8006E000006920A16C0DFFFFF0256FD8CD301
:10C0C80077FFE1C496E0C5BEAA00000000FFFF0BA1
:10C0D8002B00001657000003594000000000001D07
:10C0E800FA00026C1D000000003FFFDFEB003EB3CA
:10C0F800B6000D227800002F3C0000000000194215
:10C10800B5000039A20000B365D90E9FC91DCF4CF8
:10C118003430000000500000003BB67AE8006400AC
:10C128000000C8000000000000100000001000FA25
:10C13800921000225E000D229F00010000003200D4
:10C1480000FF46000063D400001000000004D60081
:10C158000004CC000004CC000000001072000000B5
:10C16800400000000000000000000600020005007A
:10C17800070000000000640000000000000000004C
:10C188000500050064002000000000000000000019
:10C1980000000040000000030000000032F8980092
:10C1A80000FF650000830F0000FF9BFC00000000FB
:10C1B8000000000000000000000000000000000077
:10C1C8000000000000000000000000000000000067
:10C1D8000000000000000010004000000000000007
:10C1E800060000B26A000200000001FB830068003C
:10C1F8000000D9FC007CF1FF83000000000065000E
:10C2080000006403E8006400280000002500000026
:10C218000016A000000000100000001000002F0011
:10C2280000000001F40000100000280000FFFF4596
:10C2380081FFFFFA720000000000000000004400C7
:10C24800050005BAC6004778A200000001000000FA
:10C258000000000600000000140000254D002F70AB
:10C268006D000005AE000C02D000000000000000C8
:10C27800000000000000000000001B00000000009B
:10C28800000000000000000000006400000008003A
:10C298000000000000000000000000000000000096
:10C2A8000000000000000000000000000000000086
:10C2B8000000000000000000000000000000000076
:10C2C8000000000000000000000000000000000066
:10C2D8000000000000000000000000000000000056
:10C2E800000000000000000000001B00000000002B
:10C2F8000000000000000E000E00000AC700040045
:10C308000000000032FFFFFF9C00000B2B00000024
:10C31800020000000100000064FFE50000000000CA
:10C328000000000000000000000000000100000004
:10C3380000000100000000000000018000000180F2
:10C348000000018000002426D30000000000000047
:10C3580000000600100096003C00000000000000ED
:10C368000000000000000000000C0A4E68CDCF77E6
:10C378000950166759C619CE820000000000000057
:10C3880000000000000000000000000000000000A5
:10C398000017D78400030000000000000000000020
:10C3A80000C7938F9D1E1B1C190000000000000091
:10C3B8000000000000000000000000000000000075
:10C3C8000002031885000040000000000300000080
:10C3D8000300000000000000004000000000000012
:10C3E8000000000000000000000000000000000045
:10C3F8000000000000000000000000000000000035
:10C4080000000000000000000000000000677DDF61
:10C418007E72902E554CF6E6880000000000000061
:10C42800000000000000000000D8DCB4B8B0D8B9A3
:10C43800ABF3F8FAB3B7BB8E9EAEF132F51BF1B48D
:10C44800B8B08097F1A9DFDFDFAADFDFDFF2AAC586
:10C45800CDC7A90CC92C97F1A989264666B2899936
:10C46800A92D557DB0B08AA896365676F1BAA3B4F0
:10C47800B280C0B8A89711B28398BAA3F024084430
:10C48800106418B2B9B49883F1A329557DBAB5B12F
:10C49800A38393F0002850F5B2B6AA839328547C5E
:10C4A800F1B9A3829361BAA2DADEDFDB819AB9AE71
:10C4B800F5606870F1DABAA2DFD9BAA2FAB9A38234
:10C4C80092DB31BAA2D9BAA2F8DF85A4D0C1BBAD3C
:10C4D80083C2C5C7B8A2DFDFDFBAA0DFDFDFD8D8E5
:10C4E800F1B8AAB38DB4980D355DB2B6BAAF8C96D3
:10C4F800198F9FA70E161EB49AB8AA872C547CBA17
:10C50800A4B08AB691325676B28494A4C808CDD81D
:10C51800B8B4B0F19982A82D557D98A80E161EA220
:10C528002C547C92A4F02C5078F184A898C4CDFCAB
:10C53800D80DDBA8FC2DF3D9BAA6F8DABAA6DED84E
:10C54800BAB2B68696A6D0F3C841DAA6C8F8D8B06B
:10C55800B4B882A892F52C548898F135D9F418D833
:10C56800F1A2D0F8F9A884D9C7DFF8F883C5DADFD3
:10C5780069DF83C1D8F40114F1A8824EA884F311AD
:10C58800D182F5D992289788F109F41C1CD884A87F
:10C59800F3C0F9D1D99782F129F40DD8F3F9F9D17B
:10C5A800D982F4C203D8DEDF1AD8F1A2FAF9A88436
:10C5B80098D9C7DFF8F8F883C7DADF69DFF883C3EB
:10C5C800D8F40114F198A8822EA884F311D182F529
:10C5D800D992509788F109F41CD884A8F3C0F8F9C7
:10C5E800D1D99782F149F40DD8F3F9F9D1D982F468
:10C5F800C403D8DEDFD8F1AD8898CCA809F9D98270
:10C6080092A8F57CF1883ACF944A6E98DB6931DAC2
:10C61800ADF2DEF9D88795A8F221D1DAA5F9F41799
:10C62800D9F1AE8ED0C0C3AE82C684C3A88595C8E2
:10C63800A588F2C0F1F4010EF18E9EA8C63E56F50B
:10C6480054F18872F40115F19845856EF58E9E04B3
:10C6580088F142985A8E9E068869F4011CF1981E4A
:10C668001108D0F504F11E970202983625DBF9D996
:10C6780085A5F3C1DA85A5F3DFD88595A8F309DA8E
:10C68800A5FAD88292A8F578F1881A849F26889806
:10C6980021DAF41DF3D8879F39D1AFD9DFDFFBF951
:10C6A800F40CF3D8FAD0F8DAF9F9D0DFD9F9D8F4DC
:10C6B8000BD8F3879F39D1AFD9DFDFF41DF3D8FA50
:10C6C800FCA869F9F9AFD0DADEFAD9F88F9FA8F19A
:10C6D800CCF398DB45D9AFDFD0F8D8F18F9FA8CA43
:10C6E800F38809DAAF8FCBF8D8F2AD978D0CD9A5BE
:10C6F800DFF9BAA6F3FAF412F2D8950DD1D9BAA691
:10C70800F3FADAA5F2C1BAA6F3DFD8F1BAB2B6865F
:10C7180096A6D0CAF349DAA6CBF8D8B0B4B8D8AD43
:10C7280084F2C0DFF18FCBC3A8B2B68696C8C1CB5E
:10C73800C3F3B0B48898A821DB718D9D71859521CC
:10C74800D9ADF2FAD88597A828D9F408D8F28D2956
:10C75800DAF405D9F285A4C2F2D8A88D9401D1D90A
:10C76800F411F2D88721D8F40AD8F28498A8C8011D
:10C77800D1D9F411D8F3A4C8BBAFD0F2DEF8F8F8D9
:10C78800F8F8F8F8F8D8F1B8F6B5B9B08A95A3DE94
:10C798003CA3D9F8D85CA3D9F8D87CA3D9F8D8F8A1
:10C7A800F9D1A5D9DFDAFAD8B18530F7D9DED8F8CA
:10C7B80030ADDADED8F2B48C99A32D557DA083DF95
:10C7C800DFDFB591A0F629D9FBD8A0FC29D9FAD882
:10C7D800A0D051D9F8D8FC51D9F9D879D9FBD8A02B
:10C7E800D0FC79D9FAD8A1F9F9F9F9F9A0DADFDF9B
:10C7F800DFD8A1F8F8F8F8F8ACDEF8ADDE8393AC32
:10C808002C547CF1A8DFDFDFF69D2CDAA0DFD9FA03
:10C81800DB2DF8D8A850DAA0D0DED9D0F8F8F8DBAC
:10C8280055F8D8A878DAA0D0DFD9D0FAF8F8F8F80F
:10C83800DB7DF8D89CA88CF530DB38D9D0DEDFA0BA
:10C84800D0DEDFD8A848DB58D9DFD0DEA0DFD0DEC5
:10C85800D8A868DB70D9DFDFA0DFDFD8F1A888901F
:10C868002C547C98A8D05C38D1DAF2AE8CDFF9D899
:10C87800B087A8C1C1B188A8C6F9F9DA36D8A8F92D
:10C88800DA36D8A8F9DA36D8A8F9DA36D8A8F9DA2B
:10C8980036D8F78D9DADF818DAF2AEDFD8F7ADFAD5
:10C8A80030D9A4DEF9D8F2AEDEFAF983A7D9C3C528
:10C8B800C7F1889BA77AADF7DEDFA4F8849408A7B0
:10C8C80097F300AEF29819A488C6A39488F632DFCD
:10C8D800F28393DB09D9F2AADFD8D8AEF8F9D1DA16
:10C8E800F3A4DEA7F1889B7AD8F38494AE19F9DA19
:10C8F800AAF1DFD8A881C0C3C5C7A39283F628AD23
:10C90800DED9F8D8A350ADD9F8D8A378ADD9F8D8DE
:10C91800F8F9D1A1DADEC3C5C7D8A18194F818F215
:10C92800B089ACC3C5C7F1D8B8B4B09786A8319B55
:10C93800069907AB9728889BF00C201440B0B4B830
:10C94800F0A88A9A285078B79BA829517924705959
:10C95800446938644831F1BBAB88002C547CF0B38F
:10C968008BB8A804285078F1B088B49726A85998AD
:10C97800BBABB38B02264666B0B8F08A9CA8295197
:10C98800798B2951798A2470598B2058718A446986
:10C99800388B3940688A6448318B30496088F1ACFB
:10C9A800002C547CF08CA804285078F1889726A88D
:10C9B8005998AC8C02264666F0899CA8295179249E
:10C9C8007059446938644831A98809205970AB11F5
:10C9D800384069A8193148608CA83C415C207C002B
:10C9E800F187981986A86E767EA999882D557DD8E5
:10C9F800B1B5B9A3DFDFDFAED0DFAAD0DEF2ABF886
:10CA0800F9D9B087C4AAF1DFDFBBAFDFDFB9D8B18E
:10CA1800F1A3978E60DFB084F2C8F8F9D9DED89315
:10CA280085F14AB183A308B5839A0810B79F10D837
:10CA3800F1B0BAAEB08AC2B2B68E9EF1FBD9F41D7F
:10CA4800D8F9D90CF1D8F8F8AD61D9AEFBD8F40C07
:10CA5800F1D8F8F8AD19D9AEFBDFD8F416F1D8F84B
:10CA6800AD8D61D9F4F4ACF59C9C8DDF2BBAB6AED4
:10CA7800FAF8F40BD8F1AED0F8AD51DAAEFAF8F115
:10CA8800D8B9B1B6A3839C08B9B1839AB5AAC0FD39
:10CA98003083B79F10B58B93F20202D1ABDADED8A0
:10CAA800F1B080BAABC0C3B284C1C3D8B1B9F38BFB
:10CAB800A391B609B4D9ABDEB0879CB9A3DDF1B3B5
:10CAC8008B8B8B8B8BB087A3A3A3A3B28BB69BF264
:10CAD800A3A3A3A3A3A3A3A3A3A3F1B087B59AA3D6
:10CAE800F39BA3A3DCBAACDFB9A3A3A3A3A3A3A31B
:10CAF800A3A3A3A3A3A3A3A3A3D8D8D8BBB3B7F1D5
:10CB0800AAF9DAFFD9809AAA28B48098A720B797FB
:10CB180087A86688F07951F1902C870CA7819762D5
:10CB280093F071716085940129517990A5F1284C91
:10CB38006C870C95188578A38390284C6C886CD8E2
:10CB4800F3A28200F210A8921980A2F2D926D8F195
:10CB580088A84DD948D896A83980D93CD89580A8B6
:10CB680039A68698D92CDA87A72CD8A8899519A927
:10CB780080D938D8A88939A980DA3CD8A82EA8390C
:10CB880090D90CD8A8953198D90CD8A809D9FFD82C
:10CB980001DAFFD89539A9DA26FFD890A80D899926
:10CBA800A810809821DA2ED88999A83180DA2ED851
:10CBB800A886963180DA2ED8A8873180DA2ED8A8B0
:10CBC8008292F34180F1D92ED8A882F31980F1D945
:10CBD8002ED882ACF3C0A28022F1A62EA72EA922BD
:10CBE80098A829DAACDEFFD8A2F22AF1A92E8292FF
:10CBF800A8F23180A696F1D900AC8C9C0C30ACDE42
:10CC0800D0DEFFD88C9CACD010ACDE8092A2F24C67
:10CC180082A8F1CAF235F19688A6D900D8F1FF6D3D
:10CC280070755F7365745F73656E736F7220636F81
:10CC38006D706C657465202E2E2E2E2E2E0D006DB7
:10CC480070755F636F6E6669677572655F66696642
:10CC58006F20636F6D706C657465202E2E2E2E2EDE
:10CC68002E0D006D70755F7365745F73616D706C08
:10CC7800655F7261746520636F6D706C65746520A3
:10CC88002E2E2E2E2E2E0D00646D705F6C6F61643B
:10CC98005F6D6F74696F6E5F6472697665725F66E7
:10CCA80069726D7761726520636F6D706C6574650C
:10CCB800202E2E2E2E2E2E0D00646D705F7365743F
:10CCC8005F6F7269656E746174696F6E20636F6DF2
:10CCD800706C657465202E2E2E2E2E2E0D00646D20
:10CCE800705F656E61626C655F66656174757265BB
:10CCF80020636F6D706C657465202E2E2E2E2E2E7F
:10CD08000D00646D705F7365745F6669666F5F724E
:10CD180061746520636F6D706C657465202E2E2EAE
:10CD28002E2E2E0D0073657474696E67206269611A
:10CD3800732073756363657366756C6C79202E2E2A
:10CD48002E2E2E2E0D006D70755F7365745F646DE9
:10CD5800705F737461746520636F6D706C65746562
:10CD6800202E2E2E2E2E2E0D004D6F746F723A002F
:10CD78004F464600204F4E00456E636F6465720053
:10CD88002D002B00534552564F00566F6C746100AE
:10CD98002E005600416E676C65005A686F6E677AA0
:10CDA8006869007B4325643A25643A25643A25641A
:10CDB8003A25643A25643A25643A256424007B427E
:10CDC800252E33663A252E33663A256C757D240068
:10CDD8000000000001020304000000000000000041
:10CDE80001020304060708090203040506070809E7
:10CDF8000A0B0C0D0E0F101000494E4600696E66A6
:10CE0800004E414E006E616E0030003031323334D6
:10CE1800353637383941424344454600303132339C
:10CE280034353637383961626364656600496E6641
:10CE3800696E697479004E614E005245454E542022
:10CE48006D616C6C6F63207375636365656465649D
:10CE5800002F6275696C642F676E752D746F6F6C27
:10CE6800732D666F722D73746D33325F31322E33CA
:10CE78002E72656C312E32303234303932362D31E3
:10CE88003731352F7372632F6E65776C69622F6E39
:10CE980065776C69622F6C6962632F7374646C695F
:10CEA800622F64746F612E630042616C6C6F632043
:10CEB800737563636565646564002F6275696C6486
:10CEC8002F676E752D746F6F6C732D666F722D736F
:10CED800746D33325F31322E332E72656C312E32DF
:10CEE800303234303932362D313731352F73726361
:10CEF8002F6E65776C69622F6E65776C69622F6C2F
:10CF08006962632F7374646C69622F6D70726563F4
:10CF18002E63000005000000190000007D000000DD
:10CF28000080E03779C34143176E05B5B5B893461D
:10CF3800F5F93FE9034F384D321D30F94877825AE9
:10CF48003CBF737FDD4F1575000000000000F03F07
:10CF580000000000000024400000000000005940CC
:10CF68000000000000408F40000000000088C3401F
:10CF780000000000006AF8400000000080842E4194
:10CF880000000000D01263410000000084D79741E0
:10CF98000000000065CDCD41000000205FA00242E6
:10CFA800000000E876483742000000A2941A6D425B
:10CFB800000040E59C30A2420000901EC4BCD6424E
:10CFC80000003426F56B0C430080E03779C34143F9
:10CFD80000A0D8855734764300C84E676DC1AB436F
:10CFE800003D9160E458E143408CB5781DAF15448D
:10CFF80050EFE2D6E41A4B4492D54D06CFF0804468
:10D00800F64AE1C7022DB544B49DD9794378EA447C
:10D01800232D302B2000686C4C0065666745464719
:10D02800004300504F534958002C2066756E6374B6
:10D03800696F6E3A2000617373657274696F6E2050
:10D0480022257322206661696C65643A2066696CE2
:10D058006520222573222C206C696E6520256425A5
:10D068007325730A0000202020202020202020285B
:10D078002828282820202020202020202020202088
:10D0880020202020202088101010101010101010C0
:10D098001010101010100404040404040404040400
:10D0A800101010101010104141414141410101017F
:10D0B8000101010101010101010101010101010158
:10D0C8000110101010101042424242424202020265
:10D0D8000202020202020202020202020202020228
:10D0E80002101010102000000000000000000000D6
:10D0F8000000000000000000000000000000000028
:10D108000000000000000000000000000000000017
:10D118000000000000000000000000000000000007
:10D1280000000000000000000000000000000000F7
:10D1380000000000000000000000000000000000E7
:10D1480000000000000000000000000000000000D7
:10D1580000000000000000000000000000000000C7
:10D168000000000000000000000000000000008037
:10D17800182D4454FB210940182D4454FB2109C0A3
:10D18800182D4454FB21E9BFD221337F7CD90240BA
:10D19800D221337F7CD902C00000000000000000CB
:10D1A80006D0CF43EBFD4C3E00000000000000001D
:10D1B8000000004003B8E23F000000000000F03F1C
:10D1C800000000000000F83FE2652F227F2B7A3C28
:10D1D800075C143326A6813CBDCBF07A8807703CE7
:10D1E800075C143326A6913C4FBB610567ACDD3F55
:10D1F800182D4454FB21E93F9BF681D20B73EF3F76
:08D20800182D4454FB21F93FED
:08D21000402FFF7F0100000028
:04D2180035010008D4
:04D21C0011010008F4
:10D220000400000010000000040000006C21954084
:10D23000B5A65BC18FC2D7C200004040000040408D
:10D24000D8BF0008F4BF0008000000000000000084
:10D2500000000000000000000000000000000000CE
:10D260000000000000000000B0BF00080100000046
:10D2700001000000010000000000803F00408345E5
:10D280000000A04200007A460000D84200C8AF4625
:10D29000EE020000010100000024F4000100000083
:10D2A00010000000000000000300000090090020B2
:10D2B000940000200000000090090020F8090020E0
:10D2C000600A0020000000000000000000000000D4
:10D2D000000000000000000000000000000000004E
:10D2E000000000000000000000000000000000003E
:10D2F000000000000000000000000000000000002E
:10D3000043000000000000000000000000000000DA
:10D31000000000000000000000000000000000000D
:10D3200043000000000000000000000000000000BA
:10D3300000000000000000000000000000000000ED
:10D34000430000000000000000000000000000009A
:10D3500000000000000000000000000000000000CD
:10D36000430000000000000000000000000000007A
:10D3700000000000000000000000000000000000AD
:10D38000430000000000000000000000000000005A
:10D39000000000000000000000000000000000008D
:10D3A000430000000000000000000000000000003A
:10D3B000000000000000000000000000000000006D
:10D3C000430000000000000000000000000000001A
:10D3D000000000000000000000000000000000004D
:10D3E000199C0008F59B0008000000006DD00008A3
:10D3F00098CD000841BF000841BF000841BF0008A8
:10D4000041BF000841BF000841BF000841BF0008FC
:10D4100041BF000841BF0008FFFFFFFFFFFFFFFF04
:10D42000FFFFFFFFFFFF0000010041534349490098
:10D4300000000000000000000000000000000000EC
:10D440000000000000000000000041534349490073
:10D4500000000000000000000000000000000000CC
:10D4600000000000000000000000000000000000BC
:10D4700059F3F8C21F6EA501000000000000F03F44
:0400000508004C455E
:00000001FF
