:020000040800F2
:10000000A00C0020DD010008E1010008E301000868
:10001000E5010008E7010008E90100080000000010
:10002000000000000000000000000000EB010008DC
:10003000ED01000800000000EF010008F1010008D8
:10004000F3010008F3010008F3010008F3010008C0
:10005000F3010008F3010008F3010008F3010008B0
:10006000F3010008F3010008F3010008F3010008A0
:10007000F3010008F3010008F3010008F301000890
:10008000F3010008F3010008F3010008F301000880
:10009000F3010008F3010008F3010008F301000870
:1000A000F3010008F3010008F3010008F301000860
:1000B000451300082D130008F3010008F3010008A0
:1000C000F3010008F3010008F3010008F301000840
:1000D000F3010008F3010008F3010008711900089A
:1000E0002D200008F3010008F301000800F002F8D9
:1000F00000F05FF80AA090E8000C82448344AAF163
:100100000107DA4501D100F054F8AFF2090EBAE860
:100110000F0013F0010F18BFFB1A43F0010318473B
:10012000A0A10000C0A100000A444FF0000C10F88C
:10013000013B13F0070408BF10F8014B1D1108BF65
:1001400010F8015B641E05D010F8016B641E01F805
:10015000016BF9D113F0080F1EBF10F8014BAD1C55
:100160000C1B09D16D1E58BF01F801CBFAD505E073
:1001700014F8016B01F8016B6D1EF9D59142D6D3CD
:10018000704700000023002400250026103A28BFF5
:1001900078C1FBD8520728BF30C148BF0B607047F9
:1001A000642905F0A187002070471FB51FBD10B559
:1001B00010BD06F069F91146FFF7F7FF00F02AF8C5
:1001C00006F087F903B4FFF7F2FF03BC00F028FA4A
:1001D00030BF72B662B680F308887047084800479F
:1001E000FEE7FEE7FEE7FEE7FEE7FEE7FEE7FEE7E7
:1001F000FEE7FEE703480449044A054B7047000048
:10020000ED000008A0060020A00C0020A00800209F
:10021000A0080020092000F0AAF9482000F04AF8C0
:10022000022000F08FF9012000F08CF900F088FA2C
:1002300000F0C0FA00F0F5FC4FF4FA31482000F06D
:1002400018FA4FF41651242001F020FB002141F64A
:100250001F4000F00AFF00F077FF00F091FD01F071
:1002600085F805F0E4F805F0F6F8902142F20F70F9
:1002700000F084FE01F02AFD14E00B48007820B95C
:1002800005F0D2FC05F080FB01E005F063FD0120E4
:100290000649087000200649087000BF034800782E
:1002A0000028FBD1E9E7000006000020290000201B
:1002B000280000204FF0E021096921F004014FF0EF
:1002C000E0221161C21700EB5272C2F3C702234B46
:1002D0001A701946097801EB4102C2EBC1114FF6C1
:1002E000FF7202EAC1011E4A1180704701461B4A93
:1002F00012784A434FF0E0235A6100229A610122AA
:100300001A6100BF4FF0E022106900F001021AB13B
:1003100000F48032002AF5D000224FF0E0231A6169
:100320009A61704701460E4A12884A434FF0E02313
:100330005A6100229A6101221A6100BF4FF0E02247
:10034000106900F001021AB100F48032002AF5D0E1
:1003500000224FF0E0231A619A61704738000020B4
:100360003A000020A34A0A400243A34B1A60704798
:100370000146072323EA010212029F4B1B1D186846
:100380004FF6FF0318409D4B184310439A4B1B1D1B
:10039000186070472DE9F0410746884614461D460F
:1003A0002846FFF7E5FFC5F1040007FA00F60F2025
:1003B000284100EA0800064306F00F06E21704EBA6
:1003C000D2625211920002F1E022D2F800212146BD
:1003D000E31704EBD3635B11A4EB431C012303FA83
:1003E0000CF31A432046E31704EBD3635B119B0025
:1003F00003F1E023C3F800218148005D40EA0610C4
:100400007F490855BDE8F08170B504460B46CE170C
:1004100001EB9676C6F38700CE1701EB9676B61001
:10042000A1EB8606B606350E764B9B6943F00103B9
:10043000744EB3614FEAB63353F820300F26AE4006
:10044000B343714E46F82030334653F8203004FA57
:1004500005F61E436C4B43F820606C4B1B6801266D
:100460008E403343694E336002F0010343B1674B62
:100470000C331B6801268E403343644E0C363360C8
:1004800002F0020343B1614B08331E6801238B4025
:100490001E435E4B08331E6070BD00B500205949F5
:1004A0000861C8601420486100208861C86108465E
:1004B000006840F001000860084640685449084060
:1004C0005049486008460068524908404D49086054
:1004D0000846006820F4802008600846406820F440
:1004E000FE0048600020886000214FF00060FFF7A8
:1004F00039FF00BD10B540480830006840F00400E6
:100500003D49083108603F48C06940F080503D498E
:10051000C8614148406840F480703F4948600846DF
:10052000006840F0040008600846006840F00200DF
:100530000860FFF74DFE10BD3048001D2E49091D13
:1005400008607047014649062E4A926942F001024E
:100550002C4B9A612C4A083A526822F0E0622A4BEE
:10056000083B5A601A4652680A435A60704730B5D1
:1005700004460025FFF791FF2248006840F48030D0
:100580002049086000BF1F480068400C0028FAD0CE
:100590004FF480601B494860A01EC4B20846406802
:1005A00040EA844048600846406840F48030486033
:1005B0001A48006840F03200184908601148006885
:1005C00040F080700F49086000BF0E480068400E80
:1005D0000028FAD00B48406840F002000949486002
:1005E00005E008484068C0F3870505F00305022DC3
:1005F000F7D130BD80FFFF1F08ED00E00000FA05D5
:1006000000E400E000100240080001400004014046
:100610000000FFF8FFFFF6FE0070004000200240DF
:10062000014600BF7047404A12785AB900BF3F4A9E
:10063000128802F04002002AF9D0C2B23B4B1B1DC7
:100640001A800AE000BF3A4A128802F04002002AEB
:10065000F9D0C2B2364B1B1D1A8070473449091DB0
:10066000088000BF3249098801F040010029F9D013
:1006700070472DE9F05F05460E46300107F0A8FFF0
:1006800081462C4905FB01F007F0A2FF824649464E
:1006900007F054FE0746384607F062FF84B2204652
:1006A00007F096FF8346394608F0D7F882464FF0A8
:1006B000834107F0D5FF814607F052FF80464FF691
:1006C000FF7000EA041404EB080084B21A48806941
:1006D00040F00400184988610846806940F4804071
:1006E00088611648006820F47F6014490860084655
:1006F000006840F40B6008600F48C06840F4804018
:100700000D49C8600846C06820F48040C8600848A9
:1007100008300480001D008842F20C01084304499F
:100720000C310880BDE8F09F060000200048004022
:100730000038014040420F00001002400408014010
:100740001748806940F00400154988611548006821
:1007500020F47020134908600846006840F44030D7
:10076000086010480C30006840F010000D490C3152
:100770000860704718B900210B4A11600FE00B495F
:100780000968491C094A1160814208D10649096873
:10079000C943074AC2F890110021044A116070470A
:1007A000001002400008014090012142400000205A
:1007B000000021425648806940F004005449886195
:1007C0005448006820F470005249086008460068E8
:1007D00040F4000008604F480C30006840F02000F2
:1007E0004C490C310860704701464B48006828B9F5
:1007F0004A480088401C494A108002E00020474ACD
:1008000010804548006828B94548007810B9012093
:10081000434A107043480078B0B941480078012835
:1008200007D141480078401C3F4A107001203D4AE2
:1008300010703D480078022806D100203A4A107016
:100840003A4A10800220704733480068012804D1DA
:100850000020334A1070334A107033480078012862
:100860001CD132480088401C304A10801046008855
:1008700088420ADD29480088884206DA00202A4A90
:1008800010702A4A10800120DDE724480088884241
:1008900004DD0020244A1070244A10800020D2E792
:1008A0002348007838B11C48006820B9002020494E
:1008B00008700120704718480068012801D11C49C0
:1008C00008700020F6E71B48008840B9124800680D
:1008D00028B919480088401C1749088002E0002008
:1008E0001549088014480088C82807DD01201149EF
:1008F0000880002010490880012070470D480088BA
:10090000012802D100200B4908800020F5E70000F3
:100910000010024000080140140121424A0000205A
:100920004400002045000020460000204800002030
:100930004C000020500000204E00002010B50A4658
:100940001AB10123FE4C236002E00023FC4C23601B
:10095000002114E00023FB4C236000F080031BB156
:100960000123241F236003E00023F64C241F23608F
:100970000123F44C23604306180E4B1CD9B20829FE
:10098000E8DB0123EE4C236010BD30B500241CE0F1
:1009900004F1B001C8B20021FFF7D0FF00210846E2
:1009A000FFF7CCFF00211020FFF7C8FF002508E06B
:1009B000E54901EBC501085D0121FFF7BFFF681C98
:1009C000C5B2802DF4DB601CC4B2082CE0DB30BD66
:1009D00000B500218D20FFF7B1FF00211420FFF7A3
:1009E000ADFF0021AF20FFF7A9FF00BD00B500213A
:1009F0008D20FFF7A3FF00211020FFF79FFF0021AC
:100A0000AE20FFF79BFF00BD30B500240CE00025B1
:100A100006E00020CC4901EBC5010855681CC5B2B1
:100A2000802DF6DB601CC4B2082CF0DBFFF7ADFFB5
:100A300030BDF0B5144600267F2801DC3F2900DDDB
:100A4000F0BD0B46CF1701EB5777FF10C7F1070733
:100A5000FAB2CF1701EB5777FF10A1EBC707FDB232
:100A6000C5F107070123BB40DEB24CB1B64B03EB27
:100A7000C0039B5C3343B44F07EBC007BB5408E093
:100A8000B14B03EBC0039B5CB343AF4F07EBC00715
:100A9000BB5400BFD4E72DE9F04F80460C46154605
:100AA0001E46A346A5F12000C5B200273EE00C2E4D
:100AB00007D105EB4500A54901EB800010F8079030
:100AC00004E0A34800EB051010F807904FF0000A6F
:100AD00026E009F0800028B121464046099AFFF738
:100AE000A8FF09E0099808B9012000E000200246AB
:100AF00021464046FFF79DFF4FEA49604FEA1069E3
:100B0000601CC4B2A4EB0B00B04205D15C4608F1F6
:100B1000010000F0FF0806E00AF1010000F0FF0A02
:100B2000BAF1080FD5DB00BF781CC7B2B742BEDBF5
:100B3000BDE8F08F10B50246012000E050430B1EC7
:100B4000A1F10104E1B2F9D110BD2DE9FF4F81B04F
:100B5000074691461E460E9D4FF0000A002439E0DC
:100B6000301B401EC1B20A20FFF7E4FFB9FBF0F0D2
:100B70000A21B0FBF1F201FB1208BAF1000F16D105
:100B8000701EA04213DDB8F1000F0ED10120AB465C
:100B900005EBDB71491001FB04710090C8B22B46D4
:100BA00020220299FFF777FF12E04FF0010A01209F
:100BB000AB4605EBDB71491001FB04710090C8B234
:100BC00008F13001CAB22B460299FFF764FF00BF5B
:100BD000601CC4B2B442C3DB05B0BDE8F08F78B589
:100BE00005460E46144618E07A2D03DD002506F171
:100BF0001000C6B23A2E04DD002005460646FFF777
:100C000003FF0120009022780C2331462846FFF78D
:100C100042FF05F10800C5B2641C20780028E3D12A
:100C200078BD10B54B48806940F00800494988619B
:100C30004948006849490840474908600846006833
:100C400047490843444908604248806940F004002D
:100C5000404988614348006820F07040414908607D
:100C60000846006840F00050086000203549083907
:100C700008606420FFF756FB01203B49C1F88C0156
:100C80000021AE20FFF75AFE0021D520FFF756FEC7
:100C900000215020FFF752FE0021A820FFF74EFE52
:100CA00000213F20FFF74AFE0021D320FFF746FE38
:100CB00000210846FFF742FE00214020FFF73EFEDC
:100CC00000218D20FFF73AFE00211420FFF736FEA9
:100CD00000212020FFF732FE00210220FFF72EFE28
:100CE0000021A120FFF72AFE0021C020FFF726FEE9
:100CF0000021DA20FFF722FE00211220FFF71EFE5E
:100D000000218120FFF71AFE0021EF20FFF716FED9
:100D10000021D920FFF712FE0021F120FFF70EFE7F
:100D20000021DB20FFF70AFE00213020FFF706FE3E
:100D30000021A420FFF702FE0021A62016E00000FB
:100D4000BC01214294812142400100204A8A0008CE
:100D5000BE8E000800100240000C0140FF0F00FF93
:100D6000002022000408014000802142FFF7E6FD38
:100D70000021AF20FFF7E2FDFFF746FE10BD0000A7
:100D80007448806940F008007249886108468069AB
:100D900040F0040088617048006820F0FF006E4950
:100DA00008606E48006820F470406C49086069482B
:100DB000806940F40070674988610846C06840F463
:100DC0000070C8600846C06820F40070C86008461B
:100DD000406820F4404048600846406840F40040C5
:100DE00048605F4800685F4908405D490860084600
:100DF000006808600846006820F480700860081DDC
:100E0000006820F00200091D08600846006820F410
:100E1000602008600846006840F4602008600846CA
:100E2000006840F4801008600846006820F4006004
:100E300008604B482830006820F470004849283189
:100E40000860084600680020086045480C300068CB
:100E50004549084042490C3108600846006842494B
:100E6000C94308433E490C3108603D48001D0068F5
:100E700040F001003A49091D08600846006840F04A
:100E80000800086000BF3648001D006800F0080038
:100E90000028F8D13248001D006840F004003049B5
:100EA000091D086000BF2E48001D006800F0040006
:100EB0000028F8D17047014629483030006820F0FA
:100EC0001F00274A30321060104600680843106047
:100ED0002348001D006840F48000214A121D106064
:100EE00000BF1F48001F006800F002000028F8D073
:100EF0001B484830006880B270472DE9FF5F08202A
:100F0000FFF7D9FF834606F01FFE4FF06632174BFE
:100F1000CDE9000106F068FE06460022144B06F0FB
:100F200063FE0022134BCDE9020106F05DFE04468C
:100F30000022114B06F06AFC804606F0BFFD824697
:100F400040F2EC40824500DD8246504604B0BDE8E8
:100F5000F09F000000100240000C0140000801401A
:100F600004240140FFFFF000FFF1FFC066660A4065
:100F700000002640000059400000B040214A92691C
:100F800042F400621F4B9A611A46926942F00402D1
:100F90009A611D4A126822F470421B4B1A601A466D
:100FA000126842F430421A60184A1080121F1180F1
:100FB000164A103A128842F4C042144B103B1A8071
:100FC0001A46128842F400621A801A1D128842F4EE
:100FD00080521B1D1A800D4A1832128842F40042BA
:100FE0000A4B18331A808022084B2C3B1A801A4671
:100FF000128842F001021A8040F2EE22034B0833BD
:101000001A80704700100240040801402C2C014057
:101010004848806940F00400464988610846806974
:1010200040F0080088614448006820F47F2042496D
:1010300008600846006840F42C3008603F480068AB
:1010400020F07F403D4908600846006840F03B4082
:101050000860081D006820F0FF00091D08600846B0
:10106000006840F0BB000860704700B503460A46C0
:10107000FFF7CEFF2F48C06940F004002D49C8613A
:101080002F480380001F02802D481438008840F04C
:1010900060002B49143908800846008840F4C0409D
:1010A0000880081D008840F06000091D088008467F
:1010B000008840F4C0400880081F008840F0080005
:1010C000091F08800846008840F400600880081D59
:1010D000008840F00800091D08800846008840F498
:1010E00000600880081D008840F00100091D08808C
:1010F0000846008840F0100008800846008840F448
:10110000807008800846008840F480500880802065
:101110000B492C3908800846008840F001000880FF
:101120000020074910310880091D08800549086022
:1011300000BD00000010024004080140000C014006
:101140002C080040B001214210B58448C06940F02D
:1011500001008249C8610846806940F00400886146
:101160007F48006820F0FF007D490860084600685D
:1011700040F044000860C804808940F00100C904C0
:1011800088810846808940F04000888101231C2224
:1011900003211846FFF7FEF800204FF08041088534
:1011A0004FF6FF7088850846008820F4407008805C
:1011B0000846008820F0600008800846008B40F058
:1011C000010008830846008B40F4807008830846BD
:1011D000008C20F0020008840846008C20F02000DB
:1011E00008840846008B40F03000088308460089D8
:1011F00040F0030008810846008840F001000880A4
:1012000010BD10B55548C06940F002005349C8618F
:101210000846806940F0040088615148006820F069
:101220007F404F4908600846006840F088400860E9
:101230004C48008840F001004A4908800846008870
:1012400040F04000088001231D2203211846FFF7CB
:10125000A1F8002043491C3108804FF6FF70091D9A
:10126000088040480C38008820F440703D490C3913
:1012700008800846008820F06000088039480C305B
:10128000008840F0010037490C310880084600888A
:1012900040F48070088033481430008820F0020049
:1012A0003049143108800846008820F0200008806A
:1012B0002C480C30008840F030002A490C3108805E
:1012C0002848001F008840F003002649091F0880B5
:1012D00024480C38008840F0010022490C3908806D
:1012E00010BD0146022904D003290BD0042919D1CD
:1012F00011E04FF08042928C10B200224FF08043F8
:101300009A8411E0174A1832128810B20022154B45
:1013100018331A8008E0144A128810B20022124BC7
:101320001A8001E0002000BF00BF70470D48001D7B
:1013300000880C48001D008820F001000949091DA3
:10134000088070474FF08040008A4FF08040008A4C
:1013500020F001004FF080410882704700100240E9
:10136000000801400C04004024080040F94880694E
:1013700040F00800F74988610846806940F00400A1
:101380008861F548006820F00F00F34908600846BE
:10139000006840F003000860F048006820F07040EA
:1013A000EE4908600846006840F040500860704709
:1013B00010B5EA48006820F07040E8490860084627
:1013C000006840F0405008600120E5490860E548A9
:1013D000D0F83C0108B9002010BD0120E2490860A6
:1013E000FEF784FF0020DF49C1F8BC01DC488038EB
:1013F000006808B10020EFE70120FEF777FF00202A
:10140000D94908600120E7E710B5D448006820F00A
:101410007040D24908600846006840F040500860BB
:101420000020D1490860CF49C1F8BC010120FEF776
:101430005DFF0120CC490860CA49C1F8BC01FEF734
:1014400055FF10BD10B50024C448006820F070405E
:10145000C24908600846006840F00040086001206A
:10146000BF490860FEF742FF0120C049C1F8A00152
:10147000FEF73CFF0AE0601CC4B2322C03DDFFF72C
:10148000C3FF002010BD0120FEF730FFB4488038B4
:1014900000680028EFD1B44908600120F2E710B5D8
:1014A0000020B1490860AD48006820F07040AB49A9
:1014B00008600846006840F0405008600020A949D4
:1014C000C1F8BC010120FEF711FF0120A649086008
:1014D000FEF70CFF0020A549C1F8A00110BD10B512
:1014E0000020A14908609D48006820F070409B4999
:1014F00008600846006840F04050086001209949A3
:10150000C1F8BC01FEF7F2FE012097490860FEF722
:10151000EDFE00209549C1F8A00110BD70B504464C
:101520008E48006820F070408C49086008460068CA
:1015300040F04050086000208B490860002515E00D
:10154000E009874908606006040E0120FEF7CEFE20
:1015500001208649C1F8A001FEF7C8FE002082499B
:1015600008600120FEF7C2FE681CC5B2082DE7DB4B
:1015700070BD2DE9F04105460E4617469846FFF727
:1015800017FF10B90120BDE8F0816906080EFFF7CA
:10159000C5FFFFF757FF18B9FFF736FF0120F2E745
:1015A0003046FFF7BBFFFFF74DFF00240BE018F8B4
:1015B0000400FFF7B3FFFFF745FF18B9FFF724FF5B
:1015C0000020E0E7641CBC42F1DBFFF71DFF0020B8
:1015D000D9E770B5054600246048006820F07040E7
:1015E0005E4908600846006840F000400860002638
:1015F00016E000205C4908600220FEF777FE01201B
:101600005A49C1F8A0016006040E554880380068A8
:1016100008B1601CC4B20220FEF768FE701CC6B29E
:10162000082EE6DB15B1FFF73AFF01E0FFF757FFA1
:10163000204670BD2DE9F04106460F4614461D4672
:10164000FFF7B6FE10B90120BDE8F0817106080E63
:10165000FFF764FFFFF7F6FE18B9FFF7D5FE01208C
:10166000F2E73846FFF75AFFFFF7ECFEFFF7A0FE60
:10167000012101EB4601C8B2FFF750FFFFF7E2FE80
:101680000DE0012C04D10020FFF7A3FF287003E038
:101690000120FFF79EFF28706D1C601EC4B2002C55
:1016A000EFD1FFF7B1FE0020CEE770B505460E463C
:1016B0000024FFF77DFE2846FFF730FF641CFFF78C
:1016C000C1FE3046FFF72AFF641CFFF7BBFEFFF7A1
:1016D0006FFE691CC8B2FFF721FF641CFFF7B2FE62
:1016E0000020FFF776FF0446FFF78EFE204670BD10
:1016F0002DE9F0410746884615461E460024FFF7AF
:1017000057FE3846FFF70AFFFFF79CFE4046FFF7FB
:1017100005FFFFF797FEFFF74BFE791CC8B2FFF7F6
:10172000FDFEFFF78FFE00BF0DE0681EA04204D053
:101730000120FFF74EFF305503E00020FFF749FF7F
:101740003055601CC4B2AC42EFDBFFF75DFE2046B3
:10175000BDE8F0810010024004080140040C014083
:10176000BC81214200802142A0012142000021428F
:101770002DE9F04180460D4616461F460024FFF72E
:1017800017FE4046FFF7CAFEFFF75CFE2846FFF74C
:10179000C5FEFFF757FE00BF06E0385DFFF7BEFE4F
:1017A000FFF750FE601CC4B2B442F6DBFFF72CFE1C
:1017B0000120BDE8F08170B505460E46144631465D
:1017C0002846FFF772FF2070012070BD37B5044630
:1017D0000D4602AB012229462046FFF7C9FF3EBD58
:1017E0002DE9F8430746884614461D46089E6A467A
:1017F00041463846FFF7DFFF28B3601CFF2101FA9E
:1018000000F0C4F108012944491EFF220A41104397
:1018100000F0FF09C5F1080006FA00F0C6B2C4F1F5
:10182000070006419DF8000000EA090000909DF8BD
:101830000000304300909DF8002041463846FFF7F5
:10184000C5FFBDE8F8830020FBE7F8B506460F4664
:1018500014461D466A4639463046FFF7ACFF2DB1A7
:101860000120A0409DF80010084305E00120A040A1
:101870009DF8001021EA0000C0B200909DF8002001
:1018800039463046FFF7A2FFF8BD00002DE9F05FB2
:1018900005460E46300106F09BFE8146EF4905FBEA
:1018A00001F006F095FE8246494606F047FD0746E0
:1018B000384606F055FE84B2204606F089FE83467F
:1018C000394606F0CAFF82464FF0834106F0C8FE53
:1018D000814606F045FE80464FF6FF7000EA04148C
:1018E00004EB080084B2DE48806940F00800DC495F
:1018F00088610846C06940F48020C861D948006802
:1019000020F47F40D74908600846006840F40B4047
:101910000860D4480830006840F48060D14908313C
:101920000860CF48006940F48020CD49086108462E
:10193000006920F480200861CB480480001D0088E5
:1019400042F20C010843C849091D08800846008876
:1019500040F4807008800846008840F0200008802D
:101960000223272201210020FEF714FDBDE8F09F8D
:101970002DE9FF5FBC480838008800F020000028EF
:1019800075D0B948001F0088B8490860084600783B
:10199000B7490870B54800680A283EDDB3480068BA
:1019A000412805D10120B34908700020B2490870D0
:1019B000AE480068452805D10120AF4908700020D5
:1019C000AC490870A9480068422807D0A7480068B9
:1019D000432803D0A5480068442806D10020A74921
:1019E00008700120A649087017E0A0480068462842
:1019F00007D09E480068472803D09C4800684828C4
:101A000006D101209D49087000209D49087004E01E
:101A100000209A4908709A490870944800680A287A
:101A20003EDA92480068012804D1924908700020EB
:101A3000914908708D480068052805D101208E491C
:101A4000087000208B49087088480068022807D079
:101A500086480068032803D084480068042807D11A
:101A600000208649087001208549087018E0AAE026
:101A70007E480068062807D07C480068072803D005
:101A80007A480068082806D101207C4908700020A7
:101A90007B49087004E00020784908707849087094
:101AA000734800787B2802D101207649087070487D
:101AB00000787D2802D102207249087071480078B0
:101AC00001280AD16A4800786F49704A1278885410
:101AD0006E480078401C6D4908706A4800780228FA
:101AE00071D16A48007806F073FD6949086066485C
:101AF000C078502803D10120664908709EE06248F2
:101B0000C078572803D101206349087096E05E48E9
:101B100040782328F2D05D4800786049087034E0AE
:101B20005A4909785D4A1278881A05F0F6FF80460E
:101B300042460B4600205A4905F068F804460D4617
:101B400056490978491E504A515CA1F1300005F010
:101B5000E4FF064622462B4606F046F882468B46B0
:101B60005048006806F050FB52465B46CDE9000144
:101B700005F090FDCDE9020105F05AFD49490860E4
:101B800046480078401E45490870444800780428BB
:101B9000C6DA3D484078303809284ED2DFE800F0F8
:101BA000050C141B3A424A4B4C003E48006806F0B4
:101BB000BBFC3D49086040E03A48006806F0B4FCD0
:101BC0003A49086039E046E03648006806F0ACFC67
:101BD0003749086031E000213248006806F070FCA7
:101BE00002D134482F49086033493448006806F070
:101BF00037FD05462F492B48006806F039FE06469A
:101C0000294606F035FE04462B4906F097FB2C4981
:101C1000086012E028492348006806F08FFB294934
:101C200008600AE024491F48006806F087FB26493F
:101C3000086002E001E000E000BF00BF00201149A1
:101C40000870124908701549087016490860322159
:101C50000D4804F0B9FABDE8FF9F000040420F00B4
:101C600000100240040C01400848004058000020C9
:101C7000540000200100002002000020030000208A
:101C8000040000205C000020400500205D000020D2
:101C9000240000202A0000202B0000205E000020ED
:101CA0000000244060000020A00000209C000020D4
:101CB000A40000200000C842000020417400002061
:101CC00030000020780000207C00002010B5124871
:101CD000806940F00800104988611048006820F4CD
:101CE00070200E4908600846006840F40020086033
:101CF0000A480830006840F48050084908310860FC
:101D000001220C211046FEF77FFB0223282201212D
:101D10001846FEF73FFB10BD00100240040C0140C6
:101D2000002808DD4FF4E151FE4A1180C0F5E15171
:101D3000121F118008E04FF4E151FA4A121F11807E
:101D400000F5E151121D1180F7490988F74A128800
:101D50001144F74A1180704741F6F420F5490968AB
:101D60004242914202DA4142F24A1160F149096865
:101D7000814201DDEF490860704730B50246501AD4
:101D8000ED4B186018460068EC4B1B68C01A3223F4
:101D90005843E94B1B68052404FB0300E64B1B6812
:101DA000E64C2468022505FB1433E54C24682344E3
:101DB0003C2404FB0300E34B1B681844E14B186010
:101DC00018460068B0F5E15F02DD4FF4E15018609D
:101DD000DC48006810F5E15F02DADB48D94B186097
:101DE000D6480068D64B1860D3480068D34B1860BB
:101DF000D448006830BD10B5D448007810B1D4483C
:101E0000007828B9D348007878B1D348007860B119
:101E1000D2480078401CC0B2D0490870322800DA9D
:101E200010BD3C20CD49087002E00020CB4908706D
:101E3000C748007810B9C848007848B1C848007849
:101E400030B9C8480068C84908600120C449087012
:101E5000C148007840B1C5480168C348006806F031
:101E6000FFF9C04908600AE0B948007838B1C048B5
:101E70000168BD48006806F0FBFCBA490860B44838
:101E8000007868B9B448007850B9B548007801289E
:101E900006D1B5480068B34908600020B049087011
:101EA000B4480078401CC0B2B249087032280ADD3C
:101EB000A9480078A5490870A5480078A549087088
:101EC0000020AC49087000BFAAE770B506460D4671
:101ED000A949304606F090FB12D3A849304606F0D7
:101EE0008BFC0DD3A6480078012809D040F2C6200B
:101EF000854205DBA349A448006806F07DFB0AD2B1
:101F000001248A48008800F2EE20894908800120D7
:101F10009B49087000E00024204670BD70B505465E
:101F20000C469A480078F0B999498E48006806F046
:101F30009FFC0646294606F05FFB14D29449894867
:101F4000006806F08DF90646294606F055FC0AD2CF
:101F5000022C08DA14F1020F05DD89480078012807
:101F600001D18A49087089480078012813D189482D
:101F70000078401CC0B287490870322803DD002079
:101F800008708249087014F1080F04DA00207F49B4
:101F90000870012070BD0020FCE710B53220FEF76C
:101FA00023FC0446012C24D17B48007898B974485E
:101FB0000078012812D179497948006806F01CFCA4
:101FC0000CD873497648006806F016FB06D8002046
:101FD0006B49087002E00120694908706848007880
:101FE000012803D100206C49087002E001206A49F1
:101FF0000870022C07D16B48007808B9012000E076
:1020000000206849087010BD10B50446012C0CD1A1
:1020100003F088FA64480068614908606349B1F9CF
:10202000020006F0BDFA6249086010BD2DE9F047D4
:1020300060480068002871D14FF480505E49086004
:102040005E48007801280BD15D480078401CC0B282
:102050005B4908700A2803D10020087057490870AE
:102060005848007803285ADA56480078401C5549E9
:10207000087055480078FFF7C7FFFEF73EFF534949
:10208000086053480068401C514908605148006886
:102090004E49096808444F4908604D480068642863
:1020A0000BD108460068642190FBF1F04A490860B2
:1020B000002048490860464908606420FEF75AFB42
:1020C0000920FEF7F8FEA0F580600C2190FBF1F0EE
:1020D000164908602A480078012821D10320FEF71C
:1020E000EAFEA0F58065284606F05AFA04463B4908
:1020F00006F0B6FA3A49086025493948006806F002
:10210000AFFA054606F010FA044606F049FA3449DB
:1021100008600846006806F007FA63E082E18AE09A
:1021200086E0000038080040100000203400002045
:10213000402C01400C000020BC000020C00000200A
:10214000C4000020B8000020E0E3FFFFB40000203E
:1021500004000020B500002003000020B70000208C
:10216000AC0000202C000020B000002078000020EF
:102170007C000020B6000020000020C200002042A9
:10218000050000200000A0C10C010020C9000020B3
:1021900000002041CA000020C8000020000020C12B
:1021A000180000200600002008010020F800002090
:1021B0002000002030812142140401402900002029
:1021C000280000206400002000000020680000209B
:1021D0006C000020700000201400002085EBA13B63
:1021E000740000200A2190FBF1F201FB120738462F
:1021F00006F0D6F906468C4906F0A0F804468A494E
:102200008A48006806F09AF8074606F08DF90646F7
:1022100006F0C6F90546214606F022F88349086013
:10222000834801688148006806F01AF8814908600F
:102230000020BDE8F08700207F4908700220FFF7EA
:1022400050F84642304606F0ABF905467B4906F0A9
:1022500075F8044606F068F979490860794800780D
:10226000FFF7D2FE78497948006806F067F87849A8
:10227000086078490968A1F2EE2006F091F9044659
:10228000754906F05BF875490860FFF786FE6C48F3
:10229000016873480068FFF741FE012802D1002061
:1022A00070490870704801686D480068FFF70DFEBE
:1022B00000287DD16B4800780028FAD1FFF79BFDFC
:1022C000664801686948006806F0CAF90646604831
:1022D00001686748006806F0C3F907465548016879
:1022E0005F48006806F0C4FA8046624801684046CC
:1022F00006F0B6F90546394605F0B2FF0446314608
:1023000005F0AEFF80F000405B4908605B495A4829
:10231000006806F0A5F9584908600846006806F00C
:1023200003F9044606F03CF9534908605448016833
:102330004FF0804006F094F982464F4801685046BD
:1023400006F08BFA80464F480168404605F088FF4A
:1023500007464D48006806F023F98146394606F0E5
:102360007FF90546464801684348006806F080FA50
:1023700081464648006806F013F98246494606F051
:102380006FF907464248006806F00AF981463A4864
:102390000168484606F064F98046394605F060FF5A
:1023A0000646294605F05CFF044606F0BDF800E04D
:1023B00035E0384908600846006842F2107190FB29
:1023C000F1F0244909680844224908600846006879
:1023D000B0F51B7F02DA4FF41B7008601D480068DF
:1023E000B0F55C7F03DD4FF45C701A490860244847
:1023F00000682449086020480068214908606FF09F
:102400003B010F480068FFF7B8FC23490860FFF75D
:10241000A3FC214800684042FFF782FC02E0002054
:10242000FFF77EFC002004E700002041740000203C
:10243000300000202C0000206400002093D81942B6
:1024400008000020000000203333834120000020DA
:102450001C000020100000209A9969408000002094
:102460001800002005000020140000209800002023
:102470009400002090000020840000200000C8424A
:10248000880000208C000020A4000020A000002074
:102490009C000020A80000200C00002038B5044655
:1024A000FB4890F82400C0B114B10220009001E074
:1024B00000200090F64A1268D17BF54A52681078E5
:1024C0006B460122FFF755F810B14FF0FF3038BDD1
:1024D0009DF80010EE48417423E0ED48807A10B971
:1024E0004FF0FF30F3E724B1E948407C08B1002009
:1024F000EDE714B10120009001E000200090E44AD3
:102500001268D17BE24A526810786B460122FFF7CD
:1025100030F810B14FF0FF30D9E79DF80010DC48DB
:1025200041740020D3E738B5002419E0D84800688A
:10253000C07AA04204D0D6480068407DA04200D1B5
:102540000CE0D349496808786B4601222146FFF721
:1025500071F810B14FF0FF3038BD00BF601CC4B23D
:10256000CB4840680079A042E0DC0020F4E770B579
:1025700004460D46C6480068C07AA04204D0C4484C
:102580000068407DA04202D14FF0FF3070BDC048CE
:1025900040680079A04202DC4FF0FF30F6E7BC490A
:1025A000496808782B4601222146FFF743F8EDE7FA
:1025B00038B50446B64890F82300A04201D1002067
:1025C00038BD14B13020009001E000200090B048E8
:1025D000807C20B19DF8000040F002000090AC48E3
:1025E00090F8220020B19DF8000040F0800000909B
:1025F000A74A1268117DA64A526810786B460122DC
:10260000FEF7B7FF10B14FF0FF30D9E7A04880F8D0
:1026100023400020D4E738B5044604F0700010B120
:102620000120009005E014B10020009001E040205E
:102630000090974A1268917C954A526810786B46D0
:102640000122FEF796FF20B1002191488172481EB9
:1026500038BD9DF8000020F040018D480173002036
:10266000009004F0400020B99DF8000040F0040004
:10267000009004F0200020B99DF8000040F0020016
:10268000009004F0100020B99DF8000040F0010017
:10269000009004F0080020B99DF8000040F03800D8
:1026A00000907B4A1268D17C794A526810786B4658
:1026B0000122FEF75EFF20B1002175488172481E9D
:1026C000C6E724B1082C02D00020FFF771FF704844
:1026D0008472002101753220FDF724FE0020B7E747
:1026E00038B504466A48807CA04201D1002038BD3C
:1026F000002C46D0664A12681179654A52681078F3
:102700006B460122FEF796FF10B14FF0FF30EEE767
:102710009DF8000020F0200000905D4A12681179B9
:102720005B4A526810786B460122FEF722FF10B117
:102730004FF0FF30DBE70320FDF7F4FD02200090AF
:10274000534890F8220020B19DF8000040F080002E
:1027500000904F4890F8230020B19DF8000040F011
:10276000300000904A4A1268117D494A5268107838
:102770006B460122FEF7FDFE002851D04FF0FF30DE
:10278000B5E7434A12681179414A526810786B469E
:102790000122FEF74FFF10B14FF0FF30A7E73C4892
:1027A000807A00F0010028B19DF8000040F0200080
:1027B000009004E09DF8000020F020000090344AD2
:1027C00012681179324A526810786B460122FEF77E
:1027D000D0FE10B14FF0FF3089E70320FDF7A2FDD6
:1027E0002B4890F8220010B18020009001E00020DA
:1027F0000090274890F8230020B19DF8000040F099
:1028000030000090224A1268117D214A52681078E7
:102810006B460122FEF7ADFE10B14FF0FF3066E7C8
:102820001B488474002062E708B51948807A10B903
:102830004FF0FF3008BD00200090154A1268D17B90
:10284000134A526810786B460122FEF792FE10B1CF
:102850004FF0FF30EEE70E4A126851790C4A526889
:1028600010786B460122FEF784FE10B14FF0FF3066
:10287000E0E7074A12681179054A526810786B46FA
:102880000122FEF776FE28B14FF0FF30D2E70000BC
:10289000CC000020F74890F82400002850D00C20ED
:1028A0000090F44A12681179F24A526810786B4627
:1028B0000122FEF75EFE10B14FF0FF30BAE7C020F4
:1028C0000090EC48807A00F0010020B19DF80000F3
:1028D00040F020000090E74A12681179E54A5268FA
:1028E00010786B460122FEF744FE10B14FF0FF3026
:1028F000A0E7E048407C10B10220009001E00020F9
:102900000090DC4A1268D17BDA4A526810786B4634
:102910000122FEF72EFE10B14FF0FF308AE70020B3
:102920000090D44A12685179D24A526810786B46A6
:102930000122FEF71EFE002852D04FF0FF3079E74B
:1029400004200090CB4A12681179CA4A5268107864
:102950006B460122FEF70DFE10B14FF0FF3069E724
:10296000C448807C20B9C348807A00F0010010B9C7
:102970004020009001E060200090BE4A126811796A
:10298000BC4A526810786B460122FEF7F2FD10B186
:102990004FF0FF304EE7B748407C10B10120009067
:1029A00001E000200090B34A1268D17BB14A52681E
:1029B00010786B460122FEF7DCFD10B14FF0FF30BE
:1029C00038E7AC4A12685179AA4A52681078A94B84
:1029D00010330122FEF7CDFD10B14FF0FF3029E793
:1029E000002027E770B50446002624F00104A14822
:1029F00090F8240008B1002070BD9E48807A10B97C
:102A00004FF0FF30F8E79B48057C807A20409949D9
:102A100008740846007CA04202D04FF0FF3600E068
:102A2000002614B99348007D18B10120FFF736FD48
:102A300002E00020FFF732FD3CB1FFF7F5FE20B1C8
:102A40008C4805744FF0FF30D6E73046D4E738B5F0
:102A500004468848807A10B94FF0FF3038BDBC2C4E
:102A600002DB0120009015E0622C02DB02200090C6
:102A700010E02A2C02DB032000900BE0142C02DB78
:102A80000420009006E00A2C02DB0520009001E003
:102A9000062000907748C07A9DF80010884201D146
:102AA0000020DBE7734A12689178724A5268107806
:102AB0006B460122FEF75DFD10B14FF0FF30CDE710
:102AC0009DF800106B48C1720020C7E738B5044676
:102AD000282C02DD4FF0FF3038BDDCB90020FFF7B5
:102AE00067FD00208DF8000007208DF80100614A85
:102AF0001268917C5F4A526810786B460222FEF79A
:102B000038FD10B14FF0FF30E6E70021594801755C
:102B10000020E1E70120FFF74BFD20208DF80000A9
:102B2000012C06D100208DF801000520FFF78FFF52
:102B300017E0052C06DC01208DF801000520FFF7C9
:102B400086FF0EE0142C06DC02208DF801000A201E
:102B5000FFF77DFF05E003208DF801001420FFF74B
:102B600076FF9DF80100072101EB8010C0B28DF8BF
:102B70000100404A1268917C3E4A526810786B46C8
:102B80000222FEF7F6FC10B14FF0FF30A4E7082157
:102B90003848817200210173012101750020FFF77F
:102BA00021FF002098E738B504463248807A10B9F2
:102BB0004FF0FF3038BD2F4890F8240010B14FF08F
:102BC000FF30F7E72B48007D50B134B1282C04DCEE
:102BD000E0B2FFF77BFF0020ECE70020FFF776FF75
:102BE000042C01DA042404E0B4F57A7F01DD4FF40B
:102BF0007A744FF47A7090FBF4F0401EC0B20090EB
:102C00001C4A126851781B4A526810786B460122A0
:102C1000FEF7AFFC10B14FF0FF30CBE79DF800009E
:102C2000401C4FF47A7191FBF0F081B21148C181E0
:102C30000146C9894810FFF70AFF0020BAE738B5F6
:102C400004460C48807A10B94FF0FF3038BD022C92
:102C500006D0042C07D0082C08D0102C0FD10BE084
:102C6000002000900EE0082000900BE01020009063
:102C700008E00000CC0000201820009002E04FF097
:102C8000FF30E3E700BFF948407A9DF80010B0EB51
:102C9000E10F01D10020D9E7F44A1268D179F34A53
:102CA000526810786B460122FEF763FC10B14FF0BA
:102CB000FF30CBE79DF80000C110EC4841720020C6
:102CC000C4E738B50446E948807A10B94FF0FF30C0
:102CD00038BDFA2C09D0B4F5FA7F09D0B4F57A7F63
:102CE00009D0B4F5FA6F0CD108E0002000900BE099
:102CF0000820009008E01020009005E018200090C7
:102D000002E04FF0FF30E3E700BFD848007A9DF8BB
:102D10000010B0EBE10F01D10020D9E7D34A1268CF
:102D20009179D24A526810786B460122FEF721FC55
:102D300010B14FF0FF30CBE79DF80000C010CB4939
:102D400008720020C4E71CB580208DF80000C74A37
:102D50001268917CC54A526810786B460122FEF7D2
:102D600008FC10B14FF0FF301CBD6420FDF7DAFA0B
:102D700000208DF80000BD4A1268917CBB4A526861
:102D800010786B460122FEF7F4FB10B14FF0FF30D4
:102D9000EAE7B64A1268917DB44A526810786B46E9
:102DA0000622FEF747FC10B14FF0FF30DCE79DF83C
:102DB0000500C007400F9DF8031001F0010140EA33
:102DC00041009DF8011001F0010140EA010494B1B5
:102DD000012C03D10121A548C17431E0022C03D19B
:102DE0000021A248C1742BE02146A1A003F03CF9C8
:102DF0004FF0FF30B8E79D4A1268D1789B4A52687D
:102E000010786B460122FEF715FC10B14FF0FF3031
:102E1000AAE79DF8000000F00F042CB99E4803F0CB
:102E200023F94FF0FF309FE7042C06D19BA003F05D
:102E30001BF901218D48C17402E000218B48C17447
:102E4000FF218A488172FF2088490872FF21874844
:102E50004172C1724FF6FF71C181FF21017481740B
:102E60000121017380F82210002180F823104175A0
:102E700001751630016041608160163880F82410B9
:102E800080F82510C1844FF4FA60FFF71AFF10B1E3
:102E90004FF0FF3068E70220FFF7D1FE10B14FF08E
:102EA000FF3061E72A20FFF7D2FD10B14FF0FF306D
:102EB0005AE73220FFF777FE10B14FF0FF3053E7AB
:102EC0000020FFF78FFD10B14FF0FF304CE70020DE
:102ED000FFF706FC10B14FF0FF3045E70020FFF789
:102EE0009AFB002040E770477CB504460D465F48DA
:102EF000807A00F0700010B94FF0FF307CBD5B4A63
:102F00001268117B594A526810786B460622FEF708
:102F100091FB10B14FF0FF30F0E79DF801009DF8F4
:102F2000001040EA012000B220809DF803009DF8C7
:102F3000021040EA012000B260809DF805009DF873
:102F4000041040EA012000B2A08015B12846FFF726
:102F5000CAFF0020D2E77CB504460D464348807A7C
:102F600000F0080010B94FF0FF307CBD3F4A1268F6
:102F7000517B3E4A526810786B460622FEF75AFB98
:102F800010B14FF0FF30F0E79DF801009DF8001000
:102F900040EA012000B220809DF803009DF8021055
:102FA00040EA012000B260809DF805009DF8041001
:102FB00040EA012000B2A08015B12846FFF793FF38
:102FC0000020D2E72DE9FE4F05460C462748807ABF
:102FD00018B94FF0FF30BDE8FE8F244A1268917B8C
:102FE000224A5268107802AB0222FEF723FB10B18E
:102FF0004FF0FF30EFE79DF809009DF8081040EA18
:10300000012006B214B12046FFF76DFF1749496849
:10301000C88805F0DDFA154901904968B1F9080042
:1030200005F0BEFA8346304605F0BAFA59460090DC
:1030300005F01EFC8246019905F080F981461F4982
:1030400005F00EF980464FF08F4105F009FB074669
:1030500005F06AFA28600020BDE710B588B0044684
:103060001CB94FF0FF3008B010BD29E0CC000020A3
:10307000556E737570706F7274656420736F6674CB
:10308000776172652070726F647563742072657603
:103090002025642E0A00000070A2000848616C66BA
:1030A0002073656E736974697669747920706172D2
:1030B0007420666F756E642E0D0A000000000C42CD
:1030C000206830B9606820B9A06810B9002008B045
:1030D00010BDFA494968087806AB03221146FEF78D
:1030E000A9FA10B14FF0FF30F1E79DF81800082160
:1030F00001EB201000F00F00ADF800009DF8190062
:1031000001EB201000F00F00ADF802009DF81A004E
:1031100001EB201000F00F00ADF804002068410022
:10312000BDF90000403091FBF0F000B2ADF81000A6
:1031300060684100BDF90200403091FBF0F000B240
:10314000ADF81200A0684100BDF90400403091FBC9
:10315000F0F000B2ADF81400D8494968087806AB21
:1031600006221146FEF766FA10B14FF0FF30AEE7C7
:103170009DF819009DF8181040EA012000B2ADF842
:1031800008009DF81B009DF81A1040EA012000B2CB
:10319000ADF80A009DF81D009DF81C1040EA0120C2
:1031A00000B2ADF80C00BDF81000BDF808100844DE
:1031B00000B2ADF81000BDF81200BDF80A100844C6
:1031C00000B2ADF81200BDF81400BDF80C100844B0
:1031D00000B2ADF81400BDF81000000A8DF8180018
:1031E000BDF81000C0B28DF81900BDF81200000A39
:1031F0008DF81A00BDF81200C0B28DF81B00BDF8A2
:103200001400000A8DF81C00BDF81400C0B28DF83F
:103210001D00AA494968087806AB06221146FEF748
:10322000A8F910B14FF0FF3051E700204FE70146F9
:10323000A248007A30B1012807D0022809D003281B
:103240000FD10AE0FA2008800EE04FF4FA700880EF
:103250000AE04FF47A70088006E04FF4FA600880C4
:1032600002E00020088000BF00BF00207047014638
:103270009248407A30B1012807D0022808D00328AC
:103280000CD108E0022008700BE00420087008E070
:103290000820087005E01020087002E04FF0FF30B1
:1032A000704700BF8548C07C18B108784006000E02
:1032B00008700020F4E701468048C07A082817D239
:1032C000DFE800F01704070A0D101318BC2008806F
:1032D00013E06220088010E02A2008800DE014200E
:1032E00008800AE00A20088007E00520088004E042
:1032F00000BF00BF0020088000BF00BF0020704753
:1033000001466E4890F8240010B14FF0FF3070472E
:103310006A48C08908800020F9E70146002008803B
:10332000401E704701464FF0FF307047014663482A
:10333000007A30B1012807D0022808D003280CD128
:1033400008E05F4808600BE05E48086008E05E48FF
:10335000086005E05D48086002E04FF0FF3070470C
:1033600000BF0020FBE701465448407A30B10128F5
:1033700008D002280AD0032810D10BE04FF4804077
:1033800008800EE041F69C7008800AE04FF48050FF
:10339000088006E04FF40060088002E04FF0FF3044
:1033A000704700BF4548C07C10B1088840100880B5
:1033B0000020F5E701464148007C08700020704776
:1033C00001463E48807A10B10120087001E00020DB
:1033D00008700020704738B504463848807A10B924
:1033E0004FF0FF3038BD354A1268117C334A5268BD
:1033F00010786B460222FEF71DF910B14FF0FF3036
:10340000F0E79DF801009DF8001040EA012000B2AD
:1034100020800020E6E72DE9FE4F074688469246C9
:103420001D46DDF830B000260024244890F8240022
:1034300010B1601EBDE8FE8F002028701F48807A02
:1034400010B94FF0FF30F5E71C48007C10B94FF081
:10345000FF30EFE71948007C00F0400008B1B01CD5
:10346000C6B21648007C00F0200008B1B01CC6B2FD
:103470001248007C00F0100008B1B01CC6B20F4822
:10348000007C00F0080008B1B01DC6B20B4A1268FB
:10349000917A0A4A526810786B460222FEF7CAF8FF
:1034A00010B14FF0FF30C5E79DF801009DF8001006
:1034B00040EA0129B1450BDA0020BBE7CC0000202F
:1034C000000003430000834233330342333383411C
:1034D000FC4840684088B9EB600F17DDF94A126874
:1034E000517CF84A526810786B460122FEF7A2F828
:1034F00010B14FF0FF309DE79DF8000000F0100084
:1035000020B1FFF791F96FF0010093E75046FFF704
:10351000EAFCEC4A1268D17AEA4A526810786B46A3
:103520003246FEF787F810B14FF0FF3082E799FB83
:10353000F6F0401E8BF8000000202870B4422AD01C
:10354000E048007C00F0080028B3601C1DF8000073
:103550001DF8041040EA012000B2A8F80000E01CA9
:103560001DF80010A01C1DF8000041EA002000B268
:10357000A8F80200601D1DF80010201D1DF80000B5
:1035800041EA002000B2A8F80400287840F00800C2
:103590002870A01D84B2B44213D0CA48007C00F049
:1035A000400070B1601C1DF800001DF8041040EAD6
:1035B000012000B23880287840F040002870A01C1C
:1035C00084B2B44213D0BF48007C00F0200070B138
:1035D000601C1DF800001DF8041040EA012000B234
:1035E0007880287840F020002870A01C84B2B44273
:1035F00013D0B448007C00F0100070B1601C1DF8BE
:1036000000001DF8041040EA012000B2B8802878BC
:1036100040F010002870A01C84B200200AE7F8B522
:1036200004460F461646A74890F8240010B94FF0FC
:10363000FF30F8BDA348807A10B94FF0FF30F8E7AB
:10364000A04A1268917A9F4A526810786B4602220B
:10365000FDF7F0FF10B14FF0FF30EAE79DF80100F1
:103660009DF8001040EA0125A54203DA00203070E1
:10367000401EDEE7934840684088B5EB600F17DDD9
:10368000904A1268517C8F4A526810786B4601222A
:10369000FDF7D0FF10B14FF0FF30CAE79DF80000F2
:1036A00000F0100020B1FFF7BFF86FF00100C0E795
:1036B000E2B2844B1B68D97A824B5B6818783B4630
:1036C000FDF7B8FF10B14FF0FF30B2E795FBF4F013
:1036D000401E30700020ACE701467A4880F8221086
:1036E000002070477CB5054676494968087801ABEB
:1036F00004220D21FDF79EFF08B107207CBD9DF837
:103700000700C0F301109DF8041001F0E00140EA49
:10371000E1008DF800009DF80700C0F381009DF8DE
:10372000051001F0E00140EAE1008DF801009DF88C
:10373000070000F003009DF8061001F0E00140EAE8
:10374000E1008DF8020000241CE01DF8040018B907
:10375000002045F8240013E05B4845F8240006E00B
:1037600055F82400594904F07BFF45F824001DF862
:103770000400401EC0B20DF804000028F0D100BFC4
:10378000601CC4B2032CE0DB0020B7E72DE9FE4F3C
:1037900006460F4600256846FFF7A4FF002442E0D6
:1037A00056F8240057F82410A0EB010ABAF1000FD4
:1037B00001DB514601E0CAF10001084604F0F0FEC9
:1037C00083464FF08F4104F0B9FD80465DF8240038
:1037D000002104F075FE16D05DF82410404604F078
:1037E000ADFD82464FF07E5105F042F8814629F04A
:1037F000004A3748416A504604F0FEFF12D20120C9
:10380000A04005430EE03248C169404604F0F4FE92
:1038100005D32F48016A404604F0EEFF02D2012092
:10382000A0400543641C032CBADB2846BDE8FE8F8C
:103830002DE9FC5F06460F460025224949680878B5
:1038400001AB03220D21FDF7F5FE10B10720BDE805
:10385000FC9F9DF8040000F01F008DF804009DF807
:10386000050000F01F008DF805009DF8060000F02F
:103870001F008DF80600002462E056F8240057F877
:103880002410A0EB010BBBF1000F01DB594601E056
:10389000CBF10001084604F083FE4FF08F41009009
:1038A00004F04CFD814601A8005DC0B308490868DA
:1038B00004F08EFE83465946064804F03FFD8046DC
:1038C0000FE00000CC0000207B14AE3E1D5A843F68
:1038D000D894000800B04C45FE49404604F0C0FEB4
:1038E000804601A8005D401EC0B201A9085500280D
:1038F000F2D14146484604F021FD83464FF07E5107
:1039000004F0B6FF82462AF0004BF348816958461E
:1039100004F072FF13D20120A04005430FE0FFE73F
:10392000ED480169484604F067FE05D3EA4841695D
:10393000484604F061FF02D20120A0400543641C08
:10394000032C9ADB284682E72DE9F04F87B0054625
:103950000C46914601208DF8100000208DF81100D2
:10396000DE4A1268917CDD4A5268107804AB02226C
:10397000FDF7FFFD20B14FF0FF3007B0BDE8F08F3D
:10398000C820FCF7CFFC00208DF81000D34A126845
:10399000D17BD24A5268107804AB0122FDF7E9FDD1
:1039A00010B14FF0FF30E8E7CC4A12685179CB4AAA
:1039B0005268107804AB0122FDF7DBFD10B14FF027
:1039C000FF30DAE7C54A1268917CC44A5268107821
:1039D00004AB0122FDF7CDFD10B14FF0FF30CCE775
:1039E000BE4A1268D17DBD4A5268107804AB0122EC
:1039F000FDF7BFFD10B14FF0FF30BEE7B74A1268C8
:103A00001179B64A5268107804AB0122FDF7B1FD76
:103A100010B14FF0FF30B0E70C208DF81000AF4A26
:103A200012681179AD4A5268107804AB0122FDF793
:103A3000A0FD10B14FF0FF309FE70F20FCF772FCA4
:103A4000A648806A407A8DF81000A44A12689178DE
:103A5000A24A5268107804AB0122FDF78AFD10B12A
:103A60004FF0FF3089E79D48806A007A8DF810009A
:103A70009A4A12685178994A5268107804AB012228
:103A8000FDF777FD10B14FF0FF3076E7B9F1000F89
:103A900007D09248806A807A40F0E0008DF81000EC
:103AA00004E08E48806A807A8DF810008B4A126894
:103AB00091798A4A5268107804AB0122FDF759FDCA
:103AC00010B14FF0FF3058E7B9F1000F07D083482D
:103AD000806AC07A40F0E0008DF8100003E07E4874
:103AE000C07A8DF810007D4A1268D1797B4A5268FD
:103AF000107804AB0122FDF73CFD10B14FF0FF3010
:103B00003BE7B9F1000F02D0C820FCF70BFC4020C6
:103B10008DF81000714A12681179704A5268107855
:103B200004AB0122FDF725FD10B14FF0FF3024E773
:103B300078208DF81000694A12685179674A5268F6
:103B4000107804AB0122FDF714FD10B14FF0FF30E7
:103B500013E761498889FCF7E5FB00208DF8100028
:103B60005E4A126851795D4A5268107804AB0122AE
:103B7000FDF7FFFC10B14FF0FF30FEE6574A126828
:103B8000917A564A5268107804AB0222FDF752FD32
:103B900010B14FF0FF30F0E69DF811009DF81010C5
:103BA00040EA012B0C209BFBF0F0C6B20020A8607D
:103BB00068602860A06060602060824665E0474AD7
:103BC0001268D17A454A5268107804AB0C22FDF78E
:103BD00031FD10B14FF0FF30CFE69DF811009DF898
:103BE000101040EA012000B2ADF808009DF8130063
:103BF0009DF8121040EA012000B2ADF80A009DF8CD
:103C000015009DF8141040EA012000B2ADF80C0038
:103C1000BDF90810206808442060BDF90A106068EA
:103C200008446060BDF90C10A0680844A0609DF8CD
:103C300017009DF8161040EA012000B2ADF8000010
:103C40009DF819009DF8181040EA012000B2ADF867
:103C500002009DF81B009DF81A1040EA012000B2F6
:103C6000ADF80400BDF90010286808442860BDF9CB
:103C70000210686808446860BDF90410A868084428
:103C8000A8600AF1010000F0FF0AB24597DB124874
:103C9000D0F800C02868C117090441EA10410704A0
:103CA00062460023384602F0BAF932460023CDE9D5
:103CB000020102F0B4F928600748D0F800C0686833
:103CC000C117090441EA104107046246002338463F
:103CD00006E0000054E3853FD8940008CC000020A3
:103CE00002F09DF932460023CDE9020102F097F976
:103CF0006860FE48D0F800C0A868C117090441EA0E
:103D00001041070462460023384602F088F9324623
:103D10000023CDE9020102F082F9A860F348D0F84F
:103D200004C02168C817000440EA11480F04624625
:103D300000233846414602F072F932460023CDE9AD
:103D4000020102F06CF92060E848D0F804C0606815
:103D5000C117090441EA10410704624600233846AE
:103D600002F05DF932460023CDE9020102F057F975
:103D70006060DE48D0F804C0A068C117090441EAB9
:103D80001041070462460023384602F048F93246E3
:103D90000023CDE9020102F042F9A060A0680028EA
:103DA00004DDA068A0F58030A06003E0A06800F505
:103DB0008030A0600020E0E538B50446CC4890F89B
:103DC0002400A04201D1002038BD24B3C84890F897
:103DD000250010B94FF0FF30F6E70020FEF75EFB3C
:103DE0000020FEF77DFCC249C88CFEF7DCFE0020F7
:103DF0000090BF49496808786B4601222321FDF7EE
:103E0000B8FB0121BA4880F824100120FEF746FBD8
:103E1000FEF70AFD13E00020FEF740FBB448007CEB
:103E20000090B349496808786B4601222321FDF7C9
:103E3000A0FB0021AE4880F82410FEF7F5FC00201E
:103E4000C2E72DE9F04F8DB083460F4602200C905B
:103E5000A74890F8240020B10020FFF7ADFF01260D
:103E600000E0002603A8FFF7E2F905A8FFF7FFF935
:103E700001A8FFF720FA02A8FFF742FA9C4890F841
:103E80000AA004A8FFF796FA002407E000223946AA
:103E90005846FFF759FD00B902E0641C022CF5DB1F
:103EA00000BF022C01D1002528E0002407E00122F8
:103EB00006A909A8FFF748FD00B902E0641C022C1E
:103EC000F5DB00BF022C01D1002517E006A938461A
:103ED000FFF75CFC00F0FF0809A95846FFF7A8FCB3
:103EE00000F0FF090025B9F1000F01D145F00105EF
:103EF000B8F1000F01D145F0020500BFFF207C4959
:103F00000872FF217A484172C1724FF6FF71C18178
:103F1000FF218172017401210173BDF80C00FEF7CD
:103F2000D0FE9DF81400FEF78AFEBDF80400FEF7EF
:103F30008EFDBDF80800FEF736FE5046FEF76BFB1F
:103F40009DF81000FEF74EFD16B10120FFF734FF7B
:103F500028460DB0BDE8F08FF8B504460D4616466C
:103F600016B94FF0FF30F8BD6148807A10B94FF0B4
:103F7000FF30F8E720128DF80000E0B28DF8010064
:103F80009DF8010028445A4949684989884202DD60
:103F90004FF0FF30E7E7564A1268117E544A5268E4
:103FA00010786B460222FDF7E4FA10B14FF0FF30B3
:103FB000D9E7EAB24E4B1B68597D4D4B5B681878C8
:103FC0003346FDF7D6FA10B14FF0FF30CBE70020B3
:103FD000C9E7F8B504460D46164616B94FF0FF304E
:103FE000F8BD4348807A10B94FF0FF30F8E720124F
:103FF0008DF80000E0B28DF801009DF80100284422
:104000003B4949684989884202DD4FF0FF30E7E7C4
:10401000374A1268117E364A526810786B4602227F
:10402000FDF7A7FA10B14FF0FF30D9E7EAB2304BF5
:104030001B68597D2E4B5B6818783346FDF7FAFAFA
:1040400010B14FF0FF30CBE70020C9E72DE9F04376
:1040500085B005460E4690469946254890F82500BD
:1040600020B14FF0FF3005B0BDE8F08316B94FF036
:10407000FF30F8E7002423E0281B102801DD102082
:1040800000E0281B87B2321939462046FFF764FF4B
:1040900010B14FF0FF30E6E701AA39462046FFF79E
:1040A00098FF10B14FF0FF30DDE730193A4601A913
:1040B00002F056F810B16FF00100D4E7E01984B2B5
:1040C000AC42D9DB4FEA28208DF8000008F0FF0051
:1040D0008DF80100064A1268917E054A52681078F0
:1040E0006B460222FDF745FA38B103E0D894000888
:1040F000CC0000204FF0FF30B5E701218A4880F85E
:104100002510A0F826900020ADE70146864890F8DB
:10411000240008700020704702464FF0FF307047BF
:1041200001464FF0FF307047F8B505460F4614467C
:10413000002C70D0B5F5FF5F01DDFF2605E0202DD6
:1041400001DA012601E0C5F3471607B90127282C3B
:1041500002DD4FF0FF30F8BD7348407D28BB724848
:1041600090F8240038B10020FFF726FE01216E48A8
:1041700080F8201003E000216B4880F820106A4886
:104180001630FFF754F868481830FFF770F86648A3
:104190001A30FFF790F864481C30FFF7B1F8624816
:1041A000817A81771F30FFF705F90020FEF776F955
:1041B0000020FEF78BFC00208DF800005A4A1268A0
:1041C0009178594A526810786B460122FDF7D1F96F
:1041D00010B14FF0FF30BEE740208DF80000524A8A
:1041E0001268D17B504A526810786B460122FDF765
:1041F000C0F900B165E08DF800608DF801704A4AA1
:104200001268117A484A526810786B460222FDF70C
:10421000B0F908B155E047E00520FCF783F84248C3
:10422000407A072101EBC000C0B28DF800003E4A81
:104230001268D1793C4A526810786B460122FDF72A
:1042400098F900B13DE020208DF80000012C03D149
:1042500000208DF801000EE0052C03DC01208DF814
:10426000010008E0142C03DC02208DF8010002E0BC
:1042700003208DF801009DF80100072101EB80105B
:10428000C0B28DF80100284A1268917C264A526813
:1042900010786B460222FDF76CF900B111E00121A4
:1042A00021484175002056E71F4A1632002103E0DD
:1042B000505C00B105E0491C0C29F9D34FF0FF30E8
:1042C00049E7FF2018490872FF2117484172C1725F
:1042D0004FF6FF71C181FF218172017401210173C9
:1042E0000146887FFEF797F90F49C88AFEF7E9FC77
:1042F0000D49087EFEF7A3FC0B49488BFEF7A7FB90
:104300000949888BFEF74FFC0749C87FFEF76AFB17
:10431000054890F8200010B10120FFF74DFD002165
:1043200001484175002016E7CC00002010B5C823D5
:104330004FF48062F74940F6F630FFF787FE10BD74
:1043400010B586B00446F4A000680390F3A000689E
:104350000290F3A000680190F2A00068009004F0C1
:10436000030003A9085C8DF8140003A8C4F3C1017D
:10437000405C8DF8150003A8C4F38111405C8DF8F2
:10438000160004F0030002A9085C8DF8100002A8D2
:10439000C4F3C101405C8DF8110002A8C4F381117F
:1043A000405C8DF8120005AA032140F22640FFF779
:1043B000D3FD18B14FF0FF3006B010BD04AA0321A1
:1043C00040F22A40FFF7C8FD10B14FF0FF30F3E78D
:1043D000019805900098049004F0040058B19DF8ED
:1043E000140040F001008DF814009DF8100040F01A
:1043F00001008DF8100004F0200058B19DF8150060
:1044000040F001008DF815009DF8110040F001000A
:104410008DF8110004F4807058B19DF8160040F03A
:1044200001008DF816009DF8120040F001008DF893
:10443000120005AA03214FF48860FFF78DFD10B12B
:104440004FF0FF30B8E704AA032140F23140FFF7F4
:1044500083FD10B14FF0FF30AEE7B3480481002078
:10446000AAE71FB50446B048007A00F0030054F8EC
:1044700020000190AC48007A00F0040010B10198CF
:1044800040420190A848007AC0F3C10054F82000CF
:104490000290A548007A00F0200010B10298404236
:1044A0000290A148007AC0F3811054F820000390D4
:1044B0009D48008900F4807010B103984042039039
:1044C0009A49019880FB0101800F40EA8100019028
:1044D0009649029880FB0110820042EA9170029096
:1044E0009249039880FB0110820042EA9170039088
:1044F0000198000E8DF800000198000C8DF8010065
:104500000198000A8DF802000198C0B28DF80300EE
:104510006A4604214FF47470FFF71EFD18B14FF086
:10452000FF3004B010BD0298000E8DF80000029814
:10453000000C8DF801000298000A8DF80200029824
:10454000C0B28DF803006A4604214FF47570FFF77E
:1045500003FD10B14FF0FF30E3E70398000E8DF834
:1045600000000398000C8DF801000398000A8DF8F4
:1045700002000398C0B28DF803006A4604214FF48C
:104580007670FFF7E9FCCCE770B588B0064601A865
:10459000FEF7E9FEBDF804000021C90341EA5045D9
:1045A000C4036148007A00F0030056F8200005902B
:1045B0005D48007A00F0040010B105984042059073
:1045C0005948007AC0F3C10056F8200006905648BA
:1045D000007A00F0200010B1069840420690524840
:1045E000007AC0F3811056F8200007904E480089E9
:1045F00000F4807010B10798404207900598C117E9
:10460000A0FB042301FB043100FB0510810041EAFB
:10461000927005900698C117A0FB042301FB04319A
:1046200000FB0510810041EA927006900798C117BF
:10463000A0FB042301FB043100FB0510810041EACB
:10464000927007900598000E8DF808000598000CF0
:104650008DF809000598000A8DF80A000598C0B287
:104660008DF80B000698000E8DF80C000698000CD3
:104670008DF80D000698000A8DF80E000698C0B25D
:104680008DF80F000798000E8DF810000798000CA9
:104690008DF811000798000A8DF812000798C0B233
:1046A0008DF8130002AA0C214FF42570FFF754FC7B
:1046B00008B070BD30B585B004461DA207CA02AB74
:1046C00007C3C82C03DD4FF0FF3005B030BDC82054
:1046D00090FBF4F0401E85B2280A8DF80000E8B285
:1046E0008DF801006A46022140F21620FFF734FCE3
:1046F00010B14FF0FF30E8E702AA0C2140F6C120CC
:10470000FFF72AFC10B14FF0FF30DEE70648848146
:104710000020DAE7009500084CCD6C000CC92C0095
:1047200036567600264666007405002009E3CA0264
:10473000FEF2ABC4AAF1DFDFBBAFDFDF0146FC480E
:1047400080890880002070472DE9FC4706460F4607
:1047500006F0070010B1B7F5C86F03DD4FF0FF306A
:10476000BDE8FC87384603F033FF8146F14903F08A
:10477000E5FD80466846FEF77AFD9DF800000228B8
:1047800006D0042816D0082826D0102848D135E0B5
:104790004FF08D41404603F063FF814603F0E0FE99
:1047A00084B2E549404603F05BFF814603F0D8FE42
:1047B00085B238E04FF08C41404603F051FF81460E
:1047C00003F0CEFE84B2DD49404603F049FF814646
:1047D00003F0C6FE85B226E04FF08B41404603F061
:1047E0003FFF814603F0BCFE84B2D549404603F04A
:1047F00037FF814603F0B4FE85B214E04FF08A41E2
:10480000404603F02DFF814603F0AAFE84B2CD4955
:10481000404603F025FF814603F0A2FE85B202E088
:104820004FF0FF309CE700BF20128DF80400E0B28B
:104830008DF8050028128DF80600E8B28DF8070003
:1048400006F00100A0B101AA02214FF4EA70FFF7BF
:1048500083FB10B14FF0FF3082E70DF10602022119
:104860004FF49270FFF778FB10B14FF0FF3077E70D
:1048700006F00200A0B101AA02214FF4EC70FFF78C
:104880006BFB10B14FF0FF306AE70DF10602022119
:104890004FF49470FFF760FB10B14FF0FF305FE70B
:1048A00006F00400A0B101AA02214FF4EE70FFF758
:1048B00053FB10B14FF0FF3052E70DF10602022119
:1048C0004FF49670FFF748FB10B14FF0FF3047E709
:1048D000002045E738B504460020009004F00100B0
:1048E00020B19DF8000040F03000009004F002007C
:1048F00020B19DF8000040F00C00009004F004008E
:1049000020B19DF8000040F0030000906A460121AC
:104910004FF4A470FFF720FB38BD38B50446012CD6
:1049200001DA012402E0042C00DD0424601EC0B280
:1049300000906A46012140F24F10FFF70DFB38BD91
:1049400038B50446052094FBF0F085B228128DF8A6
:104950000000E8B28DF801006A4602214FF4EF70C2
:10496000FFF7FAFA38BD38B50446052094FBF0F09D
:1049700085B228128DF80000E8B28DF801006A4671
:1049800002214FF4ED70FFF7E7FA38BDF8B50546A0
:104990000E464FF47A7095FBF0F000FB06F4200E03
:1049A0008DF80000200C8DF80100200A8DF802001F
:1049B000E0B28DF803006A4604214FF4AE70FFF7B1
:1049C000CBFAF8BD38B50446052094FBF0F084B26C
:1049D00020128DF80000E0B28DF801006A46022135
:1049E0004FF4AD70FFF7B8FA38BD38B5044605206E
:1049F00094FBF0F084B220128DF80000E0B28DF844
:104A000001006A4602214FF4AC70FFF7A5FA38BDE9
:104A100038B5044614B94FF0FF3038BD6A4604215A
:104A20004FF45870FFF7D5FA10B14FF0FF30F4E7AC
:104A30009DF8000000069DF8011040EA01409DF835
:104A4000021040EA01209DF8031008432060002076
:104A5000E3E738B50446200E8DF80000200C8DF8F1
:104A60000100200A8DF80200E0B28DF803006A46CA
:104A700004214FF45870FFF76FFA38BD38B504467B
:104A800014B94FF0FF3038BD6A4604214FF47170FD
:104A9000FFF79FFA10B14FF0FF30F4E79DF80000E8
:104AA00000069DF8011040EA01409DF8021040EA1E
:104AB00001209DF80310084300EB80008000206077
:104AC0000020E0E738B504461420B4FBF0F4200ED3
:104AD0008DF80000200C8DF80100200A8DF80200EE
:104AE000E0B28DF803006A4604214FF47170FFF7BD
:104AF00033FA38BD38B5044664B120208DF8000083
:104B000028208DF8010030208DF8020038208DF823
:104B1000030004E0A3220421684601F04DFB6A462D
:104B2000042140F69E20FFF717FAFDF77DFE38BD01
:104B30007405002000004843000040460000C045C6
:104B4000000040450000C04438B5044664B1C020B0
:104B50008DF80000C2208DF80100C4208DF80200FD
:104B6000C6208DF8030004E08B220421684601F082
:104B700023FB6A46042140F69820FFF7EDF9FDF784
:104B800053FE38BD3EB504466CB1FDA1D1E900200D
:104B90008968CDE9002002916A4609214FF49760A7
:104BA000FFF7DAF93EBDF9A2D2E900109268CDE92B
:104BB000010200916A4609214FF49760FFF7CCF992
:104BC000F0E73EB5044602208DF80000CA208DF8BB
:104BD0000100E3208DF8020009208DF803006A46E9
:104BE00004216820FFF7B8F9A3208DF8000004F035
:104BF000400048B1C0208DF80100C8208DF80200A7
:104C0000C2208DF8030006E0A3208DF801008DF886
:104C100002008DF8030004F4C07048B1C4208DF880
:104C20000400CC208DF80500C6208DF8060006E0B3
:104C3000A3208DF804008DF805008DF80600A32050
:104C40008DF807008DF808008DF809006A460A21E2
:104C500040F6A720FFF780F904F0030018B12020E8
:104C60008DF8000002E0D8208DF800006A4601218E
:104C700040F6B620FFF770F904F0200018B10120CB
:104C8000FFF780FF02E00020FFF77CFF04F4C07014
:104C900008B304F4807060B1B2208DF800008B205E
:104CA0008DF80100B6208DF802009B208DF80300DE
:104CB0000BE0B0208DF8000080208DF80100B420BA
:104CC0008DF8020090208DF803006A46042140F61A
:104CD000A220FFF741F904F0010020B3F8208DF87D
:104CE00000006A4601214FF40B60FFF735F9FA2105
:104CF0000720FFF729FD0720FFF7ECFD0120FFF754
:104D00000CFE6420FFF71CFE4FF4FA70FFF72BFE39
:104D1000C821A148FFF73AFE2820FFF753FE0A20DA
:104D2000FFF763FE08E0D8208DF800006A460121F5
:104D30004FF40B60FFF710F904F0020018B1D9200E
:104D40008DF8000002E0D8208DF800006A460121AD
:104D500040F23D70FFF700F904F0040018B10120A3
:104D6000FFF7F2FE02E00020FFF7EEFE04F0100075
:104D700018B10120FFF7BEFE02E00020FFF7BAFEE7
:104D800044F0080085494881FDF74EFD0020834925
:104D9000887304F0400018B10846807B801D88733A
:104DA00004F4C07020B17D48807B801D7B498873EE
:104DB00004F0140020B17948807B10307749887363
:104DC00004F0030020B17548807B001D734988738F
:104DD00000203EBD01467148408908800020704790
:104DE0002DE9F0410446E07800F0C006E07800F0DC
:104DF0003F05607800F0010098B1EF102846E917F0
:104E000005EB5171C910A5EBC101491C01F0FF0868
:104E10006248006820B161484146026838469047C0
:104E200000BF607800F0080030B15C48406818B1FD
:104E3000B0115A4A516888470020BDE8F08110B58A
:104E400086B0044656A207CA03AB07C357A207CAD7
:104E50008DE80700012C09D0022C0ED103AA0B21EA
:104E600040F68220FFF778F806B010BD6A460B21A5
:104E700040F68220FFF770F8F6E74FF0FF30F3E7D7
:104E80002DE9F04F8DB00746884615469946DDE975
:104E9000166B0024002030804049887B5A4605A9C3
:104EA000FEF7BDFB18B1601E0DB0BDE8F08F3B48AA
:104EB000807A00F01400002861D09DF814000006EC
:104EC0009DF8151040EA01409DF8161040EA0120B7
:104ED0009DF81710084328609DF8180000069DF8FB
:104EE000191040EA01409DF81A1040EA01209DF88F
:104EF0001B10084368609DF81C0000069DF81D10FB
:104F000040EA01409DF81E1040EA01209DF81F1064
:104F10000843A8609DF8200000069DF8211040EA93
:104F200001409DF8221040EA01209DF8231008431B
:104F3000E86004F11000C4B22868001401906868A9
:104F400000140290A86800140390E868001404900C
:104F500001984043029901FB0100039901FB010004
:104F6000049901FB010ABAF1706F02DBBAF1885FA4
:104F700022DDFDF759FC00203080401E94E721E03F
:104F8000B8AAB38DB4980D355D000000B8AAAAAADE
:104F9000B088C3C5C700000009E3CA027405002039
:104FA000D8B1B9F38BA391B609B4D900DAB1B9F38A
:104FB0008BA391B6DAB4DA00B6F9000040F4807041
:104FC000308000BF3448807A00F0400020B305A94B
:104FD000601C085C095D40EA012000B2A8F80000EE
:104FE00005A9E01C095C05AAA01C105C41EA002090
:104FF00000B2A8F8020005A9601D095C201D105C24
:1050000041EA002000B2A8F80400A01DC4B2B6F91D
:10501000000040F0080030801F48408900F4C07054
:1050200008B305A9601C085C095D40EA012000B2D4
:10503000388005A9E01C095C05AAA01C105C41EAA7
:10504000002000B2788005A9601D095C201D105C5D
:1050500041EA002000B2B880A01DC4B2B6F9000039
:1050600040F0700030800C48807A00F0030018B1E6
:1050700005A90819FFF7B4FE4846FDF734FF0020E4
:1050800012E70146044801600020704701460248CB
:10509000416000207047000074050020014691F92E
:1050A0000020002A01DD00201EE091F90020002AE6
:1050B00001DA042018E091F90120002A01DD012025
:1050C00012E091F90120002A01DA05200CE091F9A3
:1050D0000220002A01DD022006E091F90220002AC8
:1050E00001DA062000E00720704770B50546284623
:1050F000FFF7D4FF0446E81CFFF7D0FF44EAC000E6
:1051000084B2A81DFFF7CAFF44EA801084B220468B
:1051100070BD70B588B002A905A8FEF792FE0446DE
:10512000072C3FD101A8FEF701F9059803F038FAE2
:105130000646019903F094FA054603F0F5F9059047
:10514000069803F02DFA0646019903F089FA054600
:1051500003F0EAF90690079803F022FA064601994F
:1051600003F07EFA054603F0DFF9079005A8FFF784
:1051700078F96846FEF7F7F8BDF800100298484342
:105180000290BDF80010039848430390BDF800104A
:1051900004984843049002A8FFF7F6F9FEA000F037
:1051A00063FF00BF08B070BD2DE9F04304460D4613
:1051B000DDE907670021012041E0DFF800C43CF889
:1051C0001080A0F1010CDFF8F49329F81C8009F19C
:1051D000160C3CF81090A0F1010CDFF8E08308F108
:1051E000160828F81C9008F1160C3CF81090A0F155
:1051F000010C08F1160828F81C9008F1160C3CF870
:105200001090A0F1010C08F1160828F81C9008F184
:10521000160C3CF81090A0F1010C08F1160828F8C3
:105220001C9008F1160C3CF81090A0F1010C08F14C
:10523000160828F81C9000F1010C0CF0FF000A2859
:10524000BBDBDFF878C3ACF81240ACF82850ACF800
:105250003E20ACF85430ACF86A60ACF880700021A5
:10526000002008E0DFF854C33CF910C0614400F1AD
:10527000010C0CF0FF000A28F4DB4FF00A0C91FB44
:10528000FCFC0FFA8CFCDFF83483A8F814C0002172
:1052900000200AE0DFF824C30CF1160C3CF910C022
:1052A000614400F1010C0CF0FF000A28F2DB4FF022
:1052B0000A0C91FBFCFC0FFA8CF8DFF800C3ACF889
:1052C0002A80002100200AE0DFF8F0C20CF12C0C4B
:1052D0003CF910C0614400F1010C0CF0FF000A28F9
:1052E000F2DB4FF00A0C91FBFCFC0FFA8CF8DFF8B4
:1052F000CCC2ACF84080002100200AE0DFF8BCC23C
:105300000CF1420C3CF910C0614400F1010C0CF0AE
:10531000FF000A28F2DB4FF00A0C91FBFCFC0FFAAD
:105320008CF8DFF898C2ACF85680002100200AE023
:10533000DFF888C20CF1580C3CF910C0614400F150
:10534000010C0CF0FF000A28F2DB4FF00A0C91FB75
:10535000FCFC0FFA8CF8DFF864C2ACF86C8000211A
:1053600000200AE0DFF854C20CF16E0C3CF910C0CA
:10537000614400F1010C0CF0FF000A28F2DB4FF051
:105380000A0C91FBFCFC0FFA8CF8DFF830C2ACF889
:105390008280BDE8F08338B50446032302226B21E6
:1053A000D0200094FCF71CFA38BD38B5044602231F
:1053B00004221B21D0200094FCF712FA38BD38B526
:1053C0000446022304221C21D0200094FCF708FA92
:1053D00038BD10B50446234606226B21D020FCF7C9
:1053E00034FA10BD10B5764B01227521D020FCF7A0
:1053F0007FF97348007810BD10B5FFF7F3FF6828F8
:1054000001D1012010BD0020FCE710B50446234661
:1054100005226A21D020FCF718FA10BD10B5044609
:10542000234601223721D020FCF70FFA10BD10B51A
:105430000220FFF7B0FF0320FFF7B7FF0020FFF7C0
:10544000BEFF0020FFF7C5FF0020FFF7DEFF0020B2
:10545000FFF7E4FF10BD38B5002000906B46012235
:1054600075216820FCF7E6F801205649087056A01F
:1054700000F0FAFD9DF8000068280ED000BF5B48E0
:10548000006800F4E0605A490843001D574908606D
:10549000BFF34F8F00BF00BFFEE7FDF754FC0028AD
:1054A0003CD17820FDF7B7F810B947A000F0DCFD3B
:1054B0007820FDF797FA10B94EA000F0D5FDC8206E
:1054C000FDF771FB10B955A000F0CEFDFEF72EFFE1
:1054D00010B95CA000F0C8FD6748FFF706FE04465F
:1054E000FEF72EFF10B965A000F0BEFD40F273106C
:1054F000FFF767FB10B96BA000F0B6FDC820FFF7FF
:10550000D9F810B971A000F0AFFDFFF702FE01203D
:10551000FEF752FC10B976A000F0A6FD0020294944
:10552000087038BD2DE9F04F8FB00CA879490DAB4C
:1055300008AACDE9001078497848FFF7A1FC754822
:10554000008800F48070002824D0089803F028F820
:1055500004464FF09D4102F0F1FE71490860099840
:1055600003F01EF804464FF09D4102F0E7FE6D493E
:1055700008600A9803F014F804464FF09D4102F0C9
:10558000DDFE694908600B9803F00AF804464FF005
:105590009D41CBE0A6E1000073657474696E6720DD
:1055A000626961732073756363657366756C6C798A
:1055B000202E2E2E2E2E2E0D0A00000092050020E9
:1055C00084050020060000206D70755F7365745FB0
:1055D00073656E736F7220636F6D706C6574652098
:1055E0002E2E2E2E2E2E0D0A000000000CED00E0B7
:1055F0000000FA056D70755F636F6E66696775729E
:10560000655F6669666F20636F6D706C6574652099
:105610002E2E2E2E2E2E0D0A000000006D70755FAE
:105620007365745F73616D706C655F726174652022
:10563000636F6D706C657465202E2E2E2E2E2E0DD0
:105640000A000000646D705F6C6F61645F6D6F7461
:10565000696F6E5F6472697665725F6669726D7795
:1056600061726520636F6D706C657465202E2E2EDF
:105670002E2E2E0D0A00000024010020646D705FA4
:105680007365745F6F7269656E746174696F6E20A3
:10569000636F6D706C657465202E2E2E2E2E2E0D70
:1056A0000A000000646D705F656E61626C655F6624
:1056B00065617475726520636F6D706C65746520CB
:1056C0002E2E2E2E2E2E0D0A00000000646D705F0F
:1056D0007365745F6669666F5F7261746520636F7E
:1056E0006D706C657465202E2E2E2E2E2E0D0A00E8
:1056F0006D70755F7365745F646D705F73746174F2
:105700006520636F6D706C657465202E2E2E2E2EB5
:105710002E0D0A0004010020FE000020F8000020E9
:1057200014010020180100201C01002002F006FED8
:1057300089490860894801684FF0804002F090FF75
:10574000069087480168069802F08AFF82468548DD
:1057500001684FF0404002F083FF06907E480168E8
:10576000069802F07DFF8346514602F079FD0790CE
:1057700002F04AFD804600F041FF06464FF06632D7
:10578000794B02F031FA044601F052FF7749086084
:10579000734801684FF0804002F062FF0390704848
:1057A0000168039802F05CFF82466E4801684FF082
:1057B000404002F055FF03906A480168039802F0E8
:1057C0004FFF8346514603F053F881464FF07E5118
:1057D00002F046FD044602F017FDCDE904015F48E2
:1057E00001684FF0804002F03BFF83465D4801684E
:1057F000584602F035FF8146594801684FF0804015
:1058000002F02EFF834654480168584602F028FFF4
:105810008246494602F024FD044602F0F5FC0746A4
:10582000DDE9042301F032F94FF066324E4BCDE949
:10583000060102F0D9F9054601F0FAFE4C4908606C
:1058400045480168006802F00BFF03904448016876
:10585000006802F005FF029042480168006802F00B
:10586000FFFE83463D480168006802F0F9FE594694
:10587000019002F0F5FC8246029902F0F9FF8146A0
:10588000039902F0F5FF044602F0BEFCCDE90401E5
:10589000314801683148006802F0E2FE8246304833
:1058A00001683048006802F0DBFE8346514602F092
:1058B000D7FC81464FF0804102F0D2FE044602F050
:1058C000A3FC0746DDE9042301F0E0F84FF066325F
:1058D000254BCDE9060102F087F9054601F0A8FE47
:1058E000244908600FB0BDE8F08F2DE9F05F422138
:1058F000D020FBF7DAFE05464121D020FBF7D5FE8C
:1059000005EB0024204602F04BFE82464FF08E410C
:10591000504602F071FF05D24FF08F41504602F021
:10592000A7FF82461449504602F008FD834602F064
:105930006BFC8046114A124B01F0ACFE0646002279
:10594000104B02F051F9044601F072FE82465046B7
:1059500002F0EAFDBDE8F09F2001002014010020C4
:105960001C0100201801002066A64C400801002000
:105970000C010020100100200000AA43A4703D0A81
:10598000D7434240000024402DE9F84FFEA20021F9
:105990000846FBF724F9FE48007828B1FDA2002153
:1059A0004620FBF71CF904E0FBA200214620FBF790
:1059B00016F9FAA20A210020FBF711F9F94800684C
:1059C00000280FDAF8A20A215020FBF708F90C2072
:1059D00003230090F348006842420A215F20FBF74E
:1059E000B4F80DE0F1A20A215020FBF7F8F80C20E2
:1059F00003230090EB480A2102685F20FBF7A5F81B
:105A0000EBA214210020FBF7EAF8EB48006800281D
:105A100012DAE5A214215020FBF7E1F80C200090E7
:105A2000E5480068E5490968084442420323142117
:105A30005F20FBF78AF810E0DCA214215020FBF76E
:105A4000CEF80C200090DC480068DC490968421858
:105A5000032314215F20FBF778F8D9A21E21002030
:105A6000FBF7BDF8D8A21E213A20FBF7B8F8D7A261
:105A70001E215020FBF7B3F8D5480068642190FB45
:105A8000F1F40C20022322461E2100902D20FBF76A
:105A90005CF8CF480068642190FBF1F201FB12042E
:105AA0000C20022322461E2100904420FBF74DF8D3
:105AB000C7480068642190FBF1F201FB12000A283C
:105AC00007DA0C20022300221E2100903E20FBF763
:105AD0003CF8C0A228210020FBF781F80021BF4834
:105AE000006802F089FD11D2BD49BC48006802F08F
:105AF000B7FB054602F034FD04460C200323224682
:105B0000282100902D20FBF720F80CE0B348006816
:105B100002F026FD04460C20032322462821009093
:105B20002D20FBF712F8AFA232210020FBF757F827
:105B30000021AF48006802F05FFD3DD29AA23221F9
:105B40004620FBF74CF8AA48006880F0004528463C
:105B500002F006FD04460C2002232246322100906A
:105B60005020FAF7F2FF98A232216020FBF737F8B5
:105B70009F48006880F0004A504602F0D5FC8146FC
:105B800002F00EFD07469A48006880F0004839464A
:105B9000404602F06DFE0646964902F061FD05465C
:105BA00002F0DEFC04460C20012322463221009044
:105BB0006A20FAF7CAFF33E07CA232214620FBF7C5
:105BC0000EF88B48006802F0CBFC04460C20022340
:105BD0002246322100905020FAF7B7FF7AA23221F4
:105BE0006020FAF7FCFF8248006802F09DFC8046C6
:105BF00002F0D6FC07467E480168384602F02DFECA
:105C000006467C4902F02CFD054602F0A9FC04463C
:105C10000C2001232246322100906A20FAF795FFDA
:105C2000FAF7B3FEBDE8F88F2DE9F04786B0684873
:105C30000068A0F2C6204000032190FBF1FABAF1FF
:105C4000000F01DA4FF0000ABAF1640F01DD4FF0E6
:105C5000640A5448006801F060FF0546664A674BD5
:105C600001F0D4FD074601F029FF8146B9F1000F8C
:105C700001DAC9F100094B48006801F04EFF074600
:105C80005D4A5E4B01F0C2FD054601F017FF044678
:105C9000002C00DA64425A48007808B9012000E07C
:105CA0000020574908705748007801282DD15149E4
:105CB0005548006802F0D4FC804602F035FC0546E9
:105CC0004C495248006802F0CBFC804602F02CFCA4
:105CD00006464F494648006802F0C2FC804602F082
:105CE00023FC07460020CDE90250CDE90076049060
:105CF00048480368484802684848016848A000F0DE
:105D0000B3F900203F49087021E03D48007868B9A8
:105D10003248006802F008FC054609F0FF02E1B2D3
:105D20005346009045A000F09FF910E047480068F6
:105D300002F0FAFB05462948006802F0F5FB06462A
:105D4000434803882A46314642A000F08DF906B048
:105D5000BDE8F08710B51E48006802F021FC04463B
:105D60002B4902F0EBFA3F49086001211B4800680B
:105D700000F0B8F802213548006800F0B3F8344963
:105D8000088802F025FC6FE04D6F746F723A0000D6
:105D9000050000204F464600204F4E00456E636FC1
:105DA00064657200080000202D0000002B00000038
:105DB000534552564F0000001000002034000020D0
:105DC000566F6C74610000002E0000005600000049
:105DD00014000020416E676C650000001800002070
:105DE0000000B4435A686F6E677A6869000000006B
:105DF0002C00002000002041CDCCCCCCCCCCF43FFA
:105E00003C0100202A0000207C00002078000020B7
:105E10000000C842A40000209C000020A000002038
:105E20007B4325643A25643A25643A25643A25641F
:105E30003A25643A25643A25642400007B412564B0
:105E40003A25643A25643A25647D24001C0000202C
:105E5000402C01407B4225643A25643A25647D2428
:105E600000000000380100200446032100F03AF849
:105E7000032000F086F81049087000200F490870D0
:105E800012E000BF0E48008800F040000028F9D062
:105E90000C480A490978405C0949091D08800748EF
:105EA0000078401C054908700448007802490978C8
:105EB0008842E6DB10BD00003501002034010020DF
:105EC000003801401606002030B503461C788C547B
:105ED0005D78541C0D559D78941C0D55DD78D41CAF
:105EE0000D5530BD13B50C460A2C00DC04B91CBDA1
:105EF0000B2C43D2DFE804F042060C12181E242AB1
:105F000030363C00012244496846FFF7DDFF35E0AA
:105F1000052241496846FFF7D7FF2FE009223E4995
:105F20006846FFF7D1FF29E00D223B496846FFF79D
:105F3000CBFF23E0112238496846FFF7C5FF1DE07B
:105F4000152235496846FFF7BFFF17E0192232498D
:105F50006846FFF7B9FF11E01D222F496846FFF799
:105F6000B3FF0BE021222C496846FFF7ADFF05E0A7
:105F7000252229496846FFF7A7FF00BF00BF00BFE1
:105F8000B5E701460A2900DC09B900207047242042
:105F9000214A10700B293CD2DFE801F03B060B10C0
:105FA000151A1F24292F350005201B4A5071062081
:105FB000ECE70920184A50720A20E7E70D20164A3C
:105FC00050730E20E2E71120134A50741220DDE7CF
:105FD0001520114A50751620D8E719200E4A507620
:105FE0001A20D3E71D200C4A50771E20CEE721202F
:105FF000094A82F821002220C8E72520064A82F8B3
:1060000025002620C2E72920034A82F829002A20F9
:10601000BCE70020BAE7000016060020704710B564
:106020004C1084EA530404D54042C1F1000138BF4A
:10603000491E1B4204D55242C3F1000338BF5B1E08
:1060400000F0E8F814F0804F04D04042C1F10001A4
:1060500038BF491E14F0004F04D05242C3F1000370
:1060600038BF5B1E10BD00000FB4044910B503AA71
:10607000029800F0ABF910BC5DF814FB3C00002066
:106080002DE9F0410E460446002020622046E168DA
:10609000884730B3252805D0D4E901219047206AEC
:1060A000401CF2E7E168204600278847050018D029
:1060B000A5F14100192802D820354FF40067324677
:1060C000294620462760FAF76BF840B1012804D032
:1060D000F61D26F007060836D8E7361DD6E728460F
:1060E000DAE7206ABDE8F0812DE9F0410646002498
:1060F00010687529314616A510D0AFF3008000282E
:1061000002DA404213A507E031688A0701D512A5DB
:1061100002E0490704D511A5012401E0AFF3008096
:1061200000210A2206F1240709E0B0FBF2FCB0FBD3
:10613000F2F302FB1C00303078541846491C00284A
:10614000F3D123462A463046BDE8F04100F0E4B8DA
:10615000000000002D0000002B00000020000000C7
:1061600040EA010310B59B070FD1042A0DD310C8D4
:1061700008C9121F9C42F8D020BA19BA884201D926
:10618000012010BD4FF0FF3010BD1AB1D30703D06E
:10619000521C07E0002010BD10F8013B11F8014B24
:1061A0001B1B07D110F8013B11F8014B1B1B01D140
:1061B000921EF1D1184610BD02F0FF0343EA0322FC
:1061C00042EA024200F002B84FF000020429C0F097
:1061D000128010F0030C00F00D81CCF1040CBCF126
:1061E000020F18BF00F8012BA8BF20F8022BA1EB6B
:1061F0000C0100F0FFB85FEAC17C24BF00F8012B5E
:1062000000F8012B48BF00F8012B7047704770471A
:106210007047704753EA020C00F069802DE9F04B9B
:106220004FF00006002B1FBFB3FA83F503FA05F405
:1062300024FA05F65E4012BF1643B2FA82F502FA5E
:1062400005F4C5F120051EBF22FA05FC44EA0C0442
:10625000203556EA044C4FEA144418BF641C4FF032
:1062600000084FF00009904271EB030C39D300296C
:1062700019BFB1FA81F701FA07F6B0FA80F700FA10
:1062800007F6C7F120071EBF20FA07FC46EA0C06F6
:106290002037B6FBF4FCA7EB0507103F07F01F0BF8
:1062A000CBF120060CFA0BFB2CFA06F644BFB346E2
:1062B0000026202FA4BF5E464FF0000B5BEA060CC1
:1062C00008BF4FF0010B19EB0B09ABFB027C48EB4D
:1062D0000608C01B06FB02CC0BFB03CC71EB0C01C8
:1062E000C1E70B46024641464846BDE8F08B13B570
:1062F0004FF000004FF00001AFF30080BDE81C40FC
:10630000704710B500F09CF8006810BD10B5044649
:1063100000F096F8046010BD2DE9F0470D4699464F
:106320009246044600F124080168880604D5E06915
:1063300021F01001216000E00120A84201DD471B8F
:1063400000E00027A1697A1902EB0900081AA06190
:106350002078C00602D42046AFF30080002608E073
:10636000D4E901211AF806009047206A401C761CE7
:1063700020624E45F4DB2078C0060AD52046AFF3F4
:10638000008006E0D4E9012130209047206A401CBB
:106390002062381EA7F10107F4DC07E0D4E90121EF
:1063A00018F805009047206A401C2062281EA5F1BD
:1063B0000105F3DC2046AFF300802078000602D50B
:1063C0000220BDE8F0870120FBE70000074B70B515
:1063D0000D467B4400F03DF80446284600F04CF89A
:1063E00010B14FF0FF3070BD204670BD51A2FFFFCD
:1063F0004FF0000200B5134694469646203922BF5E
:10640000A0E80C50A0E80C50B1F12001BFF4F7AFA8
:10641000090728BFA0E80C5048BF0CC05DF804EB8A
:10642000890028BF40F8042B08BF704748BF20F8F8
:10643000022B11F0804F18BF00F8012B70470000AD
:10644000004870474006002001694A1C0261087834
:10645000704700B58FB0CDE90131002105910549A4
:106460007944CDE9031011466846FFF709FE0FB0E5
:1064700000BD0000E5FFFFFF007B00F080007047DB
:1064800000487047400600207546FFF7F9FFAE460A
:1064900005006946534620F00700854618B020B530
:1064A000F9F7A8FEBDE820404FF000064FF00007C6
:1064B0004FF000084FF0000B21F00701AC46ACE8AC
:1064C000C009ACE8C009ACE8C009ACE8C0098D4619
:1064D000704710B50446AFF300802046BDE8104079
:1064E000F9F770BE490050EAC12018BF04204A0DD8
:1064F00018BF40F0010040F2FF72B2EB515F08BFDD
:1065000040F00200012808BF052070472DE9F04146
:106510004F1E00EBC7010446D1E9000115461E4697
:1065200037F006020DD02A46334601F05DFB7F1E90
:1065300004EBC703D3E9002301F0ACF837F00602FF
:10654000F1D1022F25D0042F13D0062F18BFBDE89C
:10655000F0812A46334601F047FBD4E90A2301F0D3
:1065600099F82A46334601F03FFBD4E9082301F0AD
:1065700091F82A46334601F037FBD4E9062301F0AF
:1065800089F82A46334601F02FFBD4E9042301F0B1
:1065900081F82A46334601F027FBD4E9022301F0B3
:1065A00079F82A46334601F01FFBD4E90023BDE801
:1065B000F04101F06FB80000002213461046014977
:1065C00001F024B90000F03F012202F0F8B901F017
:1065D00061B8002213461046114601F017B940F287
:1065E000013200204FF0E04102F0E9B9024A0020F8
:1065F000110702F0E4B9000001FDFFFF2DE9F04DA5
:106600008D4F21F0004A86B005460C46BA452ADB7C
:10661000AAEB070028430AD08848824501DC1AD13A
:10662000CDB106B02846BDE8F04DFFF7CDBF844A96
:10663000844B284601F0D8FA07460E46824A834B1F
:106640002846214601F0D0FA06B03A463346BDE866
:10665000F04D01F01FB80120FFF758FE06B0BDE86D
:10666000F04DFFF7B6BF7A48824542DABAF1795F5A
:106670000BDA2846FFF736FF042808BFFFF7B6FFFE
:10668000284606B02146BDE8F08D2A460B46104646
:1066900001F0AAFA834602466E480E460B460621D2
:1066A0007844FFF733FF5A46334601F09DFA80469F
:1066B00069488A465A46334604217844FFF726FF44
:1066C0005A46334601F090FA00223B4600F0E2FFC2
:1066D00002460B464046514601F098F82A462346AA
:1066E00001F082FA06B02A462346BDE8F04D00F0DC
:1066F000D1BF284624F0004100223D463B4601F030
:10670000A7FB4FF0FF3202F05AF906460246534803
:106710000F460B4606217844FFF7F8FE32463B460B
:1067200001F062FACDE900014D4832463B460421B2
:106730007844FFF7EBFE32463B4601F055FA002263
:106740002B4600F0A7FF834602913046394600F001
:1067500049FF804643480D46504517DCDDE90001FE
:106760005A46029B01F052F842462B4601F03CFA91
:1067700042462B4600F08EFF012202F020F9304AFB
:10678000304B01F057FC304A304B4CE04FF0000AE0
:1067900052460B46404600F07DFFCDE903105246BD
:1067A0002B461046194601F01FFA32463B4601F0CF
:1067B0004FFBDDE9033201F029F806460F46DDE91B
:1067C00000015A46029B01F021F883460091012204
:1067D0003046394602F0F3F8194A1A4B01F038FBFB
:1067E00006460F4601224046294602F0E8F85A467E
:1067F000009B01F0F9F932463B4601F01BFC0646CE
:106800000F4601225046294602F0D9F80E4DDFF816
:1068100058802A46434601F01BFB32463B4601F0B6
:1068200017FB2A46434601F013FB002CD8BF81F02A
:10683000004106B0BDE8F08D0000F03F0000F07FA1
:10684000075C143326A6913C182D4454FB21F93FD4
:106850000000E03F543A00006A3A0000DE390000D0
:10686000F43900003333EF3FFB21E93F2DE9F84FC6
:1068700004460D4621F0004000917349814211DC2D
:106880007249884201DC06D12CB120462946BDE878
:10689000F84FFFF799BE6E48002DCCBF6D496E4989
:1068A000BDE8F88F6D49814211DD6D498142D8BF45
:1068B0004FF0FF366DDD20462946FFF713FE042812
:1068C00008BFFFF793FE20462946BDE8F88F6549CB
:1068D000654F25F00045814233DD6449814219DD71
:1068E000002632464FF080432046294600F0D2FE73
:1068F00080468A4601222046294602F060F800229E
:106900003B4601F097FB4246534600F07FFF0446AA
:106910000D463EE001260022BA463B462046294667
:1069200000F0B8FE80460F46002253462046294616
:1069300001F080FB42463B4600F068FF04460D46EE
:1069400027E04B4981421BDDDFF828A10226002207
:1069500053462046294601F047F900223B4600F005
:1069600099FE80460F46002253462046294601F0F4
:1069700061FB42463B4600F049FF04460D4608E0F5
:10698000032622462B4600203B4900F03FFF0446E9
:106990000D4622462B461046194601F025F98B4636
:1069A000824602460B4601F01FF90746024633486D
:1069B00088460B4606217844FFF7A8FD52465B4601
:1069C00001F012F982462E488B463A46434605218D
:1069D0007844FFF79BFD3A46434601F005F902462D
:1069E0000B46002E504659460CDA00F053FE224664
:1069F0002B4601F0F9F801B022462B46BDE8F04FD6
:106A000001F026BA00F046FE22462B4601F0ECF8D3
:106A10001C4A7A4402EBC603D3E9002301F00AFBC7
:106A200022462B4601F006FB174A7A4402EBC603C6
:106A3000D3E9002301F00CFA009A002AB8BF81F0D4
:106A40000041BDE8F88F0000000010440000F07F16
:106A5000182D4454FB21F93FFB21F9BF0000DC3F16
:106A60000000203E0000F33F0000F03F0000E63F42
:106A7000008003400000F83F0000F0BF7E380000B7
:106A80003C380000DA370000A23700002DE9F04D55
:106A90009446CCF1000423F000464CEA0404524F23
:106AA00046EAD4749A46884621F00042BC4206D891
:106AB000454240EA050442EAD474BC4204D9BDE828
:106AC000F04D6246FFF783BDAAF14055A5F17F6501
:106AD00055EA0C040BD0022404EAAA74434DDFF8F3
:106AE00010E144EAD87452EA000B04D00CE0BDE88F
:106AF000F04DFFF7BBBE002C14BF012CBDE8F08D9C
:106B0000022C30D0032C32D056EA0C0B0AD0BE42F5
:106B100020D1BA4209D126F0804622F08042334685
:106B2000114617E000291ADB25E0DFF8C8B0FB4466
:106B3000002C04BFDBE90001BDE8F08D012C02BF91
:106B4000DBE9000181F00041BDE8F08D022C0AD0A4
:106B5000032C0CD0BA4212D1B8F1000F0BDA234843
:106B60002549BDE8F08D28462449BDE8F08D28462A
:106B70007146BDE8F08D1D482149BDE8F08D921B9E
:106B800012153C2AC4BF19481D490EDCBAF1000F8A
:106B9000BEBF12F13C0F0020014606DB624600F04A
:106BA00035FE21F00041FFF761FE002C08BFBDE873
:106BB000F08D012C04BF81F00041BDE8F08D114A39
:106BC000114B022C07D001F035FA2A46BDE8F04DF2
:106BD0000A4B01F02FBA01F02DFA2A46BDE8F04D1C
:106BE000064B01F035B900000000F07F182D445429
:106BF000FB2109C036370000FB21F9BFFB2109400A
:106C0000FB21F93F075C143326A6A13C2DE9F04D8A
:106C10001D460C4698B0174621F0004123F0004372
:106C2000002814BF4FF0010C4FF0000C0CEB440C8B
:106C3000FE4A0CEB02064FEA620C66452BD33E007F
:106C400018BF012606EB45061644F94A964222D3A0
:106C5000F84A53EA070C02D0944205D148B918B05B
:106C600000201146BDE8F08D002808BF4FF0000C51
:106C700001D04FF0010C0CEB440212F5001F0AD8B2
:106C8000002F14BF4FF0010C4FF0000C0CEB45022D
:106C900012F5001F07D918B03A462B462146BDE829
:106CA000F04DFFF794BC0022DFF88CA3002CB8BF96
:106CB000534526DADFF884C36345A8BF022220DAF1
:106CC000DFF870C39C451CDCDFF874C30CEB235C5D
:106CD000BCF1140F08DDCCF1340627FA06FC0CFADF
:106CE00006F6BE420DD108E05FB9CCF1140623FAD6
:106CF00006FC0CFA06F69E4203D10CF00102C2F12A
:106D0000020251EA000C19D1002D17DA002C18BF2D
:106D1000022A01D0012A07D00220FFF7F7FA18B0A3
:106D2000BDE8F04DFFF748BC0220FFF7EFFAFFF790
:106D300043FC18B081F00041BDE8F08DB7F1000CC4
:106D40006CD1534525D104F1804212F5801201BF68
:106D500000280020B74918B008BFBDE8F08DB5483D
:106D6000884207DC002DA1BF6046294618B0BDE867
:106D7000F08D07E0281E05DA80F0004118B060466B
:106D8000BDE8F08DAF497944D1E9000118B0BDE804
:106D9000F08DDFF8A0C2634525D1002D1FDA19B1AF
:106DA000514512D1D8B909E0002840F0EC82A24A3E
:106DB000214618B062F31E01BDE8F08D0020214687
:106DC00018B060F31E01BDE8F08D08DA18B0234654
:106DD000BDE8F04D02460020614600F017BD18B036
:106DE0002146BDE8F08D514518DAB5F1804F0DD040
:106DF000A5F1005CBCF1FF5C10D1B4F1000C0DDB1F
:106E000018B06146BDE8F04D00F0ECBB234618B069
:106E10000246BDE8F04D194600F0E6BE060024F03B
:106E2000004C3BD1D9B1514533D1002C06DD002DAA
:106E3000A1BF0020514618B0BDE8F08D002C01DD47
:106E4000002D1BDB002C13DA002D11DB012A4FF083
:106E5000000014BF78497C4918B0BDE8F08D022AC3
:106E600018BF002C0AD0012A08D1002C06DA0AE04B
:106E7000002CB8BF002D11DA012A04D0002018B070
:106E80000146BDE8F08D18B000204FF00041BDE88C
:106E9000F08DA1F14050B0F17F601AD0012000EBDD
:106EA000E47050EA020421D0624C521E4FF0000BF5
:106EB000104304BF4FF0000B644C654883427CDDF7
:106EC000644A654893421FDD884217DB002D25DBAD
:106ED00037E0002C00DA4AB1022A0CBF01204FF043
:106EE000FF3018B0BDE8F04D00F017BE0120FFF7ED
:106EF0000DFA18B0BDE8F04DFFF76BBB4D4A8A4262
:106F000002DC002D0ADC1CE0814202DA002D18DAD6
:106F100004E0484B994220DD002D12DD0220FFF7EE
:106F2000F5F9FFF75CFB05460E460022534658462E
:106F3000214600F059FE18B066F31E012846BDE850
:106F4000F08D0220FFF7E2F9FFF750FB0A462146D9
:106F500018B062F31E01BDE8F08D00223046614694
:106F600001F068F880460E466FF0010201F027FD3F
:106F70004FF05532394B00F06BFF4246334600F07C
:106F800033FE0022364B00F063FF82464246334612
:106F900004911046194600F027FE5246049B00F06B
:106FA00023FE8A4600904FF0C0422E4B40463146A9
:106FB00000F01AFE2C4A2B4B00E027E0CDE9060139
:106FC0005146009800F010FE82460191274A284B56
:106FD0004046314600F008FE5246019B01F02AF877
:106FE00082460B4602460591DDE9060100F052FBA0
:106FF000DDE9062300268846304601F01BF852469C
:10700000059B00F025FF024600F07EB90020B1F597
:10701000801F07DA35223046614601F0D0FC064673
:107020006FF0340000EB215024E00000FFFF1F0050
:10703000FFFF0F000000F03F0000F07F0000404322
:1070400001FCFFFFDE3400000000F0FF0000F0BF95
:107050000000E0410000F043FFFFEF3F5555D53FF2
:107060000000E03F4715F73FFE822B6544DF5DF8E7
:107070000BAE543EA0F2FF300190C1F3130040F07C
:107080007F6141F040510291FE498842D8BF002003
:1070900004DDFD498142C8BF012001DD0D9008E0FB
:1070A00000200D900198401C01900298A0F58010DE
:1070B00002900299F54878440B910D9900EBC100BC
:1070C000D0E900230F9330460A920B9900F0B2FFEB
:1070D000CDE90601DDE90A2130460F9B00F0DAFA1E
:1070E00002460B460020EA4900F090FB059102465B
:1070F0000B460090DDE9060100F076FD1490E548AE
:107100008A464FF0000878440299006812904FF0C8
:10711000005040EA61010D980F9B01EB804000F5A3
:10712000002109910A9A129800F084FF32460B9BC5
:1071300000F08EFE4246534600F056FD0646029190
:1071400040465146099B129A00F04EFDDDE90623A8
:1071500000F07EFE3246029B00F06CFF059B009A19
:1071600000F042FD0091149A0490534610461946CF
:1071700000F03AFD06460246C7480B46029106213A
:107180007844FFF7C3F9CDE90510029B324610465B
:10719000194600F029FDDDE9053200F025FD0591D5
:1071A0000646534640461946149A00F073FA009B6F
:1071B000049A00F019FD3246059B00F06BFACDE908
:1071C0000510424653461046194600F00DFD0022B8
:1071D000B24B02910A9000F05DFADDE9053200F051
:1071E00059FA0E464246AD4B404600F023FF029B43
:1071F0000A9A00F01FFFDDE9053200F029FE424641
:1072000002910A9033461046514600F0EDFCCDE95C
:1072100006015346149A02990A9800F0E5FC8A4642
:107220000290334642460099049800F0DDFC534634
:10723000029A00F02FFA82460B4602460591DDE9DC
:10724000060100F027FADDE90623002088460646FD
:1072500000F0F0FE5246059B00F0FAFD82460991CF
:107260004FF060428E4B3046414600F0BDFC04902A
:1072700006918C4A8A4B5046099900F0B5FC82462B
:107280000291894A894B3046414600F0ADFC524696
:10729000029B00F0FFF9864B7B440D9A03EBC2037F
:1072A000D3E9002300F0F6F90E900791019800F061
:1072B00034FC0591DDE9061382460E9A049800F02D
:1072C000E9F97C4A7A440D9B02EBC303D3E900231E
:1072D0000093029200F0DEF95246059B00F0DAF9C5
:1072E0000026884652463046059B00F0A3FE009BD0
:1072F000029A00F09FFE069B049A00F09BFE079BFB
:107300000E9A00F0A5FD024600200B46029038467A
:10731000294600F069FC824601912B463846194601
:10732000029A00F087FE3246434600F05DFC52466A
:10733000019B00F0AFF907468A463246434629468C
:10734000029800F051FC05460E463A46534600F0BE
:10735000A1F9594A8846914221DBA8EB020353EA7E
:10736000000210D12A46334600F064FECDE9040144
:10737000524A534B3846514600F08CF9DDE904235C
:1073800000F030FD21D20220FEF7C0FFFFF727F901
:107390000A46214618B062F31E01BDE8F08D494B44
:1073A00028F000429A4210D3474A08EB020353EAFE
:1073B00000027FF4C6AD2A46334600F03BFE3A4653
:1073C000534600F00FFD7FF6BCAD0022019228F07D
:1073D00000403E493E4A01EB2051824223DA481CDC
:1073E0004FF4801121FA00F040443A4AC0F30A51A8
:1073F0007A44394BA1F2FF31CB4020EA0303C0F3BA
:10740000130040F48010C1F11401C84012680190CB
:10741000B8F1000FBCBF404201902846314600F051
:1074200009FE05460E462A4633463846514600F0C8
:1074300031F94FF000084246284B4046059100F0D4
:10744000D3FBCDE90601264A264B4046059900F0BC
:10745000CBFB009102902A4633464046059900F046
:10746000E9FD3A46534600F0F3FC1F4A1F4B00F07B
:10747000BBFB009B029A00F00DF9074688460246C6
:107480000B4635E08E9803007AB60B008E30000074
:107490000000F03F5E310000F42F000000000840C3
:1074A00009C7EE3FFD033ADCF5015B14E02F3EBE59
:1074B000CC2E0000902E000000009040FE822B6534
:1074C0004715973C00CC904000346F3F01FCFFFF14
:1074D0000000E03F742E0000FFFF0F00432EE63F48
:1074E000396CA80C615C20BEEF39FAFE422EE63FF3
:1074F000DDE9060100F0CEF8DDE9062305460E467B
:1075000000F098FD3A46434600F0A2FC0F462A469A
:10751000334600901046194600F066FB824602464C
:107520002E4888460B4605217844FEF7EFFF524669
:10753000434600F059FB2A46334600F089FC80465A
:107540008A463B4628463146009A00F04DFB3B46B2
:10755000009A00F09FF80691009000224FF08043BF
:107560004046514600F066FD0F460C904246534699
:107570002846314600F038FB3B460C9A00F046F9AD
:10758000069B009A00F056FD2A46334600F052FD55
:107590000022134B00F05CFC054601980E4601EBFF
:1075A00000510815002810DC28463146019A01F0E8
:1075B00006FAFEF797FF042808BFFFF717F82846DA
:1075C0003146019A01F0FBF905460B4618B02A46F0
:1075D00058462146BDE8F04D00F006BB7C2C00006B
:1075E0000000F03F2DE9F04106460F4600F03CFC5C
:1075F000041E0D4618BF0120284320F00040C0F1B2
:107600007F6000F1E040C00F0ED0301C18BF012099
:10761000384320F00040C0F17F6000F1E040C00F2F
:1076200004BF0120FEF772FE20462946BDE8F08126
:1076300021F00042A2F16052B2F5801F01F0004338
:1076400028BFD2F17F6C0BD95FEA001C43EAC2026B
:1076500042EB507018BF704728BF20F00100704700
:10766000B2F5801FBCBF184670474FEA410C1CF5AD
:10767000001F02D2084601F0BAB870B500F05EFBF8
:1076800000000089FFF7F6BF4FF00040A0F5800032
:107690007047000010B591EA030F48BF83F0004324
:1076A00000F1D084841A71EB030C05D2121943EB5C
:1076B0000C03001B61EB0C01DFF824E14FEA1154CD
:1076C000A4EB135C1EEA430F18BF9EEA445F73D01D
:1076D00023EA0E03DCF1200E21EA045143F4801367
:1076E00032D322FA0CFE10EB0E0023FA0CFE41EB13
:1076F0000E01CCF1200E03FA0EFE10EB0E0051F13C
:107700000001B1F5801FCCF1200E32D201EB045103
:1077100012FA0EF2BDE8104058BF7047401C38BF47
:107720005FEA420218BF7047002814BF20F0010032
:1077300041F100014FEA410313F5001F38BF7047C4
:10774000A1F1C04100F048BB012A43EB0302ACF1B8
:10775000200CDCF11F0E32BF4FF0000E23FA0CF3A9
:1077600010EB030041EB0451B4EB115FD0D0A1EB5F
:10777000045101F5801149085FEA300001EB045122
:107780000ED350F1000038BF12FA0EFE08D1BDE84A
:107790001040C9E7401C38BF5FEA4202CAD1C3E7C4
:1077A000BDE810404FEA410313F5001F38BF704792
:1077B000A1F1C04100F010BB9EEA445F08D011EA7D
:1077C0005E0FBDE8104004BF01F00041002070478B
:1077D000BDE8104070B500F0B1FA00BF64FBBE3EDA
:1077E0000000E0FF02494FF0000001F0B6B800BF12
:1077F0000000F87F491058BFC1F140415B1058BFED
:10780000C3F140438B42EFF3008070472DE9C04144
:1078100030B4DFF8A0C23CEA111418BF3CEA1314DC
:1078200000F0EC8081EA03051CEA111444EAD574E7
:1078300018BF1CEA131500F0C780A4EB05044FF035
:10784000004545EAC12145EAC32341EA505143EAD4
:10785000525304F17F74994204F500344FEAC0207A
:107860004FEAC22208BF904200F09C804FEA1365A5
:107870000FF24016765D4FEA134506FB05F7C7F198
:10788000807706FB07F74FEAD737A7FB03687642F6
:10789000C8F58038A7FB06CE38BFA8F1010807FB62
:1078A00008E64FF0000EA6FB028CE6FB03CEDCF1EF
:1078B000000CCEF1004E38BFAEF1010EA6FB0C5805
:1078C0004FF000074FF00005E6FB0E87A1FB08C64E
:1078D000A0FB07CE16EB0E0645F10005E1FB0765A0
:1078E00015F1E04E7EBFA4F580345FEA46066D4197
:1078F00016F1800745F100054FEA17274FEA0666A3
:1079000047EA0567A6F1DE46B6F1805F4FEA152526
:107910001FD9384624F0010C05EBC471BCF1FE6F91
:1079200001EB0C1102D8F0BCBDE8008124425CBF21
:1079300001F5801E9EEAC47F02D4F0BCBDE8008140
:10794000244238D4F0BCA1F1C041BDE8004100F0B0
:1079500043BA4FEAD22242EA43524FEAD323A7FB6B
:1079600002864FEAD02040EA415007FB03661EEA38
:107970000E0F4FEAD12105FB026658BFA6EB005659
:10798000B6EB00564FEA520E4EEAC37E18EB0E0ECF
:1079900056EB530EBDD518EB02085E417F1C55F126
:1079A0000005B6E74FF480154FF000074FF00006D2
:1079B0004FF00008ADE7F0BC4FF0000001F1C0410E
:1079C00001F00041BDE8008111EA0C1F0CEA13151B
:1079D00000D00CE013EA0C1F00F025804FF00000EF
:1079E000F0BC81EA030101F00041BDE80081F0BC78
:1079F000BDE8004181EA030100F0EEB9F0BCBDE84A
:107A0000004170B500F09AF9097EFC3E00F007B81D
:107A100081EA03014FF0000001F00041704781EA64
:107A2000030100F0D9B9F0BCBDE800414FF00000FF
:107A300021497047FFFDFBF9F7F5F4F2F0EEEDEBAD
:107A4000E9E8E6E4E3E1E0DEDDDBDAD8D7D5D4D35C
:107A5000D1D0CFCDCCCBCAC8C7C6C5C4C2C1C0BFA8
:107A6000BEBDBCBBBAB9B8B7B6B5B4B3B2B1B0AFAE
:107A7000AEADACABAAA9A8A8A7A6A5A4A3A3A2A192
:107A8000A09F9F9E9D9C9C9B9A999998979796954D
:107A900095949393929191908F8F8E8E8D8C8C8BE9
:107AA0008B8A898988888787868585848483838271
:107AB000828181800000FF070000F87F4FEA4103C8
:107AC0004FEA5353A3F58063D3F11E03C8BFD3F12C
:107AD000210C0CDD4FF0004242EAC12242EA505232
:107AE00032FA03FC8CEAE17CACEBE1707047102BBE
:107AF000C4BF0020704703F5787CBCF1FF3F04D081
:107B00006FF0004282EA2100704770B500F016F96C
:107B10004992248000207047F2E710F0004248BFED
:107B20004042B0FA80F310FA03F10AD0C3F11D030A
:107B300003F580634FEA415002EB035202EBD1217F
:107B400070474FF000007047B0FA80F310FA03F16D
:107B50000AD0C3F11D0303F580634FEA41504FEA99
:107B6000035202EBD12170474FF000007047000034
:107B700051EA030C17D41CF5801F58BFBCF5801FB9
:107B800000F10680994218BF704708BF90427047C5
:107B900007D711F5801F58BF13F5801F19D49942DC
:107BA0007047894270471CF5801F08D5BCF5801FBF
:107BB000F7D58B4218BF704708BF824270474FF419
:107BC000001C1CEB410F38BF1CEB430F01D28B4252
:107BD000704770B500F0B2F8922449004FF00051A0
:107BE0004FF08053FFF706BEDFF848C170B51CEABE
:107BF000111E1EBF1CEA13159EEA0C0F95EA0C0F0E
:107C000000F06F8081EA030423EA4C134EEAD47E2D
:107C100021EA4C1141F4801143F48013AE44A1FBDE
:107C2000024CA0FB0365AEF17F7E361955EB0C05C7
:107C3000A1FB034C4CF10003A0FB021C16EB0C064D
:107C4000654153F10003094218BF46F0010613F4E1
:107C5000007F0BD14FEA03314FEA0530340341EA8C
:107C6000155140EA16506FF003020AE04FEAC321B3
:107C70004FEAC520F40241EA555140EA56506FF0F0
:107C8000020202EB2E4201EB025585EACE710AD0C8
:107C90005FEA440C18BF24F0004450F1000041F1A9
:107CA000000120EAD47040F2FE7C624500D270BD33
:107CB000A84214BF4FF080444FF04044002E08BF4C
:107CC0000024BEF1806FA8BFA1F1C041BDE87040A3
:107CD00080F282804FF0000001F1C04101F00041CC
:107CE00070479EEA0C0F0CEA131518BF95EA0C0FAB
:107CF00006D04FF0000081EA030E0EF0004170BD87
:107D000000F01CF88900013E00F007B800F009B847
:107D10004FEA430C5FEA5C5C08D081EA030100F0A3
:107D20005BB84FEA410C5FEA5C5CF6D14FF00000B3
:107D3000014970470000FF070000F87F0EF1020EB6
:107D40002EF0030E5EF8046B364205D4012A43EB95
:107D5000030515F5001F12D8012841EB010C1CF595
:107D6000001F0CD80ED14FEAD17C15F5001F0CEB8B
:107D70004C0C0CF1020C08BF4CEBD37C04E04FF030
:107D8000080C01E04FEAD37C0CEB4C0526FA05F613
:107D900006F00706B6F1040C06D20EEB860CBDE821
:107DA00070404CF0010C6047DFE80CF0090B020258
:107DB0004FF000414FF00000A1F5002170BD1946C1
:107DC0001046012851EB010418BFD4F5001484BFFC
:107DD000002001F0004170BD0808A0F500114FEA35
:107DE0003101704753EA010C17D41CF5801F58BFAE
:107DF000BCF5801F00F106808B4218BF704708BF9A
:107E00008242704707D713F5801F58BF11F5801FB6
:107E100019D48B4270479B4270471CF5801F08D5D0
:107E2000BCF5801FF7D5994218BF704708BF904234
:107E300070474FF4001C1CEB430F38BF1CEB410F85
:107E400001D2994270470FB40CBC03BCFFF7C1BE0E
:107E500091EA030F10B581F000413FF523AC83F0A8
:107E6000004300F0EFB800002DE9F04101F5801C5F
:107E7000BCF5001FC0F2C3804FEA115C21EA0C512F
:107E80000CF1FD0C41F480115FEA5C0C0CF5C07C38
:107E900001D3400049413DA4890241EA9051870243
:107EA0008E0E0A0CA45D04FB04F602FB06F6C6F176
:107EB0004046A4FB0662F60D46EA422606FB06F49F
:107EC000A4FB01235242C3F1404338BF5B1EA6FB13
:107ED00002420024E6FB0324D20B42EA4446A6FBFE
:107EE0000623A1FB02E2A3FB07E4A4184FF0000263
:107EF00052F10002E3FB01426442C2F1404E38BF3E
:107F0000AEF1010EA6FB04234FF00002E6FB0E3299
:107F1000A2FB03464FF00004B61954F10004E2FB43
:107F20000264A1FB06E6A4FB07E816EB08064FF087
:107F3000000858F10008E4FB01687642C8F1405897
:107F400038BFA8F10108A2FB06E4A3FB08E52D1940
:107F50004FF0000454F10004E2FB0854A1FB05E6D5
:107F6000A7FB04E818EB06084FF0000656F10006E0
:107F7000E1FB048618F1200556F10006A809A8F1D6
:107F80001B08B10908F03F08B8F10A0F40EA866003
:107F90001CD901EB0C51BDE8F08100BFFCF5EEE807
:107FA000E2DDD8D3CFCBC7C3C0BDB9B6B4B1AEAC98
:107FB000A9A7A5A3A19F9D9B9A9896959392908F10
:107FC0008D8C8B898887868584838281A0FB00685D
:107FD00000FB01F208EB4208B8EB872807D53418FC
:107FE00058EB0104D5D5401C51F10001D1E7341AFA
:107FF00078EB0104CDD4401E71F10001C9E75FEABE
:108000004C0C5FEA9C5C0DD105D34FF0000001F0F1
:108010000041BDE8F081BDE8F04170B5FFF78EFE8C
:108020006DDBFFBEBDE8F0414FF000000049704736
:108030000000F87F10B591EA030F48BF83F00043BA
:108040003FF530AB841A71EB030C07D212198CF098
:10805000004C43EB0C03001B61EB0C01DFF8A4E1C7
:108060004FEA1154A4EB135C1EEA430F18BF9EEABB
:10807000445F00F0B08023EA6E03524221EA0451CB
:10808000C3EB6E0338BF5B1EDCF1200E25D322FA52
:108090000CFE10EB0E0043FA0CFE41EB0E01CCF18E
:1080A000200E03FA0EFE10EB0E0051F10001CCF190
:1080B000200E29D412FA0EF201EB0451BDE8104053
:1080C00058BF7047401C1CBFB2F1004F70470028DA
:1080D0000CBF491C20F00100704712EB020E43EB6D
:1080E000030218BF4FF0010E4EEA4202ACF1200C21
:1080F000DCF11E0E54D943FA0CFE10EB0E0051F1C8
:10810000FF31CCF11E0ED5D50EF1010E12FA0EFE86
:10811000404141EB010101EB445C5FEA5C5C10D93A
:1081200010EBDE7001EB045138BFBEF1004FBDE82B
:10813000104018BF704700280CBF491C20F00100F8
:10814000704730D24FEAD42C11F5001124F40064AA
:108150001BD0B1FA81F20B3AA41AA41ED2F120036B
:10816000914030FA03F31943904001EBCC71002C9D
:1081700001EB0451BDE81040A8BF704701F1C041B8
:108180004FF0000001F000417047B0FA80F310FAA0
:1081900003F100D110BDE41A173C4805C90AE4E711
:1081A00001EB045110BD491001EB0451BDE8104032
:1081B0004FEA300002E04FF0000170474A0008BF6C
:1081C0000042F8D0B2F5001F28BF704701F000410F
:1081D0004FF0000070479EEA445F07D011EA5E0F3F
:1081E000BDE8104004BF002100207047BDE81040EA
:1081F00070B5FFF7A3FD00BF40DFF63E83F00041FE
:10820000104670470000E0FF43004FEAD30C4FEAEE
:108210003C0C43401FBF40070CF1605113F0FE4F70
:1082200070471CF0006F03D100200CF00041704734
:108230000CF0004343EA507010B540EACC0000F067
:1082400090FA00BF000000924FEA0001FFF7C4BDA2
:108250004FF000414FF00000A1F5002170470000F1
:1082600090EA010F48BF81F0004100F10883421AF3
:108270003CBF801A89184FEAD0524FF07F4C1CEA5D
:10828000410FA2EBD15318BF9CEA026F00F03B8074
:108290004FF0004C4CEA00204CEA012121FA03FC8B
:1082A00010EB0C0C1ED202F1FF325FEA1C2040EBF7
:1082B000C25038BF70471CF07F0F4FEA400C18BF08
:1082C000BCF17F4F38BF7047C3F12003994008BF0E
:1082D00020F00100BCF17F4F38BF7047A0F1C040D3
:1082E00000F085BA4FEA3C00000A40EBC25028BFBC
:1082F0001CF0FF0F4FEA400CE6D018BFBCF17F4FD7
:1083000038BF7047EAE79CEA026F05D010EA5C0FBD
:1083100008BF00F00040704710B500F022FA00BF1F
:1083200064FBBE3E401058BFC0F14040491058BFEA
:10833000C1F140418142EFF3008070474FF47F0C60
:108340001CEAD0121EBF1CEAD11392EA0C0F93EA6A
:108350000C0F00F0858090EA010F48BF42F4807254
:1083600040F4000C41F400002CF07F4120F07F40ED
:1083700000B58142A2EB03020FF2081CACEB504E99
:10838000C0F100009EF800E04FEA4E0E00FB0EFC2C
:1083900038BF49004FEA2C1C02F5FA020CFB0EF321
:1083A0004FEACE1E4FEA112C4FEAC1210EEB635E5D
:1083B00042EB22420EFB0CFC4FEA1C5300FB031164
:1083C0004FEA112C4FEA01310EFB0CFC4FEADC4C5A
:1083D00000FB0C11C14228BF09184CEB03335DF8B8
:1083E00004EB10EB410143EBC250B2F57C0F38BFF8
:1083F000704729D512F0F00F1CBF00F1C04000F00B
:1084000000407047008182838485868788898B8CB1
:108410008D8E8F919293959697999A9C9D9FA0A2ED
:10842000A3A5A7A8AAACAEB0B2B3B5B7B9BCBEC03D
:10843000C2C5C7C9CCCED1D4D7D9DCDFE2E6E9ECDE
:10844000F0F3F7FAFE0000004FEA400C0CF1807CDC
:10845000BCF17E4F28BF7047B0F1C04000F0C7B9F3
:1084600090EA010F0CEAD11348BF42F480726245D2
:1084700038BF634507D213F47F0F16D080EA01009E
:1084800000F00040704710B500F06BF9097EFC3E2B
:1084900000F005B880EA010000F00040704780EA73
:1084A000010000F0004000F0A2B912F47F0F04BFF9
:1084B0000248704780EA010000F099B90000C07FCF
:1084C00050EA010C00F113801CF5000F58BFBCF5F9
:1084D000000F01D48842704707D710F5000F58BF2E
:1084E00011F5000F15D488427047894270471CF57A
:1084F000000F04D5BCF5000FF7D5814270474FF04F
:10850000807C1CEB400F38BF1CEB410F01D2814235
:10851000704710B500F025F9922449004FF0005043
:108520004FF08051FFF7FEBE41000B0ED3F19E02CB
:1085300008D950F400034FEA032323FA02F048BF9E
:108540004042704710B500F00CF900BF49922480FA
:10855000002070476FF0004282EA20007047000060
:10856000C10DD1F19E0206DB4FEA002343F0004328
:1085700023FA02F07047004207D54FEA4001B1F1FB
:10858000FE4F02D24FF00000704710B500F0E9F83E
:1085900049922480002070476FEA20007047000055
:1085A00010F0004148BF4042B0FA80F310FA03F2E5
:1085B000C3F19D030BD051EAC35101EB12205306C6
:1085C00038BF704700F1010008BF20F0010070477C
:1085D000B0FA80F310FA03F2C3F19D030AD0D90573
:1085E00001EB1220530638BF704700F1010008BFAD
:1085F00020F001007047000050EA010C00F11380E8
:108600001CF5000F58BFBCF5000F01D4884270471D
:1086100007D710F5000F58BF11F5000F15D4884289
:108620007047894270471CF5000F04D5BCF5000F58
:10863000F7D5814270474FF0807C1CEB400F38BF6C
:108640001CEB410F01D28142704710B500F089F850
:10865000922449004FF000504FF08051FFF762BE66
:108660004FF47F0C1CEAD0121EBF1CEAD11392EA11
:108670000C0F93EA0C0F00F0478090EA010F48BFFF
:1086800042F480724FF0004C4CEA00204CEA012189
:1086900002EB0302A0FB0113A2F50002002918BFA0
:1086A00043F001035B0028BF4FEA330342EB224251
:1086B0005FEA132C4CEBC2502EBFBCEB436FB2F5FC
:1086C0007C0F70474FEA036CBCF1004F08BF20F0ED
:1086D0000100B2F57C0F38BF70470BD582F0FF0266
:1086E00012F5803FC8BF704700F1C040D8BF00F00E
:1086F0000040704700F5000C5FEA4C0C48BF704723
:10870000B0F1C04000F073B890EA010F0CEAD11349
:1087100048BF42F48072624538BF634504D280EAA4
:10872000010000F00040704710B500F01AF800BFDB
:108730008900013E00F007B800F009B85FEA410C7B
:108740005FEA1C6C08D080EA010000F050B85FEAD4
:10875000400C5FEA1C6CF6D14FF00040A0F58000A1
:1087600070470EF1020E2EF0030E5EF8044B244209
:1087700004D44FEA4102B2F17F4F11D84FEA4003CF
:10878000B3F17F4F0CD80ED14FEAD07CB2F17F4FBE
:108790000CEB4C0C0CF1020C08BF4CEBD17C04E050
:1087A0004FF0080C01E04FEAD17C0CEB4C0324FAAB
:1087B00003F404F00704B4F1040C06D20EEB840CAD
:1087C000BDE810404CF0010C6047DFE80CF00708F2
:1087D00002024FF00040A0F5800010BD08464200A4
:1087E00018BFD2F1807288BF00F0004010BDFF2199
:1087F00041EAD050C005704751EA000C00F11380E7
:108800001CF5000F58BFBCF5000F01D48142704722
:1088100007D711F5000F58BF10F5000F15D481428E
:108820007047894270471CF5000F04D5BCF5000F56
:10883000F7D5884270474FF0807C1CEB410F38BF62
:108840001CEB400F01D28842704780EA010081EAA8
:10885000000180EA0100FFF7F8BE80F0004090EAD6
:10886000010F7FF504AD81F0004100F008B8000071
:1088700090EA010F48BF81F000413FF5F8AC421A81
:1088800004D882F00042A0EB020011444FEAD0521B
:108890004FF07F4C1CEA410FA2EBD15318BF9CEA6A
:1088A000026F4AD04FF0004C4CEA00204CEA012104
:1088B00021FA03FCB0EB0C0C0FD412F0FE0F36D0F3
:1088C0005FEA4C001DD5001240EBC25038BF704724
:1088D0001CF03F0F18BF70470BE0A2F101025FEAE6
:1088E0001C2040EBC25038BF70471CF07F0F18BFF0
:1088F0007047C3F12003994014BF401E20F00100CF
:10890000704780084FEA122308BF7047B0FA80FC16
:10891000A2EB0C02CCF1280C60FA0CF093EA122FB7
:1089200004BF00EBC25070474FEAC3707047130A90
:108930005FEADC1008BF7047F6E79CEA026F04D0DC
:1089400010EA5C0F08BF0020704710B5FFF709FF61
:1089500040DFF63E81F0004070470CF00F03092B1A
:1089600008BF082000F059800A2B0BD0082B18BF35
:10897000704708BF1CF0400F0AD04FF000004FF0C6
:10898000000170471CF0400F18BF4FF000407047C7
:108990001CF0100F08D020F0704300F07F4242EA34
:1089A000D3014FEA4370704700F0604021F07F42EE
:1089B00042EA000201F07F4040EA727070474FF0D7
:1089C000FF0C4CF4E06C1CEA11531CBF9CEA030C36
:1089D0009445C2BFDA4201EB02517047002B0DD023
:1089E000BCF1000F0FD0002A01F00041A4BF41F0FC
:1089F000E04141F07F614FF00000704701F000411D
:108A00004FF00000704750EA01334FF09B0C18BF45
:108A10004CF0806C7EF4E6AE70471CF4801F11D0E1
:108A20001CF4E02F03D06FEACC31490070474FF0BF
:108A30004050EFF3008222F0704242EA000282F3DB
:108A4000008870474FF000007047000000000000F1
:108A5000000000000000000000003F400000000097
:108A6000000000003000400030004000000009001D
:108A70000BC03D000BC03D00090018C024407FE042
:108A8000224031800000180024C01B000D803240BD
:108A9000018003801C4027401C80074000401000DC
:108AA0006000000000000000000000000000000066
:108AB0001F80204040200000402020401F800000F8
:108AC0000000090006001F800600090000000400E5
:108AD00004003F800400040000000010006000005B
:108AE0000000000000000400040004000400040072
:108AF0000000000000400000000000000000002016
:108B000001C006003800400000001F8020402040C7
:108B100020401F800000000010403FC000400000C7
:108B2000000018C02140224024401840000010805E
:108B30002040244024401B80000002000D00110052
:108B40003FC0014000003C8024402440244023805A
:108B500000001F8024402440344003800000300087
:108B6000200027C03800200000001B802440244043
:108B700024401B8000001C0022C0224022401F8095
:108B8000000000000000084000000000000000009D
:108B900000000460000000000000000004000A0063
:108BA0001100208040400900090009000900090067
:108BB000000000004040208011000A00040018005E
:108BC000200023402400180000001F802040274080
:108BD00029401F400000004007C039000F0001C0BD
:108BE000004020403FC0244024401B8000001F80E4
:108BF0002040204020403080000020403FC02040E6
:108C000020401F80000020403FC024402E4030C044
:108C1000000020403FC024402E00300000000F0024
:108C20001080204022403380020020403FC00400DA
:108C300004003FC02040204020403FC02040204052
:108C400000000060202020203FC0200020002040A5
:108C50003FC024400B0030C0204020403FC0204097
:108C60000040004000C03FC03C0003C03C003FC08B
:108C7000000020403FC00C4023003FC020001F8068
:108C80002040204020401F80000020403FC0244062
:108C90002400180000001F802140214020E01FA078
:108CA000000020403FC02440260019C0004018C0EA
:108CB00024402440224031800000300020403FC04A
:108CC00020403000000020003F80004000403F80F6
:108CD000200020003E0001C00700380020003800BE
:108CE00007C03C0007C038000000204039C0060023
:108CF00039C0204000002000384007C03840200024
:108D00000000304021C02640384020C00000000054
:108D100000007FE0402040200000000070000C00B8
:108D20000380004000000000402040207FE0000061
:108D300000000000200040002000000000000010A3
:108D40000010001000100010001000000000400093
:108D5000000000000000000002800540054003C044
:108D6000004020003FC00440044003800000000099
:108D700003800440044006400000000003800440DB
:108D800024403FC0004000000380054005400340F0
:108D90000000000004401FC02440244020000000C8
:108DA00002E0055005500650042020403FC004401A
:108DB000040003C000400000044027C00040000041
:108DC000000000100010041027E000000000204008
:108DD0003FC00140070004C00440204020403FC085
:108DE00000400040000007C0040007C0040003C0AA
:108DF0000000044007C00440040003C0004000001D
:108E000003800440044003800000041007F0045075
:108E1000044003800000000003800440045007F079
:108E20000010044007C002400400040000000000DD
:108E300006400540054004C00000000004001F80FB
:108E4000044000400000040007800040044007C0C8
:108E500000400400070004C0018006000400060072
:108E600001C0070001C006000000044006C0010068
:108E700006C0044000000410071004E00180060052
:108E800004000000044005C006400440000000004B
:108E9000000004007BE04020000000000000000013
:108EA000FFF000000000000040207BE00400000014
:108EB0000000400080004000200020004000000032
:108EC00000000000000000000000000000000000A2
:108ED000000000001FCC000C00000000000000009B
:108EE0000800300060000800300060000000022030
:108EF00003FC1E20022003FC1E20022000000000B4
:108F00000E1811043FFF10840C78000000000F00C1
:108F100010840F3800C007781884007800000078AB
:108F20000F8410C411240E9800E400840008080087
:108F30006800700000000000000000000000000059
:108F40000000000007E018182004400200000000A4
:108F500040022004181807E0000000000000024052
:108F6000024001800FF001800240024000000080BA
:108F7000008000800FF80080008000800000000169
:108F8000000D000E000000000000000000000000C6
:108F90000080008000800080008000800080000051
:108FA000000C000C000000000000000000000000A9
:108FB0000006001800600180060018002000000074
:108FC00007F0080810041004080807F0000000006B
:108FD000080408041FFC0004000400000000000056
:108FE0000E0C10141024104411840E0C000000000C
:108FF0000C1810041104110412880C7000000000F9
:1090000000E00320042408241FFC002400000000CA
:109010001F981084110411041088107000000000C3
:1090200007F008881104110418880070000000007F
:109030001C00100010FC13001C00100000000000B9
:109040000E3811441084108411440E3800000000C2
:109050000700088C10441044088807F00000000046
:1090600000000000030C030C0000000000000000E2
:1090700000000001010600000000000000000000E8
:1090800000800140022004100808100400000220A3
:109090000220022002200220022002200000000004
:1090A00010040808041002200140008000000000A5
:1090B0000E001200100C106C10800F00000003E076
:1090C0000C1813E4142417C4082807D00000000467
:1090D000003C03C41C40074000E4001C00041004D2
:1090E0001FFC1104110411040E880070000003E03D
:1090F0000C1810041004100410081C1000001004B8
:109100001FFC100410041004080807F000001004ED
:109110001FFC1104110417C41004081800001004E7
:109120001FFC1104110017C010000800000003E02C
:109130000C181004100410441C78004000001004A7
:109140001FFC10840080008010841FFC10040000AD
:10915000100410041FFC10041004000000000003A1
:109160000001100110011FFE10001000000010048B
:109170001FFC110403801464181C10040000100468
:109180001FFC1004000400040004000C0000100484
:109190001FFC1F0000FC1F001FFC10040000100437
:1091A0001FFC0C04030000E010181FFC100007F067
:1091B0000808100410041004080807F00000100448
:1091C0001FFC10841080108010800F00000007F03A
:1091D000081810241024101C080A07F200001004BC
:1091E0001FFC1104110011C011300E0C000400000E
:1091F0000E1C11041084108410441C380000180048
:10920000100010041FFC10041000180000001000D3
:109210001FF810040004000410041FF810001000D0
:109220001E0011E0001C007013801C0010001FC005
:10923000103C00E01F0000E0103C1FC000001004C4
:10924000180C163401C001C01634180C100410009C
:109250001C00130400FC13041C0010000000080490
:10926000101C1064108413041C041018000000006B
:10927000000000007FFE40024002400200000000AB
:1092800030000C0003800060001C000300000000A0
:109290004002400240027FFE00000000000000008B
:1092A00000002000400040004000200000000001BD
:1092B00000010001000100010001000100010000A7
:1092C00040004000200000000000000000000000FE
:1092D0000098012401440144014400FC00041000F2
:1092E0001FFC0088010401040088007000000000D9
:1092F00000700088010401040104008800000000DF
:10930000007000880104010411081FFC0004000023
:1093100000F8014401440144014400C80000000079
:10932000010401040FFC11041104110018000000D5
:1093300000D601290129012901C9010600001004F4
:109340001FFC008401000100010400FC0004000077
:109350000104190419FC00040004000000000000CE
:10936000000300010101190119FE000000001004B2
:109370001FFC0024004001B4010C010400000000A7
:10938000100410041FFC000400040000000001048D
:1093900001FC0104010001FC0104010000FC0104C6
:1093A00001FC008401000100010400FC0004000035
:1093B00000F8010401040104010400F800000101A7
:1093C00001FF008501040104008800700000000016
:1093D0000070008801040104010501FF000101047F
:1093E000010401FC00840104010001800000000070
:1093F00000CC012401240124012401980000000074
:109400000100010007F80104010400000000010050
:1094100001F8000400040004010801FC000401003C
:1094200001800170000C001001600180010001F05A
:10943000010C003001C00030010C01F001000000FF
:109440000104018C00740170018C01040000010111
:1094500001810171000E001801600180010000000F
:109460000184010C013401440184010C000000005E
:1094700000000000000001003EFC4002400200002D
:10948000000000000000FFFF0000000000000000DE
:10949000400240023EFC010000000000000000000D
:1094A000600080008000400040002000200000009C
:1094B0006800000476005401F7FD000175191A0CCC
:1094C0006A231B1C1F207274433B4138393A6B6C72
:1094D000376F06246D6E70008300000000080000E6
:1094E0000001001832000500000020410000D242B7
:1094F000295C0F3E9A99993E3333733F295C0F3EA6
:1095000000007000000000240000000200030000C2
:1095100000650054FFEF0000FA80000B128200018A
:10952000030C30C30E8C8CE914D5400213710F8EDE
:109530003883F8833000F883258EF8833000F88371
:10954000FFFFFFFF0FFEA9D6240004001A8279A1B5
:109550000000003CFFFF00000010000038836FA2F5
:10956000003E03304000000002CAE3093E800000D4
:10957000200000000000000040000000600000002B
:10958000000C0000000C186E000006920A16C0DFE6
:10959000FFFF0256FD8CD377FFE1C496E0C5BEAA5B
:1095A00000000000FFFF0B2B0000165700000359BE
:1095B0004000000000001DFA00026C1D00000000C9
:1095C0003FFFDFEB003EB3B6000D227800002F3CDA
:1095D00000000000001942B5000039A20000B36588
:1095E000D90E9FC91DCF4C34300000005000000040
:1095F0003BB67AE80064000000C8000000000000EC
:10960000100000001000FA921000225E000D229F50
:109610000001000000320000FF46000063D400009B
:109620001000000004D6000004CC000004CC0000B0
:109630000000107200000040000000000000000068
:1096400000060002000500070000000000640000A2
:10965000000000000000000500050064002000007C
:1096600000000000000000000000400000000300B7
:1096700000000032F8980000FF650000830F000032
:10968000FF9BFC0000000000000000000000000044
:1096900000000000000000000000000000000000CA
:1096A00000000000000000000000000000001000AA
:1096B00040000000000000060000B26A0002000046
:1096C0000001FB830068000000D9FC007CF1FF83EF
:1096D0000000000000650000006403E8006400284A
:1096E000000000250000000016A00000000010008F
:1096F00000001000002F0000000001F40000100026
:1097000000280000FFFF4581FFFFFA720000000003
:1097100000000000004400050005BAC6004778A21A
:10972000000000010000000000000600000000141E
:109730000000254D002F706D000005AE000C02D01A
:109740000000000000000000000000000000000019
:10975000001B0000000000000000000000000000EE
:10976000006400000008000000000000000000008D
:1097700000000000000000000000000000000000E9
:1097800000000000000000000000000000000000D9
:1097900000000000000000000000000000000000C9
:1097A00000000000000000000000000000000000B9
:1097B00000000000000000000000000000000000A9
:1097C000001B00000000000000000000000E000E62
:1097D00000000AC70004000000000032FFFFFF9CE9
:1097E00000000B2B000000020000000100000064DC
:1097F000FFE5000000000000000000000000000085
:109800000000000100000000000100000000000056
:10981000000180000001800000018000002426D3A8
:109820000000000000000000000600100096003C50
:109830000000000000000000000000000000000028
:109840000C0A4E68CDCF770950166759C619CE82DB
:109850000000000000000000000000000000000008
:10986000000000000000000017D784000300000083
:109870000000000000000000C7938F9D1E1B1C19F4
:1098800000000000000000000000000000000000D8
:1098900000000000000000000203188500004000E6
:1098A00000000003000000030000000000000000B2
:1098B0004000000000000000000000000000000068
:1098C0000000000000000000000000000000000098
:1098D0000000000000000000000000000000000088
:1098E00000000000677DDF7E72902E554CF6E68802
:1098F0000000000000000000000000000000000068
:10990000D8DCB4B8B0D8B9ABF3F8FAB3B7BB8E9E15
:10991000AEF132F51BF1B4B8B08097F1A9DFDFDF0B
:10992000AADFDFDFF2AAC5CDC7A90CC92C97F1A920
:1099300089264666B28999A92D557DB0B08AA89628
:10994000365676F1BAA3B4B280C0B8A89711B283E4
:1099500098BAA3F0240844106418B2B9B49883F1FB
:10996000A329557DBAB5B1A38393F0002850F5B271
:10997000B6AA839328547CF1B9A3829361BAA2DA80
:10998000DEDFDB819AB9AEF5606870F1DABAA2DF8A
:10999000D9BAA2FAB9A38292DB31BAA2D9BAA2F893
:1099A000DF85A4D0C1BBAD83C2C5C7B8A2DFDFDFEE
:1099B000BAA0DFDFDFD8D8F1B8AAB38DB4980D35DF
:1099C0005DB2B6BAAF8C96198F9FA70E161EB49AC9
:1099D000B8AA872C547CBAA4B08AB691325676B213
:1099E0008494A4C808CDD8B8B4B0F19982A82D55F4
:1099F0007D98A80E161EA22C547C92A4F02C5078B0
:109A0000F184A898C4CDFCD80DDBA8FC2DF3D9BAFD
:109A1000A6F8DABAA6DED8BAB2B68696A6D0F3C849
:109A200041DAA6C8F8D8B0B4B882A892F52C548808
:109A300098F135D9F418D8F1A2D0F8F9A884D9C78B
:109A4000DFF8F883C5DADF69DF83C1D8F40114F1E8
:109A5000A8824EA884F311D182F5D992289788F173
:109A600009F41C1CD884A8F3C0F9D1D99782F12934
:109A7000F40DD8F3F9F9D1D982F4C203D8DEDF1A94
:109A8000D8F1A2FAF9A88498D9C7DFF8F8F883C703
:109A9000DADF69DFF883C3D8F40114F198A8822EC5
:109AA000A884F311D182F5D992509788F109F41C5A
:109AB000D884A8F3C0F8F9D1D99782F149F40DD828
:109AC000F3F9F9D1D982F4C403D8DEDFD8F1AD8837
:109AD00098CCA809F9D98292A8F57CF1883ACF945C
:109AE0004A6E98DB6931DAADF2DEF9D88795A8F2D3
:109AF00021D1DAA5F9F417D9F1AE8ED0C0C3AE8268
:109B0000C684C3A88595C8A588F2C0F1F4010EF1FA
:109B10008E9EA8C63E56F554F18872F40115F19850
:109B200045856EF58E9E0488F142985A8E9E068871
:109B300069F4011CF1981E1108D0F504F11E97027A
:109B400002983625DBF9D985A5F3C1DA85A5F3DFBF
:109B5000D88595A8F309DAA5FAD88292A8F578F104
:109B6000881A849F26889821DAF41DF3D8879F39B4
:109B7000D1AFD9DFDFFBF9F40CF3D8FAD0F8DAF97A
:109B8000F9D0DFD9F9D8F40BD8F3879F39D1AFD901
:109B9000DFDFF41DF3D8FAFCA869F9F9AFD0DADEFB
:109BA000FAD9F88F9FA8F1CCF398DB45D9AFDFD075
:109BB000F8D8F18F9FA8CAF38809DAAF8FCBF8D80D
:109BC000F2AD978D0CD9A5DFF9BAA6F3FAF412F22B
:109BD000D8950DD1D9BAA6F3FADAA5F2C1BAA6F38F
:109BE000DFD8F1BAB2B68696A6D0CAF349DAA6CBC8
:109BF000F8D8B0B4B8D8AD84F2C0DFF18FCBC3A829
:109C0000B2B68696C8C1CBC3F3B0B48898A821DB9E
:109C1000718D9D71859521D9ADF2FAD88597A828C7
:109C2000D9F408D8F28D29DAF405D9F285A4C2F264
:109C3000D8A88D9401D1D9F411F2D88721D8F40A8B
:109C4000D8F28498A8C801D1D9F411D8F3A4C8BB1C
:109C5000AFD0F2DEF8F8F8F8F8F8F8F8D8F1B8F67E
:109C6000B5B9B08A95A3DE3CA3D9F8D85CA3D9F8DE
:109C7000D87CA3D9F8D8F8F9D1A5D9DFDAFAD8B1C8
:109C80008530F7D9DED8F830ADDADED8F2B48C9969
:109C9000A32D557DA083DFDFDFB591A0F629D9FB89
:109CA000D8A0FC29D9FAD8A0D051D9F8D8FC51D9DC
:109CB000F9D879D9FBD8A0D0FC79D9FAD8A1F9F98B
:109CC000F9F9F9A0DADFDFDFD8A1F8F8F8F8F8AC95
:109CD000DEF8ADDE8393AC2C547CF1A8DFDFDFF639
:109CE0009D2CDAA0DFD9FADB2DF8D8A850DAA0D065
:109CF000DED9D0F8F8F8DB55F8D8A878DAA0D0DFAC
:109D0000D9D0FAF8F8F8F8DB7DF8D89CA88CF530B3
:109D1000DB38D9D0DEDFA0D0DEDFD8A848DB58D9C9
:109D2000DFD0DEA0DFD0DED8A868DB70D9DFDFA00F
:109D3000DFDFD8F1A888902C547C98A8D05C38D16B
:109D4000DAF2AE8CDFF9D8B087A8C1C1B188A8C655
:109D5000F9F9DA36D8A8F9DA36D8A8F9DA36D8A86F
:109D6000F9DA36D8A8F9DA36D8F78D9DADF818DAD1
:109D7000F2AEDFD8F7ADFA30D9A4DEF9D8F2AEDE14
:109D8000FAF983A7D9C3C5C7F1889BA77AADF7DED7
:109D9000DFA4F8849408A797F300AEF29819A4887A
:109DA000C6A39488F632DFF28393DB09D9F2AADFE7
:109DB000D8D8AEF8F9D1DAF3A4DEA7F1889B7AD827
:109DC000F38494AE19F9DAAAF1DFD8A881C0C3C52B
:109DD000C7A39283F628ADDED9F8D8A350ADD9F841
:109DE000D8A378ADD9F8D8F8F9D1A1DADEC3C5C7C0
:109DF000D8A18194F818F2B089ACC3C5C7F1D8B81E
:109E0000B4B09786A8319B069907AB9728889BF03A
:109E10000C201440B0B4B8F0A88A9A285078B79BA8
:109E2000A8295179247059446938644831F1BBAB91
:109E300088002C547CF0B38BB8A804285078F1B07B
:109E400088B49726A85998BBABB38B02264666B058
:109E5000B8F08A9CA82951798B2951798A247059A4
:109E60008B2058718A4469388B3940688A6448313C
:109E70008B30496088F1AC002C547CF08CA804280D
:109E80005078F1889726A85998AC8C02264666F03F
:109E9000899CA8295179247059446938644831A9AA
:109EA0008809205970AB11384069A8193148608C75
:109EB000A83C415C207C00F187981986A86E767ECC
:109EC000A999882D557DD8B1B5B9A3DFDFDFAED014
:109ED000DFAAD0DEF2ABF8F9D9B087C4AAF1DFDF90
:109EE000BBAFDFDFB9D8B1F1A3978E60DFB084F2EA
:109EF000C8F8F9D9DED89385F14AB183A308B583B0
:109F00009A0810B79F10D8F1B0BAAEB08AC2B2B6F4
:109F10008E9EF1FBD9F41DD8F9D90CF1D8F8F8AD23
:109F200061D9AEFBD8F40CF1D8F8F8AD19D9AEFB75
:109F3000DFD8F416F1D8F8AD8D61D9F4F4ACF59C06
:109F40009C8DDF2BBAB6AEFAF8F40BD8F1AED0F890
:109F5000AD51DAAEFAF8F1D8B9B1B6A3839C08B91D
:109F6000B1839AB5AAC0FD3083B79F10B58B93F229
:109F70000202D1ABDADED8F1B080BAABC0C3B28492
:109F8000C1C3D8B1B9F38BA391B609B4D9ABDEB0D4
:109F9000879CB9A3DDF1B38B8B8B8B8BB087A3A38D
:109FA000A3A3B28BB69BF2A3A3A3A3A3A3A3A3A330
:109FB000A3F1B087B59AA3F39BA3A3DCBAACDFB936
:109FC000A3A3A3A3A3A3A3A3A3A3A3A3A3A3A3A361
:109FD000D8D8D8BBB3B7F1AAF9DAFFD9809AAA28A2
:109FE000B48098A720B79787A86688F07951F19038
:109FF0002C870CA781976293F07171608594012979
:10A00000517990A5F1284C6C870C95188578A3831D
:10A0100090284C6C886CD8F3A28200F210A8921998
:10A0200080A2F2D926D8F188A84DD948D896A83967
:10A0300080D93CD89580A839A68698D92CDA87A7EC
:10A040002CD8A8899519A980D938D8A88939A98088
:10A05000DA3CD8A82EA83990D90CD8A8953198D92F
:10A060000CD8A809D9FFD801DAFFD89539A9DA2682
:10A07000FFD890A80D8999A810809821DA2ED88948
:10A0800099A83180DA2ED8A886963180DA2ED8A801
:10A09000873180DA2ED8A88292F34180F1D92ED868
:10A0A000A882F31980F1D92ED882ACF3C0A2802205
:10A0B000F1A62EA72EA92298A829DAACDEFFD8A2F5
:10A0C000F22AF1A92E8292A8F23180A696F1D90047
:10A0D000AC8C9C0C30ACDED0DEFFD88C9CACD010AD
:10A0E000ACDE8092A2F24C82A8F1CAF235F19688D9
:10A0F000A6D900D8F1FF0000555555555555C53F17
:10A100007D6FEB0312D6D4BF5544880E55C1C93FAD
:10A110003B8F68B52882A4BF88B20175E0EF493F44
:10A1200009F7FD0DE13D023F4B2D8A1C273A03C084
:10A13000C88A599CE52A004059018D1B6C06E6BF70
:10A1400082922EB1C5B8B33F000000000000F03F7E
:10A15000000000000000F83F0000000000000000C8
:10A160000000004003B8E23F0000000000000000D3
:10A1700006D0CF43EBFD4C3E033333333333E33F61
:10A18000FFAB6FDBB66DDB3F4D268F515555D53F8D
:10A1900001411DA96074D13F65DBC9934A86CD3F5B
:10A1A000EF4E454A287ECA3F3E5555555555C53F49
:10A1B00093BDBE166CC166BF2CDE25AF6A56113F3B
:10A1C000F16BD2C541BDBBBED0A4BE726937663E3D
:10A1D0004FBB610567ACDD3F182D4454FB21E93FBF
:10A1E0009BF681D20B73EF3F182D4454FB21F93FAE
:10A1F000E2652F227F2B7A3C075C143326A6813C34
:10A20000BDCBF07A8807703C075C143326A6913CDE
:10A21000C4EB98999999C9BF711623FEC671BCBF4A
:10A220006D9A74AFF2B0B3BF9AFDDE522DDEADBFB2
:10A230002F6C6A2C44B4A2BF0D5555555555D53FCA
:10A24000FF8300922449C23F6E204CC5CD45B73FE5
:10A25000513DD0A0660DB13FEB0D76244B7BA93F5D
:10A2600011DA22E33AAD903F000000000000000048
:10A2700050726F6475637420494420726561642074
:10A280006173203020696E64696361746573206452
:10A2900065766963652069732065697468657220F5
:10A2A000696E636F6D70617469626C65206F722096
:10A2B000616E204D5055333035302E0D0A000000B0
:10A2C000E0A2000800000020400100002801000872
:10A2D0001CA3000840010020600B0000840100085E
:10A2E0004201390561033AEE02994701234B404090
:10A2F00004E1300E3898B8C229CB0AC168912841D0
:10A300000432102908012413BC941B08B004012056
:0CA310000A1FD824EB803FD8690401101C
:04000005080000ED02
:00000001FF
