:020000040800F2
:1000000000500020554C0008D1500008D350000883
:10001000D5500008D7500008D95000080000000053
:10002000000000000000000000000000DB5000089D
:10003000DD50000800000000DF500008E15000081B
:100040009D4C00089D4C00089D4C00089D4C0008EC
:100050009D4C00089D4C00089D4C00089D4C0008DC
:100060009D4C00089D4C00089D4C00089D4C0008CC
:100070009D4C00089D4C00089D4C00089D4C0008BC
:100080009D4C00089D4C00089D4C00089D4C0008AC
:100090009D4C00089D4C00089D4C00089D4C00089C
:1000A0009D4C00089D4C00089D4C00089D4C00088C
:1000B0009D4C00089D4C00089D4C00089D4C00087C
:1000C0009D4C00089D4C00089D4C00089D4C00086C
:1000D0009D4C00089D4C00089D4C0008E550000810
:1000E000F15000089D4C00089D4C000800000000E5
:1000F0000000000000000000000000000000000000
:0C01000000000000000000005FF808F1A3
:1001100010B5054C237833B9044B13B10448AFF341
:1001200000800123237010BDE800002000000000C3
:10013000C899000808B5034B1BB103490348AFF346
:10014000008008BD00000000EC000020C8990008F5
:1001500081F0004102E000BF83F0004330B54FEA78
:1001600041044FEA430594EA050F08BF90EA020FE5
:100170001FBF54EA000C55EA020C7FEA645C7FEA78
:10018000655C00F0E2804FEA5454D4EB5555B8BF9B
:100190006D420CDD2C4480EA020281EA030382EA0C
:1001A000000083EA010180EA020281EA0303362D9E
:1001B00088BF30BD11F0004F4FEA01314FF4801C71
:1001C0004CEA113102D0404261EB410113F0004F83
:1001D0004FEA03334CEA133302D0524263EB43033A
:1001E00094EA050F00F0A780A4F10104D5F1200ED8
:1001F0000DDB02FA0EFC22FA05F2801841F1000133
:1002000003FA0EF2801843FA05F359410EE0A5F106
:1002100020050EF1200E012A03FA0EFC28BF4CF037
:10022000020C43FA05F3C01851EBE37101F00045ED
:1002300007D54FF0000EDCF1000C7EEB00006EEBFA
:100240000101B1F5801F1BD3B1F5001F0CD3490884
:100250005FEA30004FEA3C0C04F101044FEA4452DB
:1002600012F5800F80F09A80BCF1004F08BF5FEA62
:10027000500C50F1000041EB045141EA050130BD42
:100280005FEA4C0C404141EB0101013C28BFB1F554
:10029000801FE9D291F0000F04BF01460020B1FA9F
:1002A00081F308BF2033A3F10B03B3F120020CDA72
:1002B0000C3208DD02F1140CC2F10C0201FA0CF050
:1002C00021FA02F10CE002F11402D8BFC2F1200CB5
:1002D00001FA02F120FA0CFCDCBF41EA0C0190406B
:1002E000E41AA2BF01EB0451294330BD6FEA0404B4
:1002F0001F3C1CDA0C340EDC04F11404C4F120029F
:1003000020FA04F001FA02F340EA030021FA04F3B0
:1003100045EA030130BDC4F10C04C4F1200220FA07
:1003200002F001FA04F340EA0300294630BD21FA45
:1003300004F0294630BD94F0000F83F4801306BF0B
:1003400081F480110134013D4EE77FEA645C18BFFF
:100350007FEA655C29D094EA050F08BF90EA020F96
:1003600005D054EA000C04BF1946104630BD91EA8E
:10037000030F1EBF0021002030BD5FEA545C05D191
:100380004000494128BF41F0004130BD14F58004D0
:100390003CBF01F5801130BD01F0004545F0FE4144
:1003A00041F470014FF0000030BD7FEA645C1ABF79
:1003B000194610467FEA655C1CBF0B46024650EAB0
:1003C000013406BF52EA033591EA030F41F40021DC
:1003D00030BD00BF90F0000F04BF0021704730B562
:1003E0004FF4806404F132044FF000054FF0000137
:1003F00050E700BF90F0000F04BF0021704730B5F8
:100400004FF4806404F1320410F0004548BF4042CC
:100410004FF000013EE700BF42004FEAE2014FEA21
:1004200031014FEA02701FBF12F07F4393F07F4FFC
:1004300081F06051704732F07F4208BF704793F0FF
:100440007F4F04BF41F40021704730B54FF4607412
:1004500001F0004521F000411CE700BF50EA010215
:1004600008BF704730B54FF000050AE050EA0102BE
:1004700008BF704730B511F0004502D5404261EB2E
:1004800041014FF4806404F132045FEA915C3FF46F
:10049000D8AE4FF003025FEADC0C18BF03325FEA0C
:1004A000DC0C18BF033202EBDC02C2F1200300FABD
:1004B00003FC20FA02F001FA03FE40EA0E0021FAE2
:1004C00002F11444BDE600BF70B54FF0FF0C4CF4D0
:1004D000E06C1CEA11541DBF1CEA135594EA0C0F82
:1004E00095EA0C0F00F0DEF82C4481EA030621EABD
:1004F0004C5123EA4C5350EA013518BF52EA0335F8
:1005000041F4801143F4801338D0A0FB02CE4FF0A9
:100510000005E1FB02E506F00042E0FB03E54FF0D9
:100520000006E1FB03569CF0000F18BF4EF0010ED1
:10053000A4F1FF04B6F5007F64F5407404D25FEACD
:100540004E0E6D4146EB060642EAC62141EA555180
:100550004FEAC52040EA5E504FEACE2EB4F1FD0CC2
:1005600088BFBCF5E06F1ED8BEF1004F08BF5FEA40
:10057000500E50F1000041EB045170BD06F00046F2
:1005800046EA010140EA020081EA0301B4EB5C049F
:10059000C2BFD4EB0C0541EA045170BD41F4801197
:1005A0004FF0000E013C00F3AB8014F1360FDEBFBC
:1005B000002001F0004170BDC4F10004203C35DA98
:1005C0000C341BDC04F11404C4F1200500FA05F31B
:1005D00020FA04F001FA05F240EA020001F00042BC
:1005E00021F0004110EBD37021FA04F642EB060132
:1005F0005EEA430E08BF20EAD37070BDC4F10C045C
:10060000C4F1200500FA04F320FA05F001FA04F21F
:1006100040EA020001F0004110EBD37041F100010B
:100620005EEA430E08BF20EAD37070BDC4F1200516
:1006300000FA05F24EEA020E20FA04F301FA05F27E
:1006400043EA020321FA04F001F0004121FA04F226
:1006500020EA020000EBD3705EEA430E08BF20EAF6
:10066000D37070BD94F0000F0FD101F00046400030
:1006700041EB010111F4801F08BF013CF7D041EAB2
:10068000060195F0000F18BF704703F000465200B6
:1006900043EB030313F4801F08BF013DF7D043EA87
:1006A0000603704794EA0C0F0CEA135518BF95EA3D
:1006B0000C0F0CD050EA410618BF52EA4306D1D1C4
:1006C00081EA030101F000414FF0000070BD50EAE3
:1006D000410606BF1046194652EA430619D094EA6D
:1006E0000C0F02D150EA013613D195EA0C0F05D157
:1006F00052EA03361CBF104619460AD181EA0301AB
:1007000001F0004141F0FE4141F470014FF0000062
:1007100070BD41F0FE4141F4780170BD70B54FF0FD
:10072000FF0C4CF4E06C1CEA11541DBF1CEA13557D
:1007300094EA0C0F95EA0C0F00F0A7F8A4EB05045F
:1007400081EA030E52EA03354FEA013100F0888056
:100750004FEA03334FF0805545EA131343EA12631F
:100760004FEA022245EA111545EA10654FEA0026D4
:100770000EF000419D4208BF964244F1FD0404F58D
:10078000407402D25B084FEA3202B61A65EB0305E9
:100790005B084FEA32024FF480104FF4002CB6EBA6
:1007A000020E75EB030E22BFB61A754640EA0C0026
:1007B0005B084FEA3202B6EB020E75EB030E22BF66
:1007C000B61A754640EA5C005B084FEA3202B6EBA7
:1007D000020E75EB030E22BFB61A754640EA9C0066
:1007E0005B084FEA3202B6EB020E75EB030E22BF36
:1007F000B61A754640EADC0055EA060E18D04FEAF4
:10080000051545EA16754FEA06164FEAC30343EA93
:1008100052734FEAC2025FEA1C1CC0D111F4801F60
:100820000BD141EA00014FF000004FF0004CB6E759
:1008300011F4801F04BF01430020B4F1FD0C88BFF8
:10084000BCF5E06F3FF6AFAEB5EB030C04BFB6EB03
:10085000020C5FEA500C50F1000041EB045170BDF6
:100860000EF0004E4EEA113114EB5C04C2BFD4EB23
:100870000C0541EA045170BD41F480114FF0000EA7
:10088000013C90E645EA060E8DE60CEA135594EA23
:100890000C0F08BF95EA0C0F3FF43BAF94EA0C0F26
:1008A0000AD150EA01347FF434AF95EA0C0F7FF49B
:1008B00025AF104619462CE795EA0C0F06D152EAEF
:1008C00003353FF4FDAE1046194622E750EA4106D3
:1008D00018BF52EA43067FF4C5AE50EA41047FF4E4
:1008E0000DAF52EA43057FF4EBAE12E74FF0FF3C49
:1008F00006E000BF4FF0010C02E000BF4FF0010C1A
:100900004DF804CD4FEA410C7FEA6C5C4FEA430C92
:1009100018BF7FEA6C5C1BD001B050EA410C0CBFE1
:1009200052EA430C91EA030F02BF90EA020F002043
:10093000704710F1000F91EA030F58BF994208BFAA
:1009400090422CBFD8176FEAE37040F00100704767
:100950004FEA410C7FEA6C5C02D150EA013C07D1BE
:100960004FEA430C7FEA6C5CD6D152EA033CD3D009
:100970005DF8040B704700BF8446104662468C4603
:100980001946634600E000BF01B5FFF7B7FF002836
:1009900048BF10F1000F01BD4DF808EDFFF7F4FF5F
:1009A0000CBF012000205DF808FB00BF4DF808EDEA
:1009B000FFF7EAFF34BF012000205DF808FB00BF0D
:1009C0004DF808EDFFF7E0FF94BF012000205DF82F
:1009D00008FB00BF4DF808EDFFF7CEFF94BF0120E4
:1009E00000205DF808FB00BF4DF808EDFFF7C4FFDD
:1009F00034BF012000205DF808FB00BF4FEA410C26
:100A00007FEA6C5C02D150EA013C0AD14FEA430C08
:100A10007FEA6C5C02D152EA033C02D14FF0000045
:100A200070474FF0010070474FEA410212F5001283
:100A300015D211D56FF47873B3EB625212D94FEA25
:100A4000C12343F0004343EA505311F0004F23FA0F
:100A500002F018BF404270474FF00000704750EA64
:100A6000013005D111F0004008BF6FF00040704721
:100A70004FF00000704700BF4FEA4102B2F1E0437F
:100A800024BFB3F5001CDCF1FE5C0DD901F0004C75
:100A90004FEAC0024CEA5070B2F1004F40EB8300C5
:100AA00008BF20F00100704711F0804F21D113F1F1
:100AB0003872BCBF01F00040704741F480114FEA2A
:100AC0005252C2F11802C2F1200C10FA0CF320FAB3
:100AD00002F018BF40F001004FEAC1234FEAD323D0
:100AE00003FA0CFC40EA0C0023FA02F34FEA43033A
:100AF000CCE77FEA625307D150EA01331EBF4FF0C3
:100B0000FE4040F44000704701F0004040F0FE40DD
:100B100040F40000704700BF80F0004002E000BFDA
:100B200081F0004142001FBF5FEA410392EA030FD8
:100B30007FEA226C7FEA236C6AD04FEA1262D2EB22
:100B40001363C1BFD218414048404140B8BF5B4227
:100B5000192B88BF704710F0004F40F4000020F0C0
:100B60007F4018BF404211F0004F41F4000121F0D6
:100B70007F4118BF494292EA030F3FD0A2F1010220
:100B800041FA03FC10EB0C00C3F1200301FA03F15E
:100B900000F0004302D5494260EB4000B0F5000F81
:100BA00013D3B0F1807F06D340084FEA310102F140
:100BB0000102FE2A51D2B1F1004F40EBC25008BFF2
:100BC00020F0010040EA03007047490040EB0000BC
:100BD000013A28BFB0F5000FEDD2B0FA80FCACF1BD
:100BE000080CB2EB0C0200FA0CF0AABF00EBC250EA
:100BF00052421843BCBFD0401843704792F0000FD8
:100C000081F4000106BF80F400000132013BB5E72A
:100C10004FEA41037FEA226C18BF7FEA236C21D0A0
:100C200092EA030F04D092F0000F08BF0846704705
:100C300090EA010F1CBF0020704712F07F4F04D1D3
:100C4000400028BF40F00040704712F100723CBFE6
:100C500000F50000704700F0004343F0FE4040F410
:100C6000000070477FEA226216BF08467FEA2363CE
:100C70000146420206BF5FEA412390EA010F40F4B9
:100C8000800070474FF0000304E000BF10F0004305
:100C900048BF40425FEA000C08BF704743F09643EC
:100CA00001464FF000001CE050EA010208BF704707
:100CB0004FF000030AE000BF50EA010208BF70478E
:100CC00011F0004302D5404261EB41015FEA010CA3
:100CD00002BF84460146002043F0B64308BFA3F19B
:100CE0008053A3F50003BCFA8CF2083AA3EBC2537D
:100CF00010DB01FA02FC634400FA02FCC2F120029C
:100D0000BCF1004F20FA02F243EB020008BF20F0D2
:100D10000100704702F1200201FA02FCC2F1200238
:100D200050EA4C0021FA02F243EB020008BF20EA2D
:100D3000DC7070474FF0FF0C1CEAD0521EBF1CEA5B
:100D4000D15392EA0C0F93EA0C0F6FD01A4480EA49
:100D5000010C400218BF5FEA41211ED04FF0006332
:100D600043EA501043EA5111A0FB01310CF000405E
:100D7000B1F5000F3EBF490041EAD3715B0040EA84
:100D8000010062F17F02FD2A1DD8B3F1004F40EB54
:100D9000C25008BF20F00100704790F0000F0CF027
:100DA000004C08BF49024CEA502040EA51207F3AEB
:100DB000C2BFD2F1FF0340EAC250704740F40000C6
:100DC0004FF00003013A5DDC12F1190FDCBF00F0B7
:100DD00000407047C2F10002410021FA02F1C2F165
:100DE000200200FA02FC5FEA310040F1000053EA01
:100DF0004C0308BF20EADC70704792F0000F00F04F
:100E0000004C02BF400010F4000F013AF9D040EA54
:100E10000C0093F0000F01F0004C02BF490011F4E8
:100E2000000F013BF9D041EA0C018FE70CEAD153E6
:100E300092EA0C0F18BF93EA0C0F0AD030F0004C66
:100E400018BF31F0004CD8D180EA010000F000401A
:100E5000704790F0000F17BF90F0004F084691F0D8
:100E6000000F91F0004F14D092EA0C0F01D1420212
:100E70000FD193EA0C0F03D14B0218BF084608D1DB
:100E800080EA010000F0004040F0FE4040F4000025
:100E9000704740F0FE4040F4400070474FF0FF0CB8
:100EA0001CEAD0521EBF1CEAD15392EA0C0F93EAFF
:100EB0000C0F69D0A2EB030280EA010C49024FEA51
:100EC000402037D04FF0805343EA111143EA10130A
:100ED0000CF000408B4238BF5B0042F17D024FF4C2
:100EE000000C8B4224BF5B1A40EA0C00B3EB510F9D
:100EF00024BFA3EB510340EA5C00B3EB910F24BF86
:100F0000A3EB910340EA9C00B3EBD10F24BFA3EB0A
:100F1000D10340EADC001B0118BF5FEA1C1CE0D1D2
:100F2000FD2A3FF650AF8B4240EBC25008BF20F085
:100F3000010070470CF0004C4CEA50207F32C2BFD9
:100F4000D2F1FF0340EAC250704740F400004FF076
:100F50000003013A37E792F0000F00F0004C02BFA7
:100F6000400010F4000F013AF9D040EA0C0093F071
:100F7000000F01F0004C02BF490011F4000F013BCB
:100F8000F9D041EA0C0195E70CEAD15392EA0C0F33
:100F900008D142027FF47DAF93EA0C0F7FF470AF6B
:100FA000084676E793EA0C0F04D14B023FF44CAFAE
:100FB00008466EE730F0004C18BF31F0004CCAD143
:100FC00030F000427FF45CAF31F000437FF43CAF7F
:100FD0005FE700BF4FF0FF3C06E000BF4FF0010CA1
:100FE00002E000BF4FF0010C4DF804CD4FEA400283
:100FF0004FEA41037FEA226C18BF7FEA236C11D0CD
:1010000001B052EA530C18BF90EA010F58BFB2EB7F
:10101000030088BFC81738BF6FEAE17018BF40F0FF
:10102000010070477FEA226C02D15FEA402C05D1B3
:101030007FEA236CE4D15FEA412CE1D05DF8040B38
:10104000704700BF844608466146FFE70FB5FFF7CB
:10105000C9FF002848BF10F1000F0FBD4DF808ED83
:10106000FFF7F4FF0CBF012000205DF808FB00BF74
:101070004DF808EDFFF7EAFF34BF012000205DF8CE
:1010800008FB00BF4DF808EDFFF7E0FF94BF01201B
:1010900000205DF808FB00BF4DF808EDFFF7D2FF18
:1010A00094BF012000205DF808FB00BF4DF808ED5B
:1010B000FFF7C8FF34BF012000205DF808FB00BF28
:1010C0004FEA4002B2F1FE4F0FD34FF09E03B3EB55
:1010D00012620DD94FEA002343F0004310F0004F95
:1010E00023FA02F018BF404270474FF000007047EB
:1010F00012F1610F01D1420205D110F0004008BF8A
:101100006FF0004070474FF00000704742000ED271
:10111000B2F1FE4F0BD34FF09E03B3EB126209D432
:101120004FEA002343F0004323FA02F070474FF0E8
:101130000000704712F1610F01D1420202D14FF05D
:10114000FF3070474FF00000704700BF7BB972B9A5
:101150000029BEBF00204FF0004106E008BF002874
:101160001CBF6FF000414FF0FF3000F09BB9ADF1B4
:10117000080C6DE904CE002909DB002B1ADB00F016
:1011800035F8DDF804E0DDE9022304B070474042A1
:1011900061EB4101002B1BDB00F028F8DDF804E0D7
:1011A000DDE9022304B0404261EB4101524263EBAE
:1011B00043037047524263EB430300F017F8DDF836
:1011C00004E0DDE9022304B0404261EB41017047D5
:1011D000524263EB430300F009F8DDF804E0DDE977
:1011E000022304B0524263EB430370472DE9F047FA
:1011F000089D0C46002B4ED194468C458646B2FA8B
:1012000082F262D94AB1C2F12003914020FA03F37D
:101210000CFA02FC194300FA02FE4FEA1C47B1FB2C
:10122000F7F407FB14111FFA8CF64FEA1E4343EA4A
:10123000014304FB06F199420AD91CEB030304F1B4
:10124000FF3080F01081994240F20D81023C6344EE
:10125000591AB1FBF7F007FB101100FB06F61FFA55
:101260008EF343EA01439E420AD91CEB030300F1CB
:10127000FF3180F0FA809E4240F2F78063440238EA
:1012800000219B1B40EA04401DB1D3400022C5E968
:101290000032BDE8F0878B4205D90DB1C5E90001E8
:1012A00000210846F5E7B3FA83F1002946D1A342AD
:1012B00002D39042C0F0EE80861A64EB0303012053
:1012C000002DE6D0C5E90063E3E7002A40F08F80F7
:1012D000A1EB0C0401214FEA1C481FFA8CF7B4FB68
:1012E000F8F608FB164407FB06F04FEA1E4343EAF4
:1012F0000443984208D91CEB030306F1FF3402D2E1
:10130000984200F2CB8026461C1AB4FBF8F008FB8A
:10131000104400FB07F71FFA8EF343EA04439F4291
:1013200008D91CEB030300F1FF3402D29F4200F204
:10133000AE802046DB1B40EA0640A5E7C1F120074E
:101340008B4022FA07FC4CEA030C24FA07F64FEA1A
:101350001C49B6FBF9F81FFA8CFE09FB186620FA47
:1013600007F38C4000FA01FA08FB0EF01C43230C33
:1013700043EA0643984202FA01F20AD91CEB03033E
:1013800008F1FF3680F0818098427ED9A8F10208EA
:1013900063441E1AB6FBF9F309FB136603FB0EFE4A
:1013A000A4B244EA0644A64508D91CEB040403F1A0
:1013B000FF3066D2A64564D9023B644443EA084044
:1013C000A0FB0283A4EB0E049C42C6461E4650D3EB
:1013D0004DD055B1BAEB0E0364EB060404FA07F7DF
:1013E000CB401F43CC40C5E90074002151E70CFA03
:1013F00002FCC2F12003D9404FEA1C4820FA03F353
:1014000000FA02FEB1FBF8F008FB101194401C43F7
:101410001FFA8CF7230C43EA014300FB07F19942C2
:1014200008D91CEB030300F1FF362CD299422AD9CC
:10143000023863445B1AB3FBF8F108FB1133A4B222
:1014400044EA034401FB07F3A34208D91CEB04045C
:1014500001F1FF3613D2A34211D902396444E41AD0
:1014600041EA00413BE70446F2E6084608E7C24588
:10147000AFD2B8EB020E63EB0C060138A9E7314698
:10148000EDE703469AE73046D4E7B04681E7634488
:1014900002384FE706462346084611E7023E6344FA
:1014A00032E700BF704700BF12281FB528BF0020D9
:1014B0000123019003910E4801A9029304F052F90F
:1014C00008B103F06FFD0A4804F008FAC821084883
:1014D00004F0A0F8064804F0C3F910F4007003D03B
:1014E000034804F03BF980B205B05DF804FB00BF8F
:1014F000000600200000000008B507210820FFF7C3
:10150000D3FFFEF777FF0CA3D3E90023FEF7DCFF40
:1015100000220B4BFEF7D8FF00220A4BFEF7D4FF48
:101520000022094BFEF7D0FFFFF77EFA40F2EC43B2
:101530009842A8BF184608BD6666666666660A4099
:1015400000002640000059400000303F4FF0E022EC
:1015500010B50024D2F8FC3D43F08073C2F8FC3D86
:10156000074B1A685C6042F001021A6004F086FEC4
:10157000044BB0FBF3F0044B1860204610BD00BFD5
:10158000001000E040420F0008010020054B10B59C
:101590005C6804F073FE4FF47A73B0FBF3F0B4FBB5
:1015A000F0F010BD001000E070B50446FFF7EEFF4C
:1015B0000026054604F062FE4FF47A723346B0FB13
:1015C000F2F200214FF0FF30FFF7C0FD84428E4160
:1015D000B8BF184B4FF47A76BCBF1B78E41804F000
:1015E0004DFE0023B0FBF6F200214FF0FF30FFF775
:1015F000ADFD2C44A04271F100010ADA04F03EFE78
:101600000023B0FBF6F24FF0FF310120FFF79EFD03
:101610000444AC4204D9FFF7B9FFA042FBD370BD2C
:10162000FFF7B4FFA042FBD8FFF7B0FFA042FBD307
:10163000F5E700BF700000200C4B0D495A6809689F
:1016400001FB0020904208D85A68904209D3074A0B
:101650005368834207D3704700BF5A689042FBD853
:10166000704700BFF0E700BFF2E700BF001000E0E6
:101670000801002008B54FF0E0231A6922F00402A7
:101680001A611A6922F002021A6104F0F7FD074B91
:10169000B0FBF3F0064B80B21880C0EB401300EBB8
:1016A0008300044BC000188008BD00BF00127A0000
:1016B00006010020040100200B4B00221B88584328
:1016C0004FF0E02358619A611A6942F001021A61F1
:1016D0001A6902F00112012AFAD01A6922F00102F5
:1016E0001A6100229A6170470401002003280BD080
:1016F00004284FF000030DD002280DD14FF0804296
:10170000506A536200B270470022044B586A5A6212
:1017100000B27047024AF3E71846704700040040E1
:10172000000800407FB54FF4004503230124002644
:1017300069461A480393CDE90054029604F00AFB67
:1017400029461648224604F0E3FB2946134804F0D4
:10175000D9FB10B9002004B070BD22464FF480714F
:101760000F4804F0D5FB2046FFF766FF29463246B6
:101770000A4804F0CDFB2946084804F0C3FB05469F
:101780000028E7D12046FFF757FF05482A464FF4C7
:10179000807104F0BDFB2046DDE700BF000C014076
:1017A000000801402DE9FF410323012400274FF4E5
:1017B0000046154DDFF85480694628460393CDE96D
:1017C0000064029704F0C6FA3A4640464FF480712E
:1017D00004F09EFB3A463146284604F099FB204629
:1017E000FFF72AFF224640464FF4807104F090FB39
:1017F00028462246314604F08BFB204604B0BDE863
:10180000F041FFF719BF00BF000C01400008014084
:1018100030B500234FF4004485B069461A48CDE93D
:1018200001330393009404F095FA214601221648EF
:1018300004F06EFB0120FFF7FFFE01224FF48071E0
:10184000124804F065FB0120FFF7F6FE33240E4D2D
:101850004FF40041284604F055FB024630B90B48CE
:101860004FF4807104F054FB012006E0013C14F0B9
:10187000FF0404D1FFF796FF204605B030BD0120DC
:10188000FFF7DAFEE4E700BF000C0140000801406A
:101890002DE9FF41174D002228464FF4807104F0D6
:1018A00037FB0124032300264FF40048124F6946FA
:1018B00038460393CDE90084029604F04BFA324691
:1018C0004146384604F024FB2046FFF7B5FE224689
:1018D0004FF48071284604F01BFB2046FFF7ACFE56
:1018E00032464FF48071284604B0BDE8F04104F060
:1018F0000FBB00BF00080140000C01402DE9FF4173
:10190000174D002228464FF4807104F001FB01249A
:10191000032300264FF40048124F694638460393CC
:10192000CDE90084029604F015FA22464146384675
:1019300004F0EEFA2046FFF77FFE22464FF4807156
:10194000284604F0E5FA2046FFF776FE32464FF4CB
:101950008071284604B0BDE8F04104F0D9BA00BF58
:1019600000080140000C01407FB54FF40042012304
:101970000025CDE900230323694604461948029552
:10198000039304F0E7F92A464FF48071164804F0F7
:10199000BFFA0825144E23064CBF012200224FF443
:1019A0000041104804F0B4FA0120FFF745FE01227F
:1019B0004FF48071304604F0ABFA0120FFF73CFE93
:1019C00000224FF48071304604F0A2FA013D01205C
:1019D000FFF732FE640015F0FF05E4B2DBD104B07E
:1019E00070BD00BF000C014000080140F8B504467E
:1019F0000F4615461E46FFF795FE48B1600000F001
:101A0000FE00FFF7B1FFFFF703FF18B9FFF7CAFEAB
:101A1000012010E03846FFF7A7FF0024FFF7F8FE8B
:101A2000A54205DD305DFFF79FFFFFF7F1FE18B916
:101A3000FFF7B8FE0020F8BD0134F1E7F0B54FF430
:101A40000043002485B0064669461948CDE90144A3
:101A500003940093082504F07DF9164F00224FF4FB
:101A60008071384604F054FA0220FFF7E5FD4FF488
:101A700080713846012204F04BFA64004FF40041B3
:101A80000B48E4B204F03EFA08B10134E4B202209B
:101A9000013DFFF7D1FD15F0FF05DFD126B1FFF7BE
:101AA000F7FE204605B0F0BDFFF728FFF9E700BFBD
:101AB000000C014000080140F8B505460F461446E9
:101AC0001E46FFF72FFE48B16D00EDB22846FFF726
:101AD0004BFFFFF79DFE18B9FFF764FE0120F8BD2C
:101AE0003846FFF741FFFFF793FEFFF71BFE681C28
:101AF000C0B2FFF739FFFFF78BFE1CB9FFF752FEAC
:101B00002046ECE7012C0CBF00200120FFF796FFD8
:101B1000013C06F8010BE4B2EFE738B504460D4688
:101B2000FFF700FE2046FFF71FFFFFF771FE284674
:101B3000FFF71AFFFFF76CFEFFF7F4FD601CC0B261
:101B4000FFF712FFFFF764FE0020FFF777FF044660
:101B5000FFF728FE204638BDF8B507460E46154665
:101B60001C46FFF7DFFD3846FFF7FEFEFFF750FE8D
:101B70003046FFF7F9FEFFF74BFE2544AC4203D198
:101B8000FFF710FE0120F8BD14F8010BFFF7ECFE83
:101B9000FFF73EFEF2E710B51446FFF7BEFF2070D8
:101BA000012010BD07B58DF807200DF107030122B4
:101BB000FFF7D2FF03B05DF804FB2DE9F0411C46AE
:101BC00090469DF8185006460F46FFF7A6FFC4F151
:101BD00008039D40EDB2C8F107031D41FF23A4EBAC
:101BE0000804073408F1010843FA04F403FA08F37F
:101BF0001C4300EA04022A4339463046BDE8F0415E
:101C0000D2B2FFF7CFBF2DE9F34190461F46012422
:101C10000DF1070205460E4604FA08F4FFF7BBFF74
:101C20009DF8072047B12243D2B23146284602B080
:101C3000BDE8F041FFF7B6BF22EA0402F5E7000075
:101C40002DE9F04120210546274804F05BF9274E95
:101C500020BB338801339BB220212348338004F01A
:101C600051F9234F3B781843C0B208B901233B70A8
:101C7000DFF88080204C98F800308BB93A78012A40
:101C800001BF237888F800200133237020780228D0
:101C900006D10023194A2370138010E00023DBE7EC
:101CA0002021114804F02EF9012808BF00232078D4
:101CB00004BF3B7088F80030012802D00020BDE846
:101CC000F0810E4A3188138801339BB2AB421380F6
:101CD00004D98D4202D900232370DDE78D42EDD275
:101CE000002323701380E9E700080140120100205F
:101CF000100100200F0100200E0100200C01002027
:101D0000024610B528B9BDE810401021074804F07C
:101D1000FFB8074C236801338342236005D11021AB
:101D2000024804F0FAF80023236010BD00080140C7
:101D30001401002070B50A46044601B101224FF497
:101D40000041124804F0E4F80825114E0022202139
:101D50000F4804F0DDF823064CBF012200221021B9
:101D6000304604F0D5F8013D01222021304604F030
:101D7000CFF8640015F0FF05E4B2E7D1BDE870408C
:101D800001224FF40041014804F0C2B800080140AC
:101D9000000C014070B5B0240E4E00212046FFF724
:101DA000C9FF00210846FFF7C5FF00211020FFF7FB
:101DB000C1FF002516F8350001210135FFF7BAFFF4
:101DC000802DF7D10134E4B2B82C06F10106E4D13C
:101DD00070BD00BF18010020002310B41C46074846
:101DE0000022191801F832400132802AFAD1013359
:101DF000082BF5D110BCFFF7CDBF00BF18010020A4
:101E0000030610B512D43F2910D8012401F00703AE
:101E1000C3F107039C40C908064BC1F10701C9B2D1
:101E200003EBC000435C12B12343435410BD23EACB
:101E30000403FAE7180100202DE9F74F88460C212A
:101E40008146444600261F46203A1C4BD2B203EB83
:101E5000021300931A4B9DF830B001FB023301933B
:101E6000B74202D103B0BDE8F08F0C2F21D1019B06
:101E70009D5D04F108035FFA83FA2B0658BFBBFA95
:101E80008BF2214604F101044CBF5A4652094846E0
:101E9000E4B2FFF7B5FFA4EB08026D00BA42EDB261
:101EA00009D1C24609F101005FFA80F954460136B2
:101EB000D6E7009BDCE7A245DFD1F7E7E099000811
:101EC000D09F00082DE9F04F00258046AA464FF02C
:101ED0000A094FF0010B87B09DF8406005925F1E24
:101EE000720803910492FCB2FF2C27D107B0BDE821
:101EF000F08F09FB03F3013AD2B2FF2AF9D1059A18
:101F0000B2FBF3F3B3FBF9F209FB1233DAB2BAF125
:101F1000000F18D1AF4216DD9BB933462022CDF811
:101F200000B040460399FFF787FF049B013C03EB99
:101F3000080001355FFA80F8E4B2D5E722460123B4
:101F4000D9E74FF0010A30323346CDF800B0D2B2B3
:101F5000E7E7F7B504460D460127561E16F8013F80
:101F60000BB903B0F0BD7A2C82BF1035EDB200245E
:101F70003A2D03D90025FFF72FFF2C460097204666
:101F80000C23294632780834FFF756FFE4B2E5E720
:101F900010B53B4C00220821204603F0B9FF642015
:101FA000FFF702FB01222046082103F0B1FF0021C8
:101FB000AE20FFF7BFFE0021D520FFF7BBFE0021BA
:101FC0005020FFF7B7FE0021A820FFF7B3FE002145
:101FD0003F20FFF7AFFE0021D320FFF7ABFE00212B
:101FE0000846FFF7A7FE00214020FFF7A3FE0021CF
:101FF0008D20FFF79FFE00211420FFF79BFE00219C
:102000002020FFF797FE00210220FFF793FE00211A
:10201000A120FFF78FFE0021C020FFF78BFE0021DB
:10202000DA20FFF787FE00211220FFF783FE002150
:102030008120FFF77FFE0021EF20FFF77BFE0021CC
:10204000D920FFF777FE0021F120FFF773FE002172
:10205000DB20FFF76FFE00213020FFF76BFE002131
:10206000A420FFF767FE0021A620FFF763FE0021F2
:10207000AF20FFF75FFEBDE81040FFF7ADBE00BF29
:10208000000C01402DE9F04F7A4B87B0834240F0BD
:10209000ED80794B794A1B78794F0A2B137025DD37
:1020A0005A2B784E784D794C794800F0D280412BEC
:1020B00000F0D780452B00F0D680A3F14202022A1F
:1020C0004ED9A3F14602022A8CBF00220122002130
:1020D0004FF0000C7B2B86F800C085F800C0227002
:1020E000017040F0B18001223A7022E021D0012637
:1020F000684A644D644C6548654916702BB90022E6
:102100002A70227002700A7013E0012B4FF0000257
:1021100001D12B70F5E7052B02D12A702670F1E76B
:10212000A3F1020CBCF1020F14D82A7022700270C5
:102130000E703A78012A16D1574958480A788354C4
:1021400001320A7001224C494A4807B0BDE8F04FFD
:1021500004F0FFBF092BD2D02A7022700670D2E79C
:1021600000220121B4E7022AECD1DFF83081DFF848
:10217000289198F803304A4C502B0FD10122494B3B
:102180001A700021484B32221970002343483970DD
:1021900089F80010236005F0BFFAD3E798F80160D2
:1021A000232EEED099F800A0DFF8FCB05546032DA1
:1021B0008BF8005007D8303E052EE2D8DFE806F055
:1021C0003135383B3E4108EB050313F8010C30383C
:1021D000FEF710F9CDE90001AAEB0500FEF70AF9B8
:1021E00002460B460020314906F056F802460B46DF
:1021F0002068CDE90423FEF70FF9DDE90423CDE9DA
:102200000201DDE90001FEF75FF902460B46DDE958
:102210000201FDF7A3FFFEF72FFC013D2060EDB2A8
:10222000C5E72268224B1A60ABE72268214BFAE728
:102230002268214BF7E72268204BF4E72268204B05
:10224000F1E722681F4BEEE77D2B7FF472AF02228D
:102250004AE70022002132700022297022700270A9
:1022600067E70122F6E700220121F4E707B0BDE8A5
:10227000F08F00BF8C070020520500205105002080
:102280005005002061060020600600205F06002047
:102290005E0600205D0600204F0500201D05002081
:1022A00018050020420600201C05002000002440E4
:1022B000600000205C000020580000205400002036
:1022C000500000203006002003788B5443781144DE
:1022D0004B7083788B70C378CB70704707B54B1EFB
:1022E000092B01900ED80239082906D8DFE801F041
:1022F0000D0F11131517191B1D0001220C4901A800
:10230000FFF7E2FF03B05DF804FB0522F6E70922C0
:10231000F4E70D22F2E71122F0E71522EEE7192289
:10232000ECE71D22EAE72122E8E72522E6E700BFE5
:1023300053050020431E092B37D824221C4B02389A
:102340001A70082806D8DFE800F0090D1115191DCC
:1023500021262B00052206205A71704709220A20E7
:102360005A7270470D220E205A73704711221220A4
:102370005A747047152216205A75704719221A2070
:102380005A7670471D221E205A777047212222203C
:1023900083F8212070472522262083F825207047C6
:1023A00029222A2083F8292070470020704700BF87
:1023B0005305002070B5284C284A237813B1284BC8
:1023C0001B782BB9274B1978274B1B7839B13BB1B8
:1023D00013780133DBB2312B137028D870BD0B4654
:1023E00013701F4B1D78204B1E7855EA06031F4BB8
:1023F00027D01A782AB91E4A11681E4A1160012294
:102400001A70B6B11C4B19681A4B1868FEF78AFB94
:10241000174B1860194A13780133DBB2322B137053
:10242000DCD9104B26701D7000231370D6E73C23B7
:10243000D6E735B1124B19680E4B1868FEF770FBE2
:10244000E6E71A78012AE5D10A4A1168084A1160BC
:1024500000221A70DEE700BF9705002095050020D6
:102460005E060020960500205F06002094050020EF
:102470003C06002090050020100000208C05002064
:102480000C0000204FF0320CF0B5104C104D2368BA
:10249000411A2868A1EB4302CF1A024401EB8100E4
:1024A0000CFB07003C270B4E07FB020032682B6039
:1024B0001044094A21609042B8BF1046B0F5E15F70
:1024C000A8BF4FF4E1503060F0BD00BF8805002088
:1024D0008405002080050020E0E3FFFF4FF4E15277
:1024E0000028094BCBBF101A00F5E1509A635A63DC
:1024F000CCBF58639863054A054B12681B681344A8
:10250000044A1364704700BF0008004034060020EE
:1025100064000020002C0140054B064A19689142D6
:1025200001DA1A6003E041F6F4229142F9DC7047C7
:10253000540600200CE5FFFF3220F8B5FFF780FBC2
:10254000012819D1114C124D26788EB92B78012B08
:102550000CD1104B10491F683846FEF79DFD40B165
:1025600038460E49FEF78EFD18B12E70012301E0AA
:1025700028700023237007E0022805D1084A137849
:10258000B3FA83F35B091370F8BD00BF7F05002029
:10259000680000204C060020000020C100002041FF
:1025A0005C06002070B50C4610490546FEF760FD3C
:1025B0000F4E88B928460F49FEF778FD60B9337889
:1025C000012B09D040F2C5239C4205DD0A4B0B4983
:1025D0001868FEF74DFD38B10120094B094A1B6808
:1025E00003F2EE231364307070BD00BF000020C200
:1025F0006800002000002042E00500200000A0C18B
:1026000034060020002C0140012808B50CD102F04E
:1026100017F8064B1A68064B1A60064BB3F902000E
:10262000FEF734FB044B186008BD00BFE405002032
:102630004C060020F005002044060020F8B51B4C95
:10264000064623780D46002B2CD1194B19491F68DB
:102650003846FEF765FA3146FEF70AFD08B9002054
:10266000F8BD14493846FEF75DFA3146FEF71EFD07
:102670000028F4D06B1C022BF1D80F4B1B78012BD8
:10268000EDD123700D4A13780133DBB2322B89BFB1
:1026900000231370137023700835E0DA0023012043
:1026A0002370DDE7012BEDD0D9E700BF7E050020C8
:1026B0003C06002000002041680000207D0500202D
:1026C000B0F5805F2DE9F84F5AD184490B78012B82
:1026D00009D1834A13780133DBB20A2B09BF0023E7
:1026E000137013700B707F4A7F4D13787F4C022B51
:1026F00048D8013328781370FFF786FFFEF7FCFEF9
:102700007B4B7C4A7C49186013680D680133284470
:10271000642B1360086006D190FBF3F0774B1860D0
:1027200000230B6013606420FFF7EAFA0021092000
:10273000FEF7BAFE0C23A0F5806090FBF3F0704B1F
:1027400018602378012B1BD100210320FEF7ACFE7B
:10275000A0F58060FEF79AFA6A49FEF7EBFA6A493B
:10276000FEF7E8FA05F010FE6749FEF797FB674BA6
:1027700001461860664B1868FEF7D4F9654B18607F
:10278000BDE8F88F4FF00008022082F80080FEF7C5
:10279000ADFF4042FEF77AFA5F49FEF77FFBFEF796
:1027A0008FFC5E4E5E4F30602878FFF72DFF5D4B4B
:1027B0005D491868FEF772FB5C4B5D4D1860386828
:1027C000A0F2EE20FEF762FA5A49FEF767FB5A4B79
:1027D0001860FFF7B1FE31682868FFF72FFF474BFD
:1027E00001281968286808BF84F80080FFF7DAFE1E
:1027F00023781843C0B200286DD1504DFFF7DAFDA1
:102800004F492868FEF796FAFEF75AFCFEF73EFAA3
:102810004C4B044628601868FEF738FADFF8288128
:102820008146D8F8005020462946FEF779F901463E
:102830004846FEF77FFA454B81461868FEF726FAB0
:102840002146FEF777FA01464846FEF76BF929461E
:1028500082462846FEF766F9DFF8F49001462046E6
:10286000FEF75EF9D9F80010FEF75CF9394B8346A4
:102870001868FEF70BFA01465846FEF75BFA014668
:102880005046FEF74FF9FEF71BFC334B3A681860D1
:1028900042F2107390FBF3F31344B3F55C7FA8BFCF
:1028A0004FF45C73B3F51B7FB8BF4FF41B736FF02D
:1028B0003B0130683B60C8F80040C9F80050FFF7A2
:1028C000E1FD264C2060FFF727FE20684042BDE86E
:1028D000F84FFFF703BE0020F9E700BF40060020D5
:1028E00041060020BC05002069000020680000208F
:1028F000B8050020B4050020B005002050060020D7
:102900003406002085EBA13B00002041AC050020EF
:10291000380600203C06002093D8194258060020B3
:102920006400002044060020333383414806002021
:102930004C0600209A996940A8050020A4050020B3
:102940000000C84204000020A0050020080000206C
:102950009C0500200000002098050020540600205F
:102960002DE9F043012785B0B44CADF8047006465C
:102970000D46D4E900109046897C0222007801AB14
:10298000FFF734F8814628B14FF0FF38404605B0D4
:10299000BDE8F083C820FEF78FFED4E900108DF863
:1029A00004903A46C97B007801ABFFF71FF8002876
:1029B000EAD1D4E900103A464979007801ABFFF733
:1029C00015F80028E0D1D4E900103A46897C007857
:1029D00001ABFFF70BF80028D6D1D4E900103A4636
:1029E000C97D007801ABFFF701F80028CCD1D4E90C
:1029F00000103A460979007801ABFEF7F7FF00288E
:102A0000C2D1D4E900100C238DF804303A4609797C
:102A1000007801ABFEF7EAFF0028B5D10F20FEF7E2
:102A20004BFED4E90010A36A3A465B7A89788DF8A8
:102A30000430007801ABFEF7D9FF0028A4D1D4E917
:102A40000010A36A3A461B7A49788DF80430007862
:102A500001ABFEF7CBFF002896D1A36A9B7AB8F1B1
:102A6000000F01D043F0E0038DF80430D4E90010EA
:102A700001228979007801ABFEF7B8FF002883D1E5
:102A8000B8F1000F00F0D780A36ADB7A43F0E003CF
:102A90008DF80430D4E900100122C979007801AB27
:102AA000FEF7A4FF00287FF46FAFB8F1000F02D04B
:102AB000C820FEF701FED4E9001040238DF8043051
:102AC00001220979007801ABFEF790FF00287FF41E
:102AD0005BAFD4E9001078238DF8043001224979E6
:102AE000007801ABFEF782FF074600287FF44CAF69
:102AF0003220FEF7E1FDD4E900108DF804700122C8
:102B00004979007801ABFEF771FF00287FF43CAFF4
:102B1000D4E900100222897A007801ABFEF7CCFFDD
:102B2000804600287FF430AF0C23BDF80470814646
:102B30007FBABFB2B7FBF3F7C6E901003060C5E961
:102B40000100FFB228605FFA89F3BB4278D3346892
:102B50008322E11709040023200441EA1441FEF70F
:102B6000F5FA3A460023FEF7F1FA74688322E1177A
:102B700009040023306041EA14412004FEF7E6FA1C
:102B80003A460023FEF7E2FAB4688322E11709040B
:102B90000023706041EA14412004FEF7D7FA0023B5
:102BA0003A46FEF7D3FAB0602B68D917090451EA08
:102BB00013414FEA034004D540F2FF73C01841F1BE
:102BC0000001C00A002340EA41503A46C912FEF70C
:102BD000BDFA6B682860D917090451EA13414FEA1E
:102BE000034004D540F2FF73C01841F10001C00A50
:102BF000002340EA41503A46C912FEF7A7FAAB68F3
:102C00006860D917090451EA13414FEA034004D51B
:102C100040F2FF73C01841F10001C00A40EA415080
:102C20003A460023C912FEF791FA00283ADDA0F5D2
:102C30008030A860AAE618232AE700BF140000200D
:102C4000D4E900100C22C97A007801ABFEF734FFFA
:102C500009F1010900287FF497AEBDF804002B6844
:102C6000C0BA0344BDF806102B606B68C9BA0B44A8
:102C7000BDF808206B60AB68D2BA1344AB60BDF8F6
:102C80000A003368C0BA0344BDF80C10336073689F
:102C9000C9BA0B44BDF80E207360B368D2BA1344AE
:102CA000B36050E700F58030C3E700BF13B50F4CA9
:102CB00094F8243083B140008DF807000122D4E954
:102CC00000100DF10703C97B0078FEF78FFE50B9A5
:102CD0009DF80730637406E0A37A23B10028EBD097
:102CE000637C002BE8D002B010BD00BF14000020B0
:102CF00013B5564CA37A1BB94FF0FF3002B010BD8C
:102D00000023D4E900108DF807300122C97B007838
:102D10000DF10703FEF76AFE0028EDD1D4E900109B
:102D20000122497900780DF10703FEF75FFE0028C4
:102D3000E2D1D4E900100122097900780DF10703EE
:102D4000FEF754FE0028D7D1D4E90030197994F861
:102D50002430002B40D00C238DF80730012200785E
:102D60000DF10703FEF742FE0028C5D1D4E900109B
:102D7000C0238DF80730A37A0122DB0744BFE0238C
:102D80008DF80730097900780DF10703FEF72EFE64
:102D90000028B1D1D4E90010637C0122003B18BFA8
:102DA00001235B008DF80730C97B00780DF1070324
:102DB000FEF71CFE00289FD10DF107038DF80700D8
:102DC000D4E90010012249790078FEF70FFE00389F
:102DD00018BF0120404291E704238DF807300122FB
:102DE00000780DF10703FEF701FE002884D1A37CD3
:102DF0004BBBA37A13F0010F14BF60234023D4E927
:102E000000108DF807300122097900780DF10703D1
:102E1000FEF7ECFD00287FF46FAFD4E90010637C6F
:102E20000122003B18BF01238DF80730C97B0078D1
:102E30000DF10703FEF7DAFD00287FF45DAFD4E95A
:102E40000010034BBEE74023D9E700BF1400002069
:102E5000240000200B4B1B7A032B0ED8DFE803F075
:102E60000F02070A4FF4FA730380002070474FF4F3
:102E70007A73F9E74FF4FA63F6E70023F4E7FA23ED
:102E8000F2E700BF1400002013B5184CA37A43B139
:102E9000B0F57A7F0ED008D8FA2823D0B0F5FA7FA3
:102EA00022D04FF0FF3002B010BDB0F5FA6FF8D16C
:102EB000182300E01023227A8DF80730B2EBD30FED
:102EC0000ED0D4E900100122897900780DF10703B2
:102ED000FEF78CFD0028E4D19DF80730DB08237253
:102EE0000020E0E70023E6E70823E4E714000020E1
:102EF0000C4A537A032B12D8DFE803F00C02080ABD
:102F000004230370D27C3AB9002070470823F8E705
:102F10001023F6E70223F4E75B000370F4E74FF0B9
:102F2000FF3070471400002013B5174CA37A33B15B
:102F300008280CD007D8022821D0042821D04FF02F
:102F4000FF3002B010BD1028F9D1182300E0102383
:102F5000627A8DF80730B2EBD30F0ED0D4E90010AF
:102F60000122C97900780DF10703FEF73FFD002823
:102F7000E5D19DF80730DB0863720020E1E700230C
:102F8000E6E70823E4E700BF140000200C4BDB7ADF
:102F9000013B052B10D8DFE803F0110307090B0DE7
:102FA00062230380002070472A23FAE71423F8E7FE
:102FB0000A23F6E70523F4E70023F2E7BC23F0E752
:102FC0001400002013B5184CA37A1BB94FF0FF3042
:102FD00002B010BDBB2810D8612810D8292810D8FD
:102FE000132810D809288CBF05230623E27A8DF810
:102FF00007309A4209D10020EAE70123F6E70223CD
:10300000F4E70323F2E70423F0E7D4E900100122F8
:10301000897800780DF10703FEF7E8FC0028D5D188
:103020009DF80730E372E6E714000020054A0346E6
:1030300092F8240010B9D2891A8070474FF0FF30FF
:10304000704700BF140000200A4B1B7A032B0DD8D9
:10305000DFE803F00206080A074B03600020704710
:10306000064BFAE7064BF8E7064BF6E74FF0FF3062
:10307000704700BF1400002000000343000083429B
:1030800033330342333383410E4A537A032B16D82A
:10309000DFE803F00F02090C41F69C730380D27C39
:1030A00052B9002070474FF48053F7E74FF40063A4
:1030B000F4E74FF48043F1E75B080380F1E74FF05A
:1030C000FF30704714000020F8B5124E96F82430F7
:1030D000EBB9B47AC4B100F0FE05307D2C40284332
:1030E000377C347408D00120FFF7E0FD3DB9601B48
:1030F00018BF4FF0FF30F8BDFFF7D8FDF7E7FFF737
:10310000F7FD0028F3D037744FF0FF30F3E70020CD
:10311000F1E700BF140000202DE9F341214F0646DE
:1031200097F82430884615468BB1BB7A7BB1D7E936
:1031300000100222897A007801ABFEF7BDFC30B99D
:10314000BDF8044064BAA4B2A64205D928704FF075
:10315000FF3002B0BDE8F0817B68396818785B8881
:10316000B4EB530F0FD90122497C01ABFEF7A4FC4D
:103170000028ECD19DF80430DB0604D5FFF7B8FD3C
:103180006FF00100E5E7D7E900104346C97A0078FF
:10319000F2B2FEF791FC0028D9D1B4FBF6F4013C61
:1031A0002C70D6E71400002037B5394C0546A37CB7
:1031B00083426AD0636801221878236819790DF177
:1031C00007036DB3FEF778FC18B14FF0FF3003B082
:1031D00030BD9DF80730D4E9001023F020038DF8AE
:1031E00007300122097900780DF10703FEF7FEFB95
:1031F0000028EAD10320FEF75FFA02238DF807309A
:1032000094F8223013B182238DF8073094F82330DC
:103210007BB39DF8073043F030038DF8073028E08A
:10322000FEF74AFC0028D0D1D4E90010A27A9DF81C
:103230000730D2074CBF43F0200303F0DF038DF8C3
:1032400007300122097900780DF10703FEF7CEFB64
:103250000028BAD10320FEF72FFA94F8223094F810
:103260002320003B18BF0123DB018DF80730002A23
:10327000D1D1D4E900100122097D00780DF10703B6
:10328000FEF7B4FB0028A0D1A57400209FE700BF83
:103290001400002037B5164C054694F823308342BD
:1032A00020D000280CBF00233023A27C8DF80730EB
:1032B0001AB143F002038DF8073094F822302BB195
:1032C0009DF8073063F07F038DF80730D4E90010D4
:1032D0000122097D00780DF10703FEF787FB20B975
:1032E00084F82350002003B030BD4FF0FF30FAE7E0
:1032F00014000020282837B5054603D94FF0FF30C9
:1033000003B030BD254C90B9FFF7C4FFD4E90010DD
:103310004FF4E063ADF804300222897C007801AB01
:10332000FEF764FB0028E9D120750020E8E70120C2
:10333000FFF7B0FF2023012D8DF804301ED10023AC
:1033400005208DF80530FFF73DFED4E900109DF80B
:10335000053002229B0143F007038DF80530897C7C
:10336000007801ABFEF742FB0028C7D108220123F9
:10337000A27220732375FFF7A7FED6E7052D01D8AB
:103380000123DDE7142D95BF022303230A20142017
:1033900094BF8DF805308DF80530D4E71400002077
:1033A00073B51E4D0446AB7A1BB94FF0FF3002B027
:1033B00070BD95F824000028F7D12B7D4BB1631E1A
:1033C000272B04D8E0B2FFF795FF0020EFE7FFF7C7
:1033D00091FFD5E90010B4F57A7F28BF4FF47A74D5
:1033E000042C38BF04244FF47A76B6FBF4F4013C85
:1033F0008DF807400122497800780DF10703FEF7A8
:10340000F5FA0028D1D19DF807300133B6FBF3F06F
:10341000E8814008FFF7D6FDD7E700BF1400002081
:1034200010F0700F0CBFB0FA80F3012373B504BF26
:103430005B099B01294D8DF807300446D5E9001042
:103440000122897C00780DF10703FEF7CFFA30B135
:1034500000234FF0FF36AB72304602B070BD9DF8CE
:103460000730A10623F040032B7384F04003C3F31D
:1034700080134FEA83038DF807305EBFDBB243F061
:1034800002038DF80730E20658BF9DF80730D5E9F2
:1034900000105CBF43F001038DF80730230758BFCD
:1034A0009DF807304FF001025CBF43F038038DF800
:1034B0000730C97C00780DF10703FEF797FA06463E
:1034C0000028C5D114F0F70F01D0FFF7E3FE002369
:1034D0003220AC722B75FEF7EFF8BDE71400002028
:1034E000802337B5474C8DF80030D4E900106B4687
:1034F0000122897C0078FEF779FA0546002861D11F
:103500006420FEF7D9F8D4E900108DF800506B461E
:103510000122897C0078FEF769FA002852D1D4E9AB
:1035200000106B460622897D0078FEF7C5FA002858
:1035300048D19DF805109DF8033089005B0003F029
:10354000020301F0040119439DF8013003F0010367
:1035500019433CD0012952D0022930D10023E37411
:103560004FF6FF73E3812374FF23A3744FF0FF33FF
:103570000122A360002324494FF4FA60C4F81630F6
:1035800022734B608B60A38262846362FFF77CFCD2
:10359000C0B90220FFF7C8FCA0B92A20FFF712FD2E
:1035A00080B93220FFF7FCFE60B9FFF78DFD48B906
:1035B000FFF7FAFD044628B9FFF732FF04E013488D
:1035C00003F09EFE4FF0FF34204603B030BDD4E937
:1035D00000106B460122C9780078FEF76DFA0028CA
:1035E000F0D19DF8003013F00F0303D1084803F029
:1035F000EFFEE7E7042BB1D1064803F0E9FE012313
:10360000ADE700BF140000202A00002044A40008F9
:103610006AA40008B7A40008F7B50D4616461AB903
:103620004FF0FF3003B0F0BD114CA37A002BF7D060
:10363000676843BAADF80430C0B27B890844984249
:10364000EEDC21680222097E387801ABFEF7CEF964
:103650000028E5D1D4E900103346497D0078EAB26C
:10366000FEF7C4F9003818BF01204042DAE700BF76
:1036700014000020F7B50D4616461AB94FF0FF307A
:1036800003B0F0BD114CA37A002BF7D0676843BAA2
:10369000ADF80430C0B27B8908449842EEDC216862
:1036A0000222097E387801ABFEF7A0F90028E5D1A7
:1036B000D4E900103346497D0078EAB2FEF7FCF900
:1036C000003818BF01204042DAE700BF1400002094
:1036D0002DE9F04F244D89B095F8254081468A4662
:1036E0001646019324B14FF0FF3009B0BDE8F08FCA
:1036F0000029F8D04C4512D376BAADF80C60D5E964
:1037000000100222897E007803ABFEF76FF90028D3
:10371000E9D1012385F82530019BEB84E5E7A9EB8E
:103720000408B8F1100FA8BF4FF010080AEB040B03
:103730001FFA88F75A4639462046FFF76DFF0028E2
:10374000D1D13946204604AAFFF794FF0028CAD1F8
:103750003A46584604A903F0CFFF10B92744BCB23B
:10376000C8E76FF00100C0E71400002037B51D4C1A
:10377000054694F8243083421ED000B394F82530D7
:103780006BB30020FFF792FA0020FFF70DFDE08CED
:10379000FFF706FE002360688DF807300122232121
:1037A00000780DF10703FEF721F9012084F82400C9
:1037B000FFF77CFAFFF79CFA002003B030BDFFF75B
:1037C00075FA237C60688DF8073001222321007888
:1037D0000DF10703FEF70AF984F82450EAE74FF0E9
:1037E000FF30EAE7140000202DE9F04FB34D95B00B
:1037F00095F8243080468946009323B10020FFF7D6
:10380000B5FF012300930DF11E00FFF723FB0DF11F
:103810001D00FFF76DFB0DF12200FFF7B7FB08A8B5
:10382000FFF704FCAB7A002201932B7C494640460B
:103830000393FFF795F800287FD101220EA90BA86A
:10384000FFF78EF8002840F0A980686804220D2157
:1038500000780AABFEF730F90446002800F0A68095
:103860000024A3460EAE11AF56F8043B59F82B00C6
:10387000C01A0028B8BF4042FDF708FA4FF05E5169
:10388000FDF758FA57F8043B824600211846029388
:10389000FDF7E4FB002840F0CB80029B5046194620
:1038A000FDF7FCFA4FF07E51FDF73AF9844920F01C
:1038B0000040FDF7FBFB18B1012303FA0BF31C4397
:1038C0000BF1010BBBF1030FCED16868E3B2029399
:1038D0005A460D21007811ABFEF7EEF80446002899
:1038E00040F0E98006464FF0010BBDF844309DF8EA
:1038F000462023F4604302F01F0223F0E003ADF8FA
:1039000044308DF846200DF12C0A11AF5AF8043BD3
:1039100058F82600C01A0028B8BF4042FDF7B6F993
:103920004FF05E51FDF706FA17F8013B8146002B78
:1039300000F0B480634864498AE00022494640466A
:10394000FFF70EF800283FF478AF00244FF6FF731E
:103950000126EB812B744FF0FF33BDF81E00AB60E6
:103960002E73FFF791FA9DF81D00FFF7DDFABDF801
:103970002200FFF727FBBDF82000FFF711FD01989B
:10398000FFF74EFD0398FFF79FFB009B13B13046F6
:10399000FFF7ECFE204615B0BDE8F08F01220EA91E
:1039A0000BA8FEF7DDFF0028CFD14EE79DF82830A9
:1039B0009DF82B20DB10C2F3011103F01C030B4315
:1039C0008DF824309DF82930C2F38101DB1003F01B
:1039D0001C030B438DF825309DF82A3002F00302BA
:1039E000DB1003F01C0313438DF826300023DFF8AF
:1039F000DCB037490DF1240A11AF1AF8016BAEB9EA
:103A00003B600134E4B2032C07F10407F5D127E74A
:103A100004930291FDF78EF90299049B013E16F082
:103A2000FF063860F4D10AF8016CEAE75846F5E77A
:103A300050462849FDF71CFB00287FF43DAF504657
:103A4000254936E7CDE90413FDF774F9DDE90413E0
:103A5000013B13F0FF03F5D1014607F8013C48464E
:103A6000FDF71CFA4FF07E51FDF75AF8144920F08B
:103A70000040FDF71BFB10B10123B3401C4301368E
:103A8000032E7FF443AFE4B2B4FA84F46409029BDA
:103A9000002B7FF45BAF44F0020457E70F49FDF7BA
:103AA000E7FA28B948460E49FDF700FB0028E6D0A2
:103AB0000BFA06F3E2E70024E9E700BF1400002058
:103AC000295C0F3E0000C84154E3853F7B14AE3EA5
:103AD0001D5A843F9A99993E3333733F0000204129
:103AE0000000D242704700001FB5084A01AB1068C1
:103AF0005168127A03C309211A704FF4976001AA22
:103B0000FFF78AFD05B05DF804FB00BF28A500089B
:103B1000C8234FF4806240F6F6300149FFF7D8BD64
:103B200059A5000810B54A4B86B01A889B78ADF8A5
:103B300008208DF80A30474B00F003011A889B7863
:103B4000ADF80C208DF80E30434B04461A889B7854
:103B5000ADF810208DF81230404B1A889B78ADF8E4
:103B600014208DF8163001F118030DEB030111F844
:103B7000103CC0F3C1028DF8003002F118030DEBC8
:103B8000030212F8103C11F80C1C8DF80130C0F340
:103B9000811318336B4413F8100C12F80C2C13F823
:103BA0000C3C8DF802008DF804108DF805200321DF
:103BB0006A4640F226408DF80630FFF72DFD18B119
:103BC0004FF0FF3006B010BD032140F22A4001AA99
:103BD000FFF722FD0028F3D1049B6107ADF8003008
:103BE0004FEA13438DF80230059B4FF00301ADF807
:103BF00004304FEA13438DF8063041BF37238DF868
:103C0000003027238DF80430A20641BF57238DF8DA
:103C1000013047238DF80530E30542BF77238DF847
:103C2000023067236A464FF4886048BF8DF806303B
:103C3000FFF7F2FC0028C3D1032140F2314001AA72
:103C4000FFF7EAFC0028BBD1054B1C81BAE700BF97
:103C500032A5000836A500083AA500083EA50008D0
:103C6000C0050020234B37B51A8902F00303C2F3C5
:103C7000C10150F82330540750F8215048BF5B422F
:103C8000910648BF6D42C2F38111D2051A4A50F81D
:103C9000211085FB025048BF4942AD0F45EA80051F
:103CA00081FB021083FB02329B0F8C0F43EA8203DD
:103CB00044EA80041BBA04214FF4747001AA0193F2
:103CC000FFF7AAFC18B14FF0FF3003B030BD2DBA9A
:103CD00004214FF4757001AA0195FFF79DFC00289F
:103CE000F1D124BA042101AA4FF476700194FFF7B0
:103CF00093FCEAE7C005002009E3CA027FB5064647
:103D00000DF10200FFF7C0F9214BBDF802401D89FB
:103D1000E40305F0030356F82310C5F3C1036A0753
:103D200056F8232048BF4942AB0648BF5242C5F36C
:103D30008113E8054FEAE175A1FB041004FB0500BF
:103D40004FEA917141EA800109BA01914FEAE270AC
:103D5000A2FB042104FB001156F823304FEA9272B3
:103D600042EA810248BF5B4212BA0292D917A3FB12
:103D7000043204FB01229B0F43EA82031BBA0C218D
:103D800001AA4FF425700393FFF746FC04B070BD01
:103D9000C005002010B50446144A86B0106851686A
:103DA00003AB03C39068C82C186003D94FF0FF30F1
:103DB00006B010BD00238DF80430C823B3FBF4F324
:103DC0000221013B40F2162001AA8DF80530FFF7D1
:103DD00023FC0028EAD10C2140F6C12003AAFFF7FA
:103DE0001BFC0028E2D1024B9C81E1E742A50008C0
:103DF000C005002073B504460846610715D0B0F52C
:103E0000C86F12D8FCF73EFF4349FDF747F8064656
:103E10000DF10300FFF76CF89DF80330082B5FD01D
:103E200007D8022B11D0042B50D04FF0FF3002B036
:103E300070BD102BF9D14FF08A413046FCF77AFF64
:103E4000FDF764F9354985B208E04FF08D41304601
:103E5000FCF770FFFDF75AF9314985B23046FCF79F
:103E600069FFFDF753F980B26DBA40BAE207ADF8C9
:103E70000450ADF806003DD4A30710D502214FF43D
:103E8000EC7001AAFFF7C8FB0028CED102214FF445
:103E900094700DF10602FFF7BFFB0028C5D114F0A6
:103EA0000400C4D002214FF4EE7001AAFFF7B4FB66
:103EB0000028BAD102214FF496700DF10602FFF7E7
:103EC000ABFB003818BF01204042B0E74FF08C41F7
:103ED0003046FCF72FFFFDF719F9124985B2BDE70F
:103EE0004FF08B413046FCF725FFFDF70FF90E49E7
:103EF00085B2B3E702214FF4EA7001AAFFF78CFB09
:103F0000002892D102214FF492700DF10602FFF7C2
:103F100083FB0028B0D088E7000048430000C0447D
:103F2000000040460000C0450000404510F001037D
:103F300018BF302307B582078DF8073042BFDBB2C8
:103F400043F00C038DF80730430748BF9DF8073056
:103F50004FF0010148BF43F003030DF107024FF496
:103F6000A47048BF8DF80730FFF756FB03B05DF82B
:103F700004FB042807B528BF0420012838BF01200E
:103F800001388DF8070001210DF1070240F24F10B2
:103F9000FFF742FB03B05DF804FB052307B5B0FB58
:103FA000F3F040BAADF80400022101AA4FF4EF701B
:103FB000FFF732FB03B05DF804FB052307B5B0FB48
:103FC000F3F040BAADF80400022101AA4FF4ED70FD
:103FD000FFF722FB03B05DF804FB4FF47A7307B5DB
:103FE00090FBF3F0484300BA0190042101AA4FF47A
:103FF000AE70FFF711FB03B05DF804FB052307B5B6
:10400000B0FBF3F040BAADF80400022101AA4FF46E
:10401000AD70FFF701FB03B05DF804FB052307B5A6
:10402000B0FBF3F040BAADF80400022101AA4FF44E
:10403000AC70FFF7F1FA03B05DF804FB1FB520B1D7
:1040400005B05DF804EBFFF74FBD084A01AB1068FF
:104050005168127A03C309211A704FF4976001AABC
:10406000FFF7DAFA05B05DF804FB00BF4FA50008C2
:1040700007B560B1074B042101AA40F698200193CF
:10408000FFF7CAFAFEF734FE03B05DF804FB4FF009
:104090008B33F0E7C0C2C4C607B560B1074B04213B
:1040A00001AA40F69E200193FFF7B6FAFEF720FE24
:1040B00003B05DF804FB4FF0A333F0E7202830385D
:1040C0002DE9FF41684B042101AA044668200193B1
:1040D000FFF7A2FAA32314F0400803BF19461A46BB
:1040E0001846C8211CBFC222C02014F4C0768DF827
:1040F00004300CBFA323C4238DF806108DF80720CD
:1041000004BF19461A468DF808304FF0A3031CBFB0
:10411000CC21C6228DF80B304AF2A3338DF805006E
:104120008DF809108DF80A200A2101AA40F6A7206F
:10413000ADF80C30FFF770FA14F003070CBFD8236A
:104140002023012140F6B62001AA8DF80430FFF7A4
:1041500063FA14F0200077D0FFF7C6FCD6B104F460
:104160008073002B15BFB220B0208B21802115BF9A
:10417000B622B4229B2390238DF804008DF80510FD
:104180008DF80620042140F6A22001AA8DF8073000
:10419000FFF742FAE3075AD5F82301AA01214FF4A9
:1041A0000B608DF80430FFF737FAFA210720FFF78C
:1041B00021FE0720FFF7BAFE0120FFF7DAFE642098
:1041C000FFF7EBFE4FF4FA70FFF7F7FEC821274820
:1041D000FFF703FF2820FFF711FF0A20FFF71EFF5C
:1041E00014F0020F0CBFD823D923012101AA40F2F9
:1041F0003D708DF80430FFF70FFA14F0040018BF7B
:104200000120FFF735FF14F0100018BF0120184DF2
:10421000FFF742FF44F008036B81FEF769FDB8F138
:10422000000F0CBF00230623DEB9AB7314F0140F8C
:104230001EBFAB7B1033AB7317B1AB7B0433AB73D7
:10424000002004B0BDE8F081FFF7F8FE86E7D82330
:10425000012101AA4FF40B608DF80430FFF7DCF95F
:10426000BEE70633E1E700BF02CAE30909E3CA0279
:10427000C00500202DE9F04F9946002389B0129D1A
:10428000DFF84CA10746884693466946139A9AF888
:104290000E002B80FEF740FF064650BBBAF80A30EE
:1042A00013F0140F00F09180019A009814BA4FEAAD
:1042B000244C0CFB0CFC00BACBF80000001400FBF3
:1042C00000C00299039A09BACBF80810091401FB3F
:1042D000010112BACBF80C20121402FB021202F1F7
:1042E0007142B2F1007FCBF8044008D9FEF700FD1F
:1042F0002E804FF0FF36304609B0BDE8F08F2A8897
:1043000042F480722A801022580620D502F1200142
:10431000694411F8204C11F81F0C063240EA0420C1
:10432000A8F8000011F81E4C11F81D0CD2B240EA9A
:104330000420A8F8020011F81C0C11F81B1C41EA1B
:104340000021A8F80410298841F00801298013F4FD
:10435000C07F1DD002F12001694411F8204C11F8F2
:104360001F0C063240EA0420388011F81E4C11F868
:104370001D0CD2B240EA0420788011F81C0C11F810
:104380001B1C41EA0021B980298841F07001298075
:10439000990716D00DEB02046378E578DA0708D5A3
:1043A000DAF800302BB105F007010131C5F3C20086
:1043B000984763781B0704D5DAF804300BB1A809D5
:1043C00098474846FFF78EFB95E702469CE700BFFB
:1043D000C005002090F90030002B0CDC0DD190F9C5
:1043E0000130002B0BDC0CD190F90230002B0ADCE1
:1043F0000BD0062070470020704704207047012032
:10440000704705207047022070470720704707B5A6
:104410000323009002226B21D020FDF7CEFB03B0D6
:104420005DF804FB07B50223009004221B21D02075
:10443000FDF7C3FB03B05DF804FB07B50223009052
:1044400004221C21D020FDF7B8FB03B05DF804FB6B
:10445000034606226B21D020FDF7D5BB034605227B
:104460006A21D020FDF7CFBB034601223721D0209F
:10447000FDF7C9BB08B50220FFF7C9FF0320FFF70E
:10448000D1FF0020FFF7D9FF0020FFF7E1FF002058
:10449000FFF7E4FFBDE808400020FFF7E5BF00009C
:1044A000002330B589B0012275218DF800306820D5
:1044B0006B46FDF701FB0123514C5248237002F07B
:1044C00087FF9DF80030682B0CD0BFF34F8F4E490B
:1044D0004E4BCA6802F4E0621343CB60BFF34F8FC8
:1044E00000BFFDE7FEF7FCFF002840F08480782045
:1044F000FEF796FF10B9434802F06AFF7820FEF7F6
:10450000E3FD10B9424802F063FFC820FEF748FF00
:1045100010B9404802F05CFFFFF7FAFA10B93E48C4
:1045200002F056FF3D48FFF755FF02463C48FFF7B3
:1045300051FF01463B48FFF74DFF830143EAC100AD
:10454000104380B2FFF7EEFA10B9374802F040FF8F
:1045500040F27310FFF7B4FD10B9344802F038FF91
:10456000C820FFF717FC10B9314802F031FF05A948
:1045700002A8FFF739F9072836D101A8FEF764FD34
:10458000019D0298FCF782FB2946FCF7D3FBFCF760
:1045900097FD02900398FCF779FB2946FCF7CAFBCC
:1045A000FCF78EFD03900498FCF770FB2946FCF79E
:1045B000C1FBFCF785FD049002A8FFF753FB0DF14A
:1045C0000200FEF761FDBDF80220059B05A85343DC
:1045D0000593069B53430693079B53430793FFF7AB
:1045E0008DFB144802F0F4FE0120FFF7BFF810B96C
:1045F000114802F0EDFE0023237009B030BD00BF6A
:104600005C0600204FB1000800ED00E00400FA0550
:104610006FB1000893B10008B8B100084000002055
:104620004300002046000020E9B100080EB2000857
:1046300032B2000855B2000876B20008000000004F
:104640002DE9F04F6E4C89B00DF10B0301936D49CC
:1046500003AB6D48009404AAFFF70CFE2388DB052A
:1046600040F1C5800498FCF711FB4FF04251FCF774
:1046700061FB664B064618600598FCF707FB4FF098
:104680004251FCF757FB624B054618600698FCF751
:10469000FDFA4FF04251FCF74DFB5E4B04461860AB
:1046A0000798FCF7F3FA4FF04251FCF743FB5A4BE3
:1046B000074618604FF040412846FCF73BFB314667
:1046C00080463046FCF72EFA414682463846FCF7D3
:1046D00031FB514681462046FCF72CFB01464846FB
:1046E000FCF720FAFBF798FE03F0ACFD42A3D3E9F8
:1046F0000023FBF7E9FEFCF7BFF9484B21461860A1
:104700002046FCF70FFA414683462846FCF712FB89
:10471000594680462046FCF70DFB01464046FCF713
:10472000FFF94FF07E51FCF7FDF9FBF775FE80466F
:10473000894638465946FCF7FDFA514683462846D5
:10474000FCF7F8FA01465846FCF7ECF9FBF764FE73
:1047500042464B4603F09EFD27A3D3E90023FBF717
:10476000B3FEFCF789F92E4B314618603046FCF752
:10477000E1FA294680462846FCF7DCFA0146404625
:10478000FCF7D0F9214680462046FCF7D3FA0146D3
:104790004046FCF7C5F9394680463846FCF7CAFA68
:1047A00001464046FCF7BCF9FBF736FE80468946D9
:1047B00028462146FCF7BEFA394604463046FCF747
:1047C000B9FA01462046FCF7ADF90146FCF7AAF913
:1047D000FBF722FE42464B4603F05CFD06A3D3E9FD
:1047E0000023FBF771FEFCF747F90E4B186009B088
:1047F000BDE8F08FAFF300806666666666A64C4043
:10480000E8050020EA050020F00500204C0000200B
:10481000D8050020D4050020D0050020E4050020A4
:10482000E0050020DC05002073B50021804A084621
:10483000FDF78FFB7F4B1978002900F0C78000211E
:104840007D4A46207D4CFDF784FB0A2100207C4AEE
:10485000FDF77FFB2368002B80F2BA80794A0A219A
:104860005020FDF776FB0C2322680093032352426D
:104870000A215F20744CFDF725FB14210020734AA8
:10488000FDF767FB2368724D002B80F2AB806D4A09
:1048900014215020FDF75DFB2B6822681A440C237D
:1048A00000930323524264240C2514215F20FDF75A
:1048B00009FB1E210020674AFDF74BFB664E1E21B7
:1048C0003A20664AFDF745FB1E215020644AFDF759
:1048D00040FB3268022392FBF4F21E212D2000954A
:1048E000FDF7F0FA3268022392FBF4F1442004FB56
:1048F000112200951E21FDF7E5FA336893FBF4F2CF
:1049000004FB1233092B06DC022300221E213E2069
:104910000095FDF7D7FA28210020524AFDF719FB30
:10492000514B00211C682046FCF7A2FB002865D0F3
:1049300020464E49FCF7F6F8FCF7E8FB0C2302464C
:1049400028212D2000934A4C0323FDF7BBFA322186
:104950000020484AFDF7FDFA00212068FCF788FB9B
:1049600000284DD03221374A4620FDF7F2FA206860
:104970000C2500F10040FCF7C9FB0223024632215E
:1049800050200095FDF79EFA32216020334AFDF752
:10499000E0FA246804F100442046FCF791FBFCF7A0
:1049A00075F901462046FCF7BBF83349FCF7C2F91C
:1049B000FCF7ACFB0123024632216A200095FDF78B
:1049C00081FA02B0BDE87040FDF7E4B92B4A38E740
:1049D0002B4A0A215020FDF7BCFA0C2300932268D1
:1049E000032345E71421264A5020FDF7B2FA0C2391
:1049F00021682A6800930A44032354E720469BE772
:104A000032211F4A4620FDF7A4FA2068FCF77EFBFE
:104A10000C2502460223322150200095FDF752FA60
:104A2000322160200D4AFDF794FA2468B4E700BFF4
:104A300099B2000868000020A0B2000858060020C3
:104A4000A8B20008B0B2000864000020B4B20008A8
:104A500034060020BAB2000850060020C0B2000898
:104A6000C2B20008C4B200084C0600200000B443E3
:104A70003C060020CAB2000800002041A4B2000891
:104A8000B2B20008000000003B4BF0B51C6887B0D4
:104A9000A4F2C6246400A31C38DBB4F5977F37DC8E
:104AA000032394FBF3F4354A354B16781F68B6FAA6
:104AB00086F3344D5B0913702B78012B2AD1002427
:104AC000CDE90344304B31491868FCF733F9FCF762
:104AD000F7FA2F4B029018682C49FCF72BF9FCF7DA
:104AE000EFFA2C4B019018682B49FCF723F9FCF7DF
:104AF000E7FA2A4B2A4A2B4900901B68126809687A
:104B0000294802F0FDFB2C7007B0F0BD0024CAE775
:104B10006424C8E7254B1868FCF7D2FA0546AEB105
:104B20003846FBF767FC12A3D3E90023FBF7F6FD39
:104B3000FBF77AFF80EAE072A2EBE072D2B2234682
:104B4000114600951A4802F0DBFBDDE7194B1C6C9F
:104B5000194B1868FCF7B4FA234602462946174851
:104B600007B0BDE8F04002F0CBBB00BFAFF3008060
:104B7000CDCCCCCCCCCCF43F50060020F6050020A8
:104B800058060020420600200C00002000002041B2
:104B9000100000203C0600200000C8420000002059
:104BA0000800002004000020D3B200084C060020BA
:104BB000EEB20008002C014048060020FEB20008BA
:104BC0001A4B70B51868FCF761F81949FCF766F9DB
:104BD000184B01211860184B184C1868FDF77EFB24
:104BE000174B02211868FDF779FB164B164D186C10
:104BF000FCF748F80321FDF771FB0320FDF79AFB52
:104C0000124B134A1870002319461370DEB2B042DB
:104C100002D801B1107070BD29684906FCD514F89E
:104C2000011B013369600121F0E700BF500600203D
:104C30000000C842F80500204C0600205305002063
:104C400048060020002C014000380140FC050020EF
:104C5000FD0500200C480D490D4A002302E0D45800
:104C6000C4500433C4188C42F9D30A4A0A4C0023B6
:104C700001E013600432A242FBD300F05DFA02F0BF
:104C80009FFD00F025F9704700000020E80000209B
:104C900018B40008E800002064090020FEE70000C6
:104CA0001FB51148114A0023012402604FF460220D
:104CB000CDE901330393836003730375C2614360DD
:104CC000046100F093FE08B100F06CF90323CDE914
:104CD00001340023044801A9039300F043FD08B107
:104CE00000F060F904B010BD00060020002401406F
:104CF000102210B5044688B00DEB0200002102F02E
:104D00000BFD2268174B9A422AD103F56C439A692E
:104D1000032442F400729A619A69134802F4007203
:104D20000192019A9A6904A942F004029A619A696F
:104D300002F004020292029A9A6942F008029A6111
:104D40009B6903F008030393039B0823CDE9043414
:104D500001F000F8054804A9CDE9044400F0FAFF89
:104D600008B010BD0024014000080140000C0140C3
:104D700010222DE9F04188B00DEB0200002102F075
:104D8000CBFC2F4B2F4F9A692F4D42F020029A6196
:104D90009A69384602F020020192019A9A6948F213
:104DA000101142F004029A619A69012402F004028F
:104DB0000292029A9A69002642F008029A619B695F
:104DC000012203F008030393039B01F0A1F80122E1
:104DD000284648F2380101F09BF84FF0030848F2EA
:104DE0001013384604A9CDE90434CDE9066800F073
:104DF000B1FF2023384604A9CDE90436069400F01B
:104E0000A9FF4FF48052114B284604A9CDE9042391
:104E1000069400F09FFF48F23803284604A9CDE924
:104E20000434CDE9066800F095FF224602212820CF
:104E300000F0DCFE282000F009FF08B0BDE8F0819A
:104E40000010024000080140000C01400000211049
:104E500010B594B0142200210CA802F05DFC1422BD
:104E600000210DEB020002F057FC1022002101A8E6
:104E700002F052FC02244FF480330122CDE91143A9
:104E8000CDE90A234FF4E0130AA80E92139301F020
:104E900059F808B172B6FEE70F23CDE905344FF497
:104EA00080630790CDE90830214605A801F020FA7B
:104EB00008B172B6FEE74FF4004301A801940393D2
:104EC00001F0D2FA08B172B6FEE714B010BD0000CE
:104ED00008B500F081FBFFF7BBFFFFF749FFFFF7C5
:104EE000DFFE00F037FA00F029F900F055F900F084
:104EF00085FA00F0C3FA00F0DDFA282000F0B4FED5
:104F0000FCF7B8FB1D4800F0EFFD00211C4801F044
:104F1000FDFD04211A4801F0F9FD0C21194801F0AA
:104F2000F5FD3C21184801F0FFFB3C21174801F03A
:104F3000FBFBFDF72DF8FFF79DFAFFF7B1FA1448D8
:104F400000F032F801221349114802F002F928203A
:104F500000F07CFEFFF768FC0F4B1B7853B9FFF79E
:104F600093FDFFF761FC01220C4B1A7000220C4BE1
:104F70001A70FEE7FFF724FEF5E700BF00060020E9
:104F80006C06002044070020FC060020B406002028
:104F90008C070020520500205C06002040060020FF
:104FA0004106002072B6FEE7044B02221860044B53
:104FB000186800238068194602F012BA64060020BF
:104FC00084000020022808B505D902F0F3FB09236C
:104FD0000360002008BD0120FCE700000138012823
:104FE00010B514460BD809484FF0FF33006892B251
:104FF00001F088FE002818BF0524204610BD02F0ED
:10500000D9FB09234FF0FF340360F6E76406002064
:10501000022808B506D902F0CDFB092303604FF042
:10502000FF3008BD0020FCE708B502F0C3FB0923F0
:1050300003604FF0FF3008BD08B558B909484FF07C
:10504000FF330122006801F0B2FE002814BF0520E2
:10505000012008BD02F0AEFB092303604FF0FF30D2
:10506000F7E700BF64060020022808B504D84FF413
:1050700000534B60002008BD02F09CFB0923036035
:10508000F8E70000104B07B59A69052042F00102CD
:105090009A619A6902F001020092009ADA6942F07C
:1050A0008052DA61DB6903F080530193019B00F0C9
:1050B0008BFD064A536823F0E06343F000735360AE
:1050C00003B05DF804FB00BF001002400000014087
:1050D000FEE7FEE7FEE7FEE7FEE770477047704732
:1050E00000F08CBA014801F01BBF00BF8C07002004
:1050F0004FF4805000F01ABF0B4A0346116810B5F8
:1051000009B90A491160106809490A4C0344091B8E
:105110008B4206D902F04EFB0C2303604FF0FF30A8
:1051200010BD1360FCE700BF68060020680900207E
:1051300000500020000400007047000010B58CB043
:105140000021202204A802F0E7FA00244FF0804357
:10515000104803A9C0E900344FF6FF73C0E90334D7
:10516000032303930123CDE9014484608461059303
:10517000099301F097FB08B1FFF714FF054801A957
:10518000CDE9014401F0C4FC08B1FFF70BFF0CB0FE
:1051900010BD00BFFC06002010B500248CB000211B
:1051A000202204A802F0B8FA1048114B03A9C0E964
:1051B00000344FF6FF73C0E9033403230393012344
:1051C000CDE90144846084610593099301F06AFB91
:1051D00008B1FFF7E7FE054801A9CDE9014401F058
:1051E00097FC08B1FFF7DEFE0CB010BDB40600203E
:1051F0000004004003680F4A82B093420BD10E4B6B
:105200009A6942F400629A619B6903F40063009317
:10521000009B02B07047094A9342FAD1064BDA6903
:1052200042F00402DA61DB6903F004030193019B9D
:10523000EFE700BF002C01400010024000080040D2
:10524000102210B5044688B000210DEB020002F0D8
:1052500063FA2368B3F1804F1BD103F50433DA6995
:1052600042F00102DA61DA6902F001020092009A6A
:105270009A6942F004029A619B6903F00403019366
:10528000019B03230F4804A9049300F063FD08B0B9
:1052900010BD0D4A9342FAD10C4BDA6942F002027A
:1052A000DA61DA6902F002020292029A9A6942F025
:1052B00004029A619B6903F004030393039BC023D8
:1052C000E0E700BF00080140000400400010024079
:1052D00010B5044686B01022002102A802F01CFA84
:1052E0002368174A934215D1164B4FF400619A690F
:1052F000154842F004029A619B6903F0040300938D
:10530000009B0223CDE90213059302A900F022FDC0
:1053100006B010BD0D4A9342FAD10A4B0C489A6967
:1053200002A942F008029A619B69C02203F00803B7
:105330000193019B0223CDE902230593E6E700BF19
:10534000002C01400010024000080140000800400D
:10535000000C014010B5002492B01C22214603A885
:10536000CDE9014402F0D8F9202221460AA802F032
:10537000D3F990231F48204AC0E90544C0E900231F
:1053800042F20F738460C0E9033401F05FFA08B1A0
:10539000FFF708FE174801A9CDE9014401F0B8FB69
:1053A00008B1FFF7FFFD0C220024602311480DEB2C
:1053B0000201CDE90334CDE907440594099401F0D5
:1053C000F1FA08B1FFF7EEFD4FF4005309480AA9BE
:1053D000CDE90A44CDE90C440E940F93119401F0E9
:1053E000C5FB08B1FFF7DEFD0248FFF771FF12B001
:1053F00010BD00BF44070020002C014010B5002460
:105400008AB01C22214603A8CDE9014402F084F9A8
:105410001848194B8460C0E9003441F61F43846189
:10542000C0E9033401F012FA08B1FFF7BBFD1148DF
:1054300001A9CDE9014401F06BFB08B1FFF7B2FD12
:10544000002260230B4803A9CDE90332059207929D
:1054500001F0A8FA08B1FFF7A5FD0422054803A949
:1054600001F0A0FA08B1FFF79DFD0248FFF730FFF9
:105470000AB010BD6C0600200008004008B54FF4CB
:10548000FA330A480A4AC0E9002300230C22C0E983
:105490000233C0E905230361C36101F005FC18B1C3
:1054A000BDE80840FFF77EBD08BD00BFD007002063
:1054B0000038014008B54FF416530A480A4AC0E9BB
:1054C000002300230C22C0E90233C0E90523036155
:1054D000C36101F0E9FB18B1BDE80840FFF762BD08
:1054E00008BD00BF8C07002000480040102210B506
:1054F000044688B00DEB0200002102F00DF923688C
:10550000304A934229D1304B4FF400719A692F48A9
:1055100042F480429A619A6902F480420092009AB1
:105520009A6942F004029A619B6903F004030193B3
:10553000019B0223CDE90413032304A9079300F080
:1055400009FC4FF48060002304A9CDE904031F483F
:10555000069300F0FFFB08B010BD1D4A9342FAD13C
:10556000194B04A9DA691B4842F48022DA61DA692E
:10557000002402F480220292029A9A6942F0080200
:105580009A619B694FF4806203F008030393039BC5
:105590000223CDE904230323079300F0DBFB4FF440
:1055A000006304A90B48CDE90434069400F0D2FB53
:1055B00001222146272000F019FB272000F046FB9E
:1055C000C9E700BF00380140001002400008014058
:1055D00000480040000C0140074A08B5136803204A
:1055E00043F01003136000F0EFFA0020FBF7AEFF6A
:1055F000FFF748FD002008BD00200240034A044B8D
:1056000011681B780B441360704700BF140800201A
:1056100070000020F7B5002604460D460196FBF702
:10562000B5FF236807469A68D10508D50120A36A0B
:1056300084F8246043F02003A36203B0F0BD5A68ED
:10564000D20503D4DB6A13F4700F3DD03D4B02202A
:105650001E6800F083FF23683B4A1969B6FBF0F629
:1056600011423A4A51D1D868394908424DD1196995
:1056700011425BD1DA68374B1A4214BF2923142335
:105680005E43019BB34223D26A1C04D0002D53D148
:10569000019BB3420AD3019B01330193F1E76E1CD6
:1056A00013D065B923681B6898070DD4A36A03203B
:1056B00043F00403A362002384F82430BDE7FBF722
:1056C00065FFC01BA842EDD8226813689907E6D58C
:1056D0006FF0120322681360A36A43F40073A3629D
:1056E000936803F46023B3F5602F0CD1237B53B987
:1056F000A36A23F48073A362A36ADB0403D4A36ABE
:1057000043F00103A362002097E71969114203D116
:10571000D968104A11420BD019690F4A114209D1B8
:10572000DB68134214BFFC235423A9E72923A7E70E
:105730005423A5E7FC23A3E7FBF728FFC01BA842DF
:10574000A6D8A8E76C00002024499224922449128C
:105750002449920092244900499224000368D86C9D
:1057600070470000002373B5019390F8243004467D
:10577000012B6CD0012380F824304D680268062D7F
:10578000086805EB850322D81F26556B053B9E4014
:1057900025EA060500FA03F32B43536309288B68B7
:1057A00000EB40054FF0070129D9D6681E3DA940FE
:1057B00026EA0101AB400B43D360A0F11003012B9B
:1057C00025D90020002384F8243002B070BD0C2DB0
:1057D0004FF01F0509D8166B233B9D4026EA0505AF
:1057E00000FA03F32B431363D8E7D66A413B9D408D
:1057F00026EA050500FA03F32B43D362CEE71069CE
:10580000A94020EA0101AB400B431361D9E7114BDA
:105810009A4216D193681B02D3D49368102843F49C
:1058200000039360CDD10C4B0C4A1B68B3FBF2F321
:105830000A2253430193019B002BC2D0019B013BE1
:10584000F8E7A36A012043F02003A362BAE702202D
:10585000BBE700BF002401406C00002040420F0065
:10586000806A7047002337B50193036804469A683D
:10587000D20702D5002003B030BD9A6842F0010281
:105880009A60144B144A1B68B3FBF2F30193019B1B
:10589000E3B9FBF77BFE054623689B68DB07E9D489
:1058A000FBF774FE401B0228F6D923689B6813F0AF
:1058B0000103F1D1A26A012042F01002A262E26A61
:1058C00084F8243042F00102E262D4E7019B013BFC
:1058D000DCE700BF6C00002040420F0010B590F8DC
:1058E00024300446012B54D0012380F82430FFF7E4
:1058F000B9FF002849D1A36A274A23F4407323F053
:10590000010343F48073A3622368934204D12349C3
:105910004A6812F4702F2ED1A26A22F48012A26279
:105920005A68520541BFA26A22F4405242F48052A2
:10593000A262A26A12F480521CBFE26A22F006023E
:10594000E262002284F824206FF002021A609A6852
:1059500002F46022B2F5602F13D10F4A934205D1B1
:10596000A2F58062526812F4702F0AD19A6842F44C
:10597000A0029A6010BDA26A42F48012A2624A6834
:10598000CFE79A6842F48012F3E7002384F82430CA
:10599000F0E70220EEE700BF0028014000240140AC
:1059A00038B5036804469A68D10701D4002038BD91
:1059B0009A6822F001029A60FBF7E8FD0546236829
:1059C0009B68DB07F2D5FBF7E1FD401B0228F6D907
:1059D00023689B68DA07F2D5A36A012043F010031D
:1059E000A362E36A43F00103E362E0E7F8B504462B
:1059F00000286DD0836A23B9C36280F82430FFF792
:105A000077F92046FFF7CCFFA36A13F0100361D1AA
:105A100000285FD1A26A616822F4885222F0020253
:105A200042F00202E569A668A262227B2943B6F52C
:105A3000807F41EA420136D0771E7D427D412D02B2
:105A4000277D012F06D182BBA269013A45EA423285
:105A500042F400652268B6F5807F576827F46947ED
:105A600045EA0705556097681D4D05EA070545EAB3
:105A70000105956001D0012E02D12369013B1B0570
:105A8000D56A25F470052B43D3629268154B1340F9
:105A9000994213D10023E362A36A23F0030343F086
:105AA0000103A362F8BD3546CAE7A26A42F02002AC
:105AB000A262E26A42F00102E262CBE7A36A23F04B
:105AC000120343F01003A362E36A43F00103E362AD
:105AD0000120E7E7A36A43F01003A362F8E700BFE1
:105AE000FDF7E1FFFE0E1FFF002373B5019390F851
:105AF00024300446012B62D0012380F82430FFF7C4
:105B00004FFF0546002832D1A36A022023F48853B0
:105B100023F0020343F00203A3622A4B1E6800F045
:105B20001DFDB6FBF0F676000196019B1BBB2046DF
:105B3000FFF798FE2268936843F008039360FBF731
:105B400025FD064623689A68110718D49A6842F022
:105B500004029A60FBF71AFD064623689B685B0700
:105B600023D4A36A23F0030343F00103A3620023B9
:105B700084F8243016E0019B013B0193D5E7FBF745
:105B800005FD801B0A28DDD923689B681807D9D535
:105B9000A36A012523F0120343F01003A36200233C
:105BA00084F82430284602B070BDFBF7EFFC801B60
:105BB0000A28D2D923689B685A07CED5E8E7022580
:105BC000F0E700BF6C00002007490302CA6803F435
:105BD000E06322F4E0621204120C134343F0BF634B
:105BE00043F40033CB60704700ED00E0154B30B557
:105BF000DC68C4F30224C4F10703251D042B28BF6D
:105C00000423062D4FF0FF3594BF0024033C05FA12
:105C100003F321EA0303A54022EA0502A34000287A
:105C200043EA0203ACBF00F16040074A4FEA0313A6
:105C3000DBB2ABBF00F5614000F00F0080F800332D
:105C4000135430BD00ED00E014ED00E0002807DB48
:105C500001234109034A00F01F00834042F821302C
:105C6000704700BF00E100E000280CDB012206497C
:105C7000430900F01F008240203341F82320BFF386
:105C80004F8FBFF36F8F704700E100E090F8212045
:105C90000346022A06D0042282630120002283F8F0
:105CA000202070470268C06B116821F00E0111605E
:105CB000116821F00101116001211A6C01FA02F250
:105CC0004260002083F82110E8E7000008B590F852
:105CD0002130022B03D004238363012008BD036815
:105CE0001A6822F00E021A601A6822F001021A6085
:105CF000164A93421CD0143293421BD01432934262
:105D00001AD0143293421AD0143293421AD0143259
:105D1000934214BF4FF080734FF480130C4A5360CA
:105D20004FF480730384436B03B198470020D5E799
:105D30000123F3E71023F1E74FF48073EEE74FF40C
:105D40008053EBE74FF48033E8E700BF08000240E0
:105D5000000002402DE9F74F00242646DFF888C1F5
:105D6000624BDFF88CE1DFF88C810A6832FA06F5C5
:105D700002D103B0BDE8F08F0127B74002EA070562
:105D800037EA02027AD14A68032A07D8013A022A7E
:105D900000F28380DFE802F092979D00122A00F063
:105DA00095806DD8112A00F08B80FF2D98BF814619
:105DB0004FF00F0B88BF00F104094FEA8602D9F8B3
:105DC000007088BF203A0BFA02FA27EA0A0704FAA1
:105DD00002F21743C9F80070D1F8049019F0805FFF
:105DE0004CD0DCF8182026F0030742F00102CCF872
:105DF0001820DCF8182007F1804702F00102019218
:105E000007F5803706F0030A019A4FEA8A0ABA6852
:105E10000BFA0AFB22EA0B0B374A90425DD002F5DF
:105E2000806290425BD002F58062904259D002F5C8
:105E30008062904214BF0422032202FA0AF242EA6C
:105E40000B02BA601A6819F4803F14BF2A43AA43B0
:105E50001A605A6819F4003F14BF2A43AA435A60D3
:105E60009A6819F4801F14BF2A43AA439A60DA681B
:105E700019F4001F14BF2A43AA43DA60013674E7FD
:105E8000DFF878904A4508D010D8A9F580194A451E
:105E900003D0724501D0424587D18A68DAB1012A20
:105EA0004FF008040CBF076147617EE7DFF85090B0
:105EB0004A45F2D009F580394A45EDE7CC6874E7E8
:105EC000CC68043471E7CC6808346EE7CC680C34D5
:105ED0006BE7002469E7042467E70022ADE70122AD
:105EE000ABE70222A9E700BF001002400004014016
:105EF00000002110000011100008014000002210D5
:105F0000000031108368194214BF0120002070473F
:105F10000AB1016170470904FBE7C36801EA0302A3
:105F200021EA030141EA024101617047044A08B5D0
:105F30005169014202D05061FCF7C2FB08BD00BFAD
:105F4000000401402DE9F341054638B30368DB073F
:105F500010D42B689F075ED42B68190700F1958039
:105F60002B685A0700F1C180EB69002B40F02C81AF
:105F7000002029E0904C636803F00C03042B07D049
:105F8000636803F00C03082B0AD16368DE0307D5AE
:105F900023689C03DDD56B68002BDAD1012013E068
:105FA0006B68B3F5803F12D1236843F480332360DC
:105FB000FBF7ECFA064623689803CAD4FBF7E6FA27
:105FC000801B6428F7D9032002B0BDE8F0819BB99B
:105FD000236823F480332360236823F48023236021
:105FE000FBF7D4FA064623689903B2D5FBF7CEFA3D
:105FF000801B6428F7D9E6E7B3F5A02F236803D107
:1060000043F480232360CFE723F4803323602368A5
:1060100023F48023CBE7684C636813F00C0F07D0A0
:10602000636803F00C03082B10D16368DA030DD406
:1060300023689B0702D52B69012BAFD123686A69BE
:1060400023F0F80343EAC203236085E72A695B4B28
:106050006AB101221A60FBF799FA064623689F0786
:10606000ECD4FBF793FA801B0228F7D9ABE71A6050
:10607000FBF78CFA0646236898077FF56DAFFBF7B0
:1060800085FA801B0228F6D99DE7AA694A4E4B4B38
:10609000E2B10122C3F88024FBF778FA0446736A60
:1060A0009B070DD54FF4FA52454B1B68B3FBF2F337
:1060B000019300BF019B5A1E0192002BF9D14FE7BB
:1060C000FBF764FA001B0228E9D97CE7C3F88024B7
:1060D000FBF75CFA0446736A9F077FF541AFFBF755
:1060E00055FA001B0228F6D96DE7334CE369D80056
:1060F00024D40127E36943F08053E361E36903F0AB
:1061000080530093009B2F4E3368D90518D5EB6858
:10611000012B26D1236A43F001032362FBF736FAF1
:1061200041F288380646236A9B073FD5002F3FF48B
:106130001BAFE36923F08053E36115E70027E2E733
:10614000336843F480733360FBF720FA804633688A
:10615000DA05DCD4FBF71AFAA0EB08006428F6D9BC
:1061600031E7ABB9236A41F2883823F00103236297
:10617000236A23F004032362FBF708FA0646236A26
:106180009807D3D5FBF702FA801B4045F7D91AE7E9
:10619000052B236A03D143F004032362BAE723F0FB
:1061A00001032362236A23F00403B6E7FBF7EEF949
:1061B000801B4045B7D906E700100240000042426C
:1061C0006C000020007000402A4C626802F00C0253
:1061D000082A3ED00022022B274B1A662CD1FBF74F
:1061E000D5F906462368990120D42B6AB3F5803F80
:1061F00005D16268A96822F400320A436260696AC4
:1062000062680B4322F474121343012263601A4B39
:106210001A66FBF7BBF9054623689A013FF5A8AE5D
:10622000FBF7B4F9401B0228F6D9CCE6FBF7AEF930
:10623000801B0228D6D9C6E6FBF7A8F905462368D5
:106240009B017FF595AEFBF7A1F9401B0228F6D91B
:10625000B9E6012B3FF4A2AE60682B6A00F48032ED
:106260009A427FF49BAE6B6A00F47010C01A18BF9C
:106270000120A9E6001002400000424230B5184B50
:1062800087B002AC03F1100522461868596808333C
:1062900003C2AB421446F7D140F201231149ADF8D5
:1062A00004304B6803F00C02082A17D1C3F3834271
:1062B00018326A44DB0312F8100C0CD54B680A4AFA
:1062C000C3F34043504318336B4413F8143CB0FB02
:1062D000F3F007B030BD054B5843FAE70248F8E742
:1062E00024B300080010024000127A0000093D00AB
:1062F0002DE9F0410D46044610B90120BDE8F081BA
:10630000444A136803F007038B4228D321688E07A1
:1063100030D4CA0743D43F4A136803F00703AB42A3
:1063200065D822683C4D12F0040F6CD1130706D5D6
:106330006B68226923F4605343EAC2036B60FFF782
:106340009DFF6B68354AC3F30313D35CD840344BCD
:106350001860344B1868FBF7F9F80020CEE7136893
:1063600023F007030B431360136803F007038B420A
:10637000C3D1CBE7284B11F0040F1EBF5A6842F47B
:10638000E0625A60080742BF5A6842F460525A609D
:106390005A68A06822F0F00202435A60B9E76268C6
:1063A0001D4E012A33681AD113F4003FA5D073683B
:1063B00041F2883823F0030313437360FBF7E6F8D8
:1063C00007467368626803F00C03B3EB820FA2D038
:1063D000FBF7DCF8C01B4045F3D903208EE7022A07
:1063E00002D113F0007FE1E713F0020FDEE713683C
:1063F00023F007032B431360136803F00703AB423A
:106400007FF47BAF8DE76B68E16823F4E0630B43B7
:106410006B608BE7002002400010024014B30008BC
:106420006C00002074000020044B054A5B68C3F335
:106430000223D35C034A1068D84070470010024022
:106440000CB300086C000020044B054A5B68C3F3E2
:10645000C223D35C034A1068D84070470010024042
:106460000CB300086C00002003682DE9F3410546D9
:10647000D80721D5364CE369D9002BD40126E3692E
:1064800043F08053E361E36903F080530193019B80
:10649000304F3B68DA051FD5236A6A6813F44073EE
:1064A0002ED1236A6A6823F44073134323621EB11A
:1064B000E36923F08053E3612A68910706D52449F4
:1064C000A8684B6823F4404303434B60D30636D49B
:1064D000002012E00026DBE73B6843F480733B605A
:1064E000FBF754F880463B68DB05D5D4FBF74EF844
:1064F000A0EB08006428F6D9032002B0BDE8F081C3
:1065000002F440729A42CCD00120134A236AC2F8A6
:106510004004002023F44071DF07C2F840042162E8
:10652000BFD5FBF733F841F288380746236A98074E
:10653000B7D4FBF72BF8C01B4045F7D9DCE7044A7A
:10654000E968536823F480030B435360C0E700BF3E
:10655000001002400070004000004242024670B548
:10656000334B86B002AD03F110062C46186859680B
:10657000083303C4B3422546F7D140F20123022A6F
:10658000ADF8043047D0102A03D0012A24D00020CF
:1065900036E0284A5168106810F0807030D0C1F39E
:1065A000834318336B44C90313F8100C49BF536875
:1065B000214BC3F34043183341BF6B4413F8141C01
:1065C0001E4BB3FBF1F3584353685B0218D403230B
:1065D0004000B0FBF3F013E040F20231154A136AB9
:1065E0001940B1F5817F1FD003F44073B3F5007FEC
:1065F00008D149F64043506A10F0020018BF18460F
:1066000006B070BDB3F5407FC1D110684FF224438E
:1066100010F40030F2E7FFF717FF064B5B68C3F397
:10662000813301335B00D4E74FF40040E8E700BF5B
:1066300024B300080010024000093D0000127A0057
:10664000036A70B523F001030362036A4468826938
:106650000D6822F073022A438D6823F002032B4356
:106660000A4DA8420BD1CD6823F008032B4324F434
:106670004074D1E90556354323F004032C434460AC
:1066800082614A684263036270BD00BF002C014012
:10669000036A70B523F480730362036A4468C269B5
:1066A0000D6822F073022A438D6823F4007343EAD5
:1066B00005230B4DA8420DD1CD6823F4006343EAB6
:1066C000052324F44054D1E90556354323F480636F
:1066D00044EA05144460C2614A68C263036270BD43
:1066E000002C0140036A30B523F480530362036A2F
:1066F0004468C2690D6822F4E64242EA05228D68C8
:1067000023F4005343EA0533064DA84202BF4D6906
:1067100024F4804444EA85144460C2614A680264F7
:10672000036230BD002C0140034630B590F83E00B6
:1067300093F83F2093F8425093F84340C0B2D2B24E
:10674000EDB2E4B2C1B9012845D1012D13D1022225
:1067500083F83E2083F842201A68116A21F0010173
:106760001162116A41F00101002011621A68136878
:1067700043F00103136030BD042911D1012A2AD14D
:10678000012C28D1022283F83F2083F843201A6885
:10679000116A21F010011162116A41F01001E3E762
:1067A000012818D1012AE6D1012DE4D1012CE2D132
:1067B000022283F83E2083F83F2083F8422083F8AA
:1067C00043201A68116A21F001011162116A41F037
:1067D00001011162DCE70120CDE700001A4A0368DD
:1067E00090420AD0B0F1804F07D0A2F59432904287
:1067F00003D002F58062904215D14A6823F07003FD
:106800001343114A90420AD0B0F1804F07D0A2F54D
:106810009432904203D002F58062904203D1CA685C
:1068200023F4407313434A6923F080031343036046
:106830008B68C3620B688362034B984204BF0B6989
:106840000363012343617047002C014010B50446E7
:1068500030B390F83D3003F0FF021BB980F83C20C4
:10686000FEF7C8FC0223206884F83D30211DFFF7A5
:10687000B5FF0123002084F8463084F83E3084F8C8
:106880003F3084F8403084F8413084F8423084F856
:10689000433084F8443084F8453084F83D3010BDEE
:1068A0000120FCE7F8B50D46044600284CD090F8CE
:1068B0003D3003F0FF021BB980F83C20FEF7C0FC1E
:1068C0000223214684F83D3051F8040B836823F4F9
:1068D000804323F007038360FFF780FF81682A6805
:1068E0008369AE691143AA6823F4407323F003035C
:1068F00042EA06221A432B69EE691B0143EA06238A
:10690000EE6822F47C4233432E6A22F0FC0243EA12
:106910000633076A6E6913436A6827F0220742EA62
:10692000061281601743836101230762002084F807
:10693000463084F83E3084F83F3084F8423084F8A2
:10694000433084F83D30F8BD0120FCE7036A70B5A0
:1069500023F010030362036A446882690D6822F41D
:10696000E64242EA05228D6823F0200343EA05133C
:106970000B4DA8420DD1CD6823F0800343EA0513E7
:1069800024F44064D1E90556354323F0400344EA3A
:106990008504446082614A688263036270BD00BFFF
:1069A000002C014038B590F83C300446012B4ED005
:1069B0000123082A80F83C3039D006D8BAB1042A1D
:1069C00025D0002084F83C0038BD0C2AF9D100689D
:1069D000FFF788FEC3690A6943F40063C361C369B2
:1069E00023F48063C361C36943EA02232DE0006896
:1069F000FFF726FE83690A6943F008038361836910
:106A000023F004038361836913438361D9E700683A
:106A1000FFF79CFF83690A6943F40063836183691C
:106A200023F480638361836943EA0223EDE700680E
:106A3000FFF72EFEC3690A6943F00803C361C36907
:106A400023F00403C361C3691343C361B9E70220A0
:106A5000BAE710B50124036A01F01F018C4023EA54
:106A600004030362036A8A401A43026210BD0000F5
:106A700008B529B990F83E30012B1DD001202EE039
:106A8000042907D190F83F30012BF7D1022380F879
:106A90003F3014E0082907D190F84030012BEDD1A8
:106AA000022380F840300AE090F84130012BE5D114
:106AB000022380F8413002E0022380F83E30006873
:106AC0000122FFF7C6FF0F4B984209D0B0F1804F6B
:106AD0000BD1836803F00703062B0DD1002008BDFE
:106AE000436C43F400434364F3E7074B9842F0D010
:106AF00003F580639842ECD0036843F00103036020
:106B0000ECE700BF002C014000040040FFF7B0BFDD
:106B100030B590F83C300246012B4FF0020022D0F5
:106B2000136882F83D005C680D6824F070042C4303
:106B300098685C600C4CA3420AD0B3F1804F07D038
:106B4000A4F59434A34203D004F58064A34204D195
:106B5000496820F08000014399600123002082F8F9
:106B60003D3082F83C0030BD002C014090F83C30B4
:106B70000246012B1ED0CB68886823F44073034380
:106B8000486823F480630343086823F400630343E5
:106B9000086923F480530343486923F400530343F3
:106BA0000020C96923F480430B4311684B6482F8C9
:106BB0003C007047022070470368DA6822F4907244
:106BC000DA605A6922F001025A61026B012A02BF9F
:106BD000DA6822F01002DA60202380F83E300023C9
:106BE0000363704710B504460368C1681A6922F44C
:106BF00040520A431A6182680069D9680243606999
:106C000021F4B05121F00C0102430A43DA605A69C1
:106C1000A16922F440720A435A610E4A934215D187
:106C2000FFF712FC19234343626820689200B3FB0C
:106C3000F2F36422B3FBF2F102FB11331B01323396
:106C4000B3FBF2F303EB0113836010BDFFF7ECFB22
:106C5000E8E700BF00380140F8B504460E46174685
:106C60001D462268136836EA030301D1002014E0B0
:106C70006B1CF7D095B923680320DA6822F4D07230
:106C8000DA605A6922F001025A61202384F83D300B
:106C900084F83E30002384F83C30F8BDFAF776FCE7
:106CA000C01B8542DDD2E6E710B5044640B390F83C
:106CB0003D3003F0FF021BB980F83C20FEF716FCC4
:106CC0002423226884F83D30D368204623F40053FF
:106CD000D360FFF787FF236800201A6922F49042EF
:106CE0001A615A6922F02A025A61DA6842F40052A3
:106CF000DA602023206484F83D3084F83E3010BDF3
:106D00000120FCE72DE9F843984690F83D30044611
:106D1000202B0E46174648D1002944D0002A42D0E5
:106D200090F83C30012B40D00123002580F83C3006
:106D30002123056480F83D30FAF728FCA3688146DA
:106D4000B3F5805FA784E78403D123690BB9354687
:106D50001E46002384F83C30E38C9BB253B9434673
:106D60004A4640212046FFF777FF50B9202384F898
:106D70003D3007E043464A4680212046FFF76CFF3E
:106D800010B10320BDE8F88322684EB935F8023B04
:106D9000C3F308035360E18C013989B2E184DBE776
:106DA00016F8013BF6E70120ECE70220EAE72DE9BF
:106DB000F8431F4690F83E300446202B0E4691467D
:106DC0004FD100294BD0002A49D090F83C30012BFC
:106DD00047D00123002580F83C302223056480F849
:106DE0003E300563FAF7D2FBA3688046B3F5805FB7
:106DF000A4F82C90A4F82E9003D123690BB9354642
:106E00001E46002384F83C30E08D80B220B9202358
:106E100084F83E30BDE8F8833B46424620212046B8
:106E2000FFF71AFFF8B923684EB95B68C3F308038C
:106E300025F8023BE38D013B9BB2E385E4E7A268C2
:106E4000B2F5805F02D032B9226922B95968C9B25D
:106E500006F8011BEEE7596801F07F01F8E7012011
:106E6000D8E70220D6E70320D4E77047704708B57B
:106E70000023406AC385C384FFF7F8FF08BD70474D
:106E800090F83E3007B5222B37D181680268B1F502
:106E9000805F836A34D10169002934D15268C2F31A
:106EA000080223F8022BC28D8362013A92B2C28596
:106EB0001ABB0368D96821F02001D960D96821F490
:106EC0008071D960596921F001015961202180F850
:106ED0003E10016B012920D10263D96821F0100115
:106EE000D9601968C90605D501921A6801925B68D4
:106EF0000193019B818DFFF7C2FF03B05DF804FB96
:106F000039B9016929B95268D2B21A70836A01335A
:106F1000C9E7526802F07F02F7E7FBF7B3F8ECE746
:106F2000036837B51A68044612F00F0FD9685D6917
:106F300008D195065FD58D065DD503B0BDE830401C
:106F4000FFF79EBF05F0010001F49075054352D094
:106F5000D50705D5CB0542BF236C43F0010323645D
:106F6000550704D518B1236C43F00203236493073B
:106F700004D518B1236C43F004032364150707D527
:106F800001F0200303431EBF236C43F00803236476
:106F9000236C53B3920604D58B0602D52046FFF727
:106FA0006FFF216820464B69226C03F0400302F01A
:106FB000080253EA02051AD0FFF7FEFD4B695D0691
:106FC00010D54B69A06B23F040034B6150B1534B7C
:106FD0004363FEF77BFE40B1A06B436B03B0BDE89B
:106FE000304018472046FFF741FF03B030BDFFF7A0
:106FF0003DFF2564F9E7206B012855D1D00653D514
:10700000CD0651D5002101911A6801925A6801926A
:10701000019A5A6912F040022AD0A06B02685268A5
:1070200092B2002AE1D0A58D9542DED9E28582692F
:10703000202A15D0DA6822F48072DA605A6922F0C8
:1070400001025A615A6922F040025A61202284F8F2
:107050003E202163DA6822F01002DA60FEF716FEA5
:10706000E38DA18DC91A89B22046FFF708FFBCE75E
:10707000E08DE58DA18DADB280B2002DB5D0091A9D
:1070800089B20029B1D0D86820F49070D8605869CE
:1070900020F001005861202084F83E002263DA6865
:1070A00022F01002DA60DFE7100626D50D0624D59F
:1070B00094F83D20212A98D1A168226AB1F5805F19
:1070C00016D12169A1B932F8021BC1F30801596038
:1070D0002262E28C013A92B2E284002A85D1DA6817
:1070E00022F08002DA60DA6842F04002DA607CE77F
:1070F000511C216212785A60EBE750067FF575AF9C
:107100004A067FF572AFDA68204622F04002DA6064
:10711000202384F83D30FFF7A8FE66E76F6E000875
:10712000C28582858162034622220020186483F88A
:107130003C0083F83E201B68DA6842F48072DA6013
:107140005A6942F001025A61DA6842F02002DA60BC
:10715000704770B490F83E60202E0DD149B142B115
:1071600090F83C40012C07D00024046370BCFFF76A
:10717000D7BF012070BC70470220FBE7002310B589
:107180000446C0E90033C0E904338360818143666B
:10719000C2818361194608225C3000F0BDFA0D4BB4
:1071A000246263620C4BA3620C4BE3620C4B2363BF
:1071B0000C4B9C4206D003F16802944202D0D033BB
:1071C0009C4205D104F15800BDE8104000F01CBB02
:1071D00010BD00BF497500086B750008A375000855
:1071E000C775000818080020024A0349034800F048
:1071F00069B800BF78000020B18000088800002036
:1072000041680C4B10B59942044601D000F050FF84
:10721000A168094B994202D0204600F049FFE1687D
:10722000064B994204D02046BDE8104000F040BF14
:1072300010BD00BF1808002080080020E8080020CA
:1072400010B50B4B0B4C0C4A20461A60042100224F
:10725000FFF794FF04F1680001220921FFF78EFF78
:1072600004F1D0000222BDE810401221FFF786BFD2
:107270005009002018080020E9710008014800F0BA
:10728000C4BA00BF59090020014800F0BFBA00BFCE
:107290005909002010B50446FFF7F0FF236A1BB11F
:1072A000BDE81040FFF7F0BF044B2362044B1B689E
:1072B000002BF5D1FFF7C4FFF2E700BF0172000811
:1072C000500900202DE9F843074688461446002659
:1072D000D4E90195B9F1010905D52468002CF7D14D
:1072E0003046BDE8F883AB89012B07D9B5F90E30DC
:1072F000013303D029463846C04706436835E9E7DD
:107300000FB407B5064904AB086853F8042B81682D
:10731000019300F0A3FB03B05DF804EB04B07047E9
:1073200084000020036A70B505460E4684680BB9D8
:10733000FFF7B0FF636EDB0705D4A389980502D47D
:10734000A06D00F062FAA389190702D52369002B0A
:1073500035D12146284600F079F980B34FF0FF354A
:10736000636EDA0705D4A3899B0502D4A06D00F0F3
:107370004DFA284670BD002B04DAA2699A4217DC48
:107380000A2915D023685A1C22601970A36816F8C0
:10739000011F013BA3600029EDD1002B11DA224629
:1073A0000A21284600F013F90130D7D00A25D7E783
:1073B0002246284600F00BF90130E7D1CEE7013E26
:1073C000E4E723685A1C22600A221A70EEE70000E4
:1073D000024B01461868FFF7A5BF00BF84000020DC
:1073E0002DE9F7431D46574B04461F680E4690464D
:1073F00027B13B6A13B93846FFF74CFFB8F1020FCB
:1074000006D0B8F1010F00F29A80002DC0F29780EB
:10741000636ED90705D4A3899A0502D4A06D00F044
:10742000F4F92146384600F043FE616B41B104F1A6
:107430004403994202D0384600F0EAF9002363631E
:107440000023A3616360A3891B0603D53846216925
:1074500000F0DEF9A389B8F1020F23F44A6323F0A8
:107460000303A38161D001AB6A462146384600F090
:1074700047FEA3891843A0812DBB009D284600F03C
:107480000FFA0646002852D1DDF80090A94540D1F8
:107490004FF0FF35B4F90C3043F00202A281002214
:1074A000A26004F147022260226101226261626EE1
:1074B000D60704D4980502D4A06D00F0A7F9284699
:1074C00003B0BDE8F083002ED8D03B6A13B938462C
:1074D000FFF7E0FEB8F1010F08BFA389C4E9046516
:1074E00004BF43F00103A381B4F90C30266013F00C
:1074F00008021ED0D90741BF00226D42A260A561DB
:1075000058BFA560626ED20701D49B0513D5002534
:10751000D5E7484600F0C4F906460028B8D0A3894C
:107520004D4643F08003A381CFE70025B2E7A9468B
:10753000F5E7A260E6E7A06D00F068F9E7E74FF035
:10754000FF35BCE78400002010B50C46B1F90E10E1
:1075500000F00CF90028ABBF636DA3891B1823F45E
:107560008053ACBF6365A38110BD2DE9F0411F4678
:107570008B890546DB050C46164605D502230022FD
:10758000B1F90E1000F0E0F8A389324623F48053DD
:10759000A38128463B46B4F90E10BDE8F04100F047
:1075A000F7B810B50C46B1F90E1000F0CDF8431C39
:1075B000A38915BF606523F4805343F48053A381EE
:1075C00018BFA38110BDB1F90E1000F0ADB8F8B529
:1075D0000E461446054618B1036A0BB9FFF75AFE6A
:1075E000A369A360A3891A0701D5236943B921467A
:1075F000284600F02BF818B14FF0FF373846F8BD99
:1076000023682269F6B2981A63693746834205DC1B
:107610002146284600F04CFD0028EDD1A368013B2F
:10762000A36023685A1C22601E706269431C9A4240
:1076300004D0A389DB07E1D50A2EDFD121462846F5
:1076400000F036FD0028D9D0D6E7000038B5294B28
:10765000054618680C4618B1036A0BB9FFF71AFE05
:10766000B4F90C30190722D4DA0607D409222A60AB
:1076700043F040034FF0FF30A38133E0580712D5A9
:10768000616B41B104F14403994202D0284600F0F5
:10769000BFF800236363A38923F02403A38100239D
:1076A000636023692360A38943F00803A3812369EE
:1076B0004BB9A38903F42073B3F5007F03D02146AF
:1076C000284600F042FDB4F90C3013F001020AD054
:1076D0000022A26062695242A261226942B913F09B
:1076E0008000C5D138BD990758BF6269A260F4E730
:1076F0000020F7E78400002010B5013902449042D1
:1077000001D1002005E0037811F8014FA34201D018
:10771000181B10BD0130F2E703460244934200D12A
:10772000704703F8011BF9E738B50023054D0446FF
:1077300008462B60FDF76CFC431C02D12B6803B19B
:10774000236038BD5409002038B504460846114668
:107750000022054D2A601A46FDF766FC431C02D143
:107760002B6803B1236038BD5409002038B50446A6
:10777000084611460022054D2A601A46FDF75CFCBA
:10778000431C02D12B6803B1236038BD540900208B
:1077900038B50446084611460022054D2A601A46AF
:1077A000FDF71CFC431C02D12B6803B1236038BDDC
:1077B00054090020014B1868704700BF8400002066
:1077C00070B500260C4D0D4C641BA410A64209D1C7
:1077D00002F0FAF800260A4D0A4C641BA410A642D7
:1077E00005D170BD55F8043B98470136EEE755F8D2
:1077F000043B98470136F2E710B4000810B40008C3
:1078000010B4000814B400087047704770470000B7
:1078100038B50546002940D051F8043C0C1F002B18
:10782000B8BFE41800F0E6F81C4A136833B9636087
:1078300014602846BDE8384000F0E2B8A34208D9F9
:10784000206821188B4201BF19685B680918216004
:10785000EDE71A465B680BB1A342FAD911685018DC
:10786000A0420BD120680144501883421160E0D13E
:1078700018685B68084410605360DAE702D90C238B
:107880002B60D6E7206821188B4201BF19685B681E
:107890000918216063605460CBE738BD600900209F
:1078A000024B0146186800F025B800BF8400002094
:1078B00070B50F4E0C463168054611B900F0A4FCB6
:1078C00030602146284600F09FFC431C03D14FF056
:1078D000FF34204670BDC41C24F00304A042F8D03D
:1078E000211A284600F090FC0130F2D1EFE700BFEA
:1078F0005C0900202DE9F843CD1C25F0030508356F
:107900000C2D38BF0C25002D064601DBA94204D9F9
:107910000C2333600020BDE8F883DFF8D48000F04A
:1079200069F8D8F800301C4644BB29463046FFF7BA
:10793000BFFF431C044658D1D8F800402746002F0B
:1079400043D1002C4BD023683946304604EB030961
:1079500000F05AFC814542D1216830466D1A294613
:10796000FFF7A6FF01303AD023682B442360D8F8F4
:1079700000305A6862BBC8F800700FE02268521BE2
:1079800020D40B2A17D96119A342256018BF59606A
:10799000636808BFC8F8001062514B60304600F0C1
:1079A0002FF804F10B00231D20F00700C21A1CBFA2
:1079B0001B1AA350AFE76268A3420CBFC8F80020AF
:1079C0005A60EBE723466468AEE73C467F68B6E75B
:1079D0001A465B68A342FBD100235360DEE70C2309
:1079E0003046336000F00CF894E70560D6E700BF3E
:1079F000600900200148FFF708BF00BF58090020B8
:107A00000148FFF703BF00BF58090020936810B476
:107A1000013B002B936007DA9469A34201DB0A293A
:107A200002D110BCFFF7D3BD1368581C1060197049
:107A3000084610BC7047F8B506460F461446D518E0
:107A4000AC4201D1002007E03A46304614F8011B51
:107A5000FFF7DCFF431CF3D1F8BD00002DE9F04F28
:107A60000D461446984606469DB018B1036A0BB9F8
:107A7000FFF710FC6B6ED90705D4AB899A0502D4C9
:107A8000A86DFFF7C2FEAB891B0701D52B699BB917
:107A900029463046FFF7DAFD70B16B6EDC0704D57E
:107AA0004FF0FF301DB0BDE8F08FAB899805F7D4DB
:107AB000A86DFFF7ABFEF3E70023099320238DF8B1
:107AC000293030234FF00109CDF80C80DFF8A88170
:107AD0008DF82A3023469A4613F8012B0AB1252A3D
:107AE000F9D1BAEB040B0BD05B462246294630464F
:107AF000FFF7A1FF013000F0A780099A5A440992CC
:107B00009AF80030002B00F09F8000234FF0FF32E6
:107B1000CDE905230AF1010A049307938DF8533048
:107B20001A935446052214F8011B534800F07CFBBD
:107B3000049AD8B9D10644BF20238DF853301307D7
:107B400044BF2B238DF853309AF800302A2B15D0E0
:107B5000544600204FF00A0C079A214611F8013BC9
:107B6000303B092B4BD9B0B1079214E0A0EB0803CE
:107B700009FA03F31343A2460493D2E7039B191DAA
:107B80001B680391002BBBBF5B4242F002020793CC
:107B90000793B8BF049223782E2B0AD163782A2B3F
:107BA00032D1039B02341A1D1B68039243EAE3732C
:107BB0000593DFF8C8A003225046217800F034FB7B
:107BC00038B14022049BA0EB0A00824013430134E9
:107BD000049314F8011B062229488DF8281000F0A0
:107BE00023FB00283FD0274B1BBB039B073323F00D
:107BF000070308330393099B3B4409936AE70C4648
:107C000001200CFB0232A8E700234FF00A0C1946B2
:107C100001340593204610F8012B303A092A03D984
:107C2000002BC6D00591C4E7044601230CFB0121BB
:107C3000F0E703AB00932A463046134B04A9AFF399
:107C400000800746781CD6D16B6ED90705D4AB8966
:107C50009A0502D4A86DFFF7D9FDAB895B063FF505
:107C60001FAF09981EE703AB00932A463046064B28
:107C700004A900F07DF8E4E735B300083BB3000841
:107C80003FB3000800000000377A00082DE9F047F4
:107C9000164698468A680B6907469342B8BF134652
:107CA000336091F843200C46DDF820900AB101338F
:107CB00033602368990642BF336802333360256816
:107CC00015F0060506D104F1190AE36832689B1A1B
:107CD000AB422BDC94F843302268003B18BF0123F1
:107CE000920630D44146384604F14302C847013079
:107CF00023D02368226903F00603042B14BF002558
:107D000033684FF0000608BFE56804F11A0408BFA5
:107D1000ED1A54F8123C08BF25EAE5759342C4BF3A
:107D20009B1AED18B5421AD1002008E001235246F3
:107D300041463846C847013003D14FF0FF30BDE817
:107D4000F0870135C1E73020E11881F843005A1C63
:107D500094F845102244023382F84310C2E701230D
:107D6000224641463846C8470130E6D00136D9E7B9
:107D70002DE9FF470F7E9146782F80460C469A46A4
:107D80000C9E01F1430207D8622F0AD8002F00F0A1
:107D9000D380582F00F0BA8004F1420684F8427074
:107DA0003AE0A7F16303152BF6D801A151F823F0AF
:107DB000097E00081D7E0008997D0008997D000855
:107DC000997D0008997D00081D7E0008997D0008B6
:107DD000997D0008997D0008997D00081F7F0008A3
:107DE000477E0008D97E0008997D0008997D00082B
:107DF000417F0008997D0008477E0008997D0008B2
:107E0000997D0008E17E000833681A1D1B68326006
:107E100004F1420684F8423001239EE03368206872
:107E2000191D3160060601D51D6803E04506FBD526
:107E3000B3F90050002D03DA2D236D4284F843304E
:107E40000A23594811E021683368080653F8045B97
:107E500002D4490648BFADB26F2F336014BF0A2366
:107E600008235148002184F843106668002EA8BFFB
:107E70002168A660A4BF21F0040121600DB9002E85
:107E80004BD01646B5FBF3F103FB1157C75D06F85F
:107E9000017D2F46BB420D46F4D9082B0BD1236838
:107EA000DF0708D5236961689942DEBF302306F8F1
:107EB000013C06F1FF36921B22614B4621464046AB
:107EC000CDF800A003AAFFF7E1FE01304AD14FF040
:107ED000FF3004B0BDE8F087236843F0200323603F
:107EE0007827324884F84570236831681F0651F8B6
:107EF000045B02D45F0648BFADB23160D90744BF0E
:107F000043F0200323601DB11023ABE72648E9E7C7
:107F1000236823F020032360F6E71646BDE73368A5
:107F20002568181D616930602E061B6801D519602F
:107F300002E06806FBD51980002316462361BCE7E2
:107F4000336800211A1D32601E686268304600F0F6
:107F50006BF908B1801B606063682361002384F8BB
:107F60004330AAE73246494640462369D0470130AC
:107F7000ADD023689B0713D4E068039B9842B8BF39
:107F80001846A6E70123324649464046D04701300D
:107F90009DD00135E36803995B1AAB42F2DCEBE755
:107FA000002504F11906F5E746B3000857B30008A9
:107FB000B1F90C20F8B5160705460C4654D44B68A9
:107FC000002B02DC0B6C002B48DDE66A002E45D04E
:107FD000002312F480522F68216A2B6030D0626D2A
:107FE000A389590705D56368D21A636B0BB1236C5B
:107FF000D21A00232846E66A216AB047431CA389A7
:1080000006D129681D292BD8284A0A41D60727D42A
:10801000002262602269D904226004D5421C01D189
:108020002B6803B96065616B2F60B9B104F144033B
:10803000994202D02846FFF7EBFB002363630DE073
:1080400001232846B0470246501CC9D12B68002B9B
:10805000C6D01D2B01D0162B1DD12F60002021E092
:1080600043F040031BB21AE00F69002FF6D09307CC
:1080700018BF00230E6808BF4B69F61B0F608B60AA
:10808000002EEBDD33463A462846216AD4F828C054
:10809000E047002807DCB4F90C3043F040034FF010
:1080A000FF30A381F8BD0744361AE9E7FEFFBFDFC2
:1080B00038B50B6905460C4613B90025284638BD6E
:1080C00018B1036A0BB9FFF7E5F8B4F90C30002BCF
:1080D000F3D0626ED00704D4990502D4A06DFFF7E7
:1080E00094FB28462146FFF763FF636E0546DA07D7
:1080F000E4D4A3899B05E1D4A06DFFF787FBDDE7FE
:1081000070B50C46B1F90E10154600291E4696B002
:108110000CDAA389002113F0800F14BF40234FF421
:108120008063002031602B6016B070BD6A4600F09D
:1081300049F80028EDDB019901F47041A1F50053E5
:10814000594259414FF48063EBE78B89F7B59D079E
:1081500006460C4607D504F147032360236101233B
:10816000636103B0F0BD6A4601ABFFF7C9FF009F32
:10817000054639463046FFF7BDFB48B9B4F90C3027
:108180009A05EED423F0030343F00203A381E2E750
:10819000A389C4E9040743F08003A381019B206005
:1081A0005BB13046B4F90E1000F01EF828B1A38977
:1081B00023F0030343F00103A381A3891D43A58199
:1081C000CFE7000038B50023064D044608461146A7
:1081D0002B60FCF749FF431C02D12B6803B12360DD
:1081E00038BD00BF5409002038B50023054D0446B2
:1081F00008462B60FCF7E6FE431C02D12B6803B156
:10820000236038BD5409002038B50023054D0446CD
:1082100008462B60FCF770FF431C02D12B6803B1AA
:10822000236038BD54090020034610B5C9B202448A
:108230009342184601D1002003E0047801338C42B8
:10824000F6D110BDF8B504460D4600F0C1F822463F
:1082500006460F462B4620462946F8F7CFFB88B93D
:108260002046294600F080F80022084BF8F7BCFBB6
:1082700040B1FFF79FFA212303600548BDE8F840AD
:1082800000F07CB830463946F8BD00BF0000F03F32
:1082900069A4000800F098BA2DE9F84314461D4679
:1082A0008046894600F064FB224606460F462B4670
:1082B00020462946F8F7A2FBC8BB0022002340460F
:1082C0004946F8F769FBB8B1002200232046294649
:1082D000F8F762FB002841D12046294600F048F813
:1082E00028B30022002320462946F8F75FFBF0B1AF
:1082F000FFF760FA222319E03046394600F038F8DB
:10830000C8B94046494600F033F8A0B12046294696
:1083100000F02EF878B132463B4630463946F8F741
:108320006DFB0028E4D0FFF745FA212303603046B7
:108330003946BDE8F8830022002330463946F8F775
:108340002BFB0028F3D04046494600F011F80028E6
:10835000EDD02046294600F00BF8C8E70026014F73
:10836000E5E700BF0000F03F21F0004319467047E9
:1083700041F0004000F58010C00F70470020014917
:10838000704700BF0000F87FC0F3C7537F3B162B38
:10839000014610B514DC002B07DA013300F0004170
:1083A00001D141F07E51084610BD084A1A410242EF
:1083B000F9D04FF480011941014421EA0201F2E7AA
:1083C000802BF0D1F8F7AEFB0146ECE7FFFF7F0012
:1083D0002DE9F04FC44B21F0004687B09E42044681
:1083E0000D46019129D906F1404606F5801606434F
:1083F00014D1A3A3D3E90023F8F766F8A2A3D3E925
:10840000002306460F4620462946F8F75DF8024647
:108410000B4630463946F7F7A1FE07E002460B4609
:10842000F7F79AFE02460B46F8F778F904460D4630
:108430002046294607B0BDE8F08FAC4B9E420ED8CF
:10844000B6F1795F80F0AB8091A3D3E90023F7F711
:1084500085FE0022A64BF8F7C7FA0028E8D120468F
:108460002946FFF781FF02460B460020A049F7F797
:1084700073FE00229F4BF8F727F887A3D3E9002368
:1084800004460D46F8F720F885A3D3E90023F7F753
:1084900065FE22462B46F8F717F883A3D3E900239D
:1084A000F7F75AFE22462B46F8F70EF880A3D3E9D9
:1084B0000023F7F753FE22462B46F8F705F87EA374
:1084C000D3E90023F7F748FE22462B46F7F7FCFFD7
:1084D0007BA3D3E90023F7F741FE22462B46F7F7AB
:1084E000F3FF79A3D3E90023CDE902012046294611
:1084F000F7F7EAFF76A3D3E90023F7F72DFE22462C
:108500002B46F7F7E1FF74A3D3E90023F7F726FE24
:1085100022462B46F7F7D8FF71A3D3E90023F7F7DC
:108520001BFE22462B46F7F7CFFF714B0022F7F7D1
:1085300015FECDE904012046294601F06FF96E4B86
:1085400082469E428B4640F2D980DDE90423DDE974
:108550000201F8F7E3F852465B46F7F7B5FF5246DB
:108560005B46F7F7FBFD02460B46F7F7F7FD46A320
:10857000D3E90023F7F7F0FD02460B4640A1D1E90D
:108580000001F7F7E9FD019B0446002BDCBF024622
:1085900001F100430D46DCBF14461D4648E7024684
:1085A0000B46F7F791FF3CA3D3E9002306460F469D
:1085B000F7F78AFF3AA3D3E90023F7F7CFFD324656
:1085C0003B46F7F781FF38A3D3E90023F7F7C4FD53
:1085D00032463B46F7F778FF35A3D3E90023F7F798
:1085E000BDFD32463B46F7F76FFF33A3D3E90023C7
:1085F000F7F7B2FD32463B46F7F766FF30A3D3E903
:108600000023F7F7ABFD32463B46F7F75DFF2EA39D
:10861000D3E900238046894630463946F7F754FFB0
:108620002BA3D3E90023F7F797FD32463B46F7F734
:108630004BFF29A3D3E90023F7F790FD32463B46D1
:10864000F7F742FF26A3D3E90023F7F785FD32466B
:108650003B46F7F739FF0022254BF7F77FFD02462F
:108660000B4640464946F8F759F822462B46F7F79D
:108670002BFF02460B4620462946CCE6AFF300808E
:10868000182D4454FB21F93F075C143326A6913C76
:108690009C7500883CE4377E09F7FD0DE13D023F03
:1086A00088B20175E0EF493F3B8F68B52882A43F4F
:1086B0005544880E55C1C93F7D6FEB0312D6D43F98
:1086C000555555555555C53F82922EB1C5B8B33F46
:1086D00059018D1B6C06E63FC88A599CE52A00406B
:1086E0004B2D8A1C273A0340FFFFEF3FFFFFDF3F80
:1086F0000000F03F0000E03F3233EF3F02460B4600
:10870000F7F72CFDDDE9042306460F46DDE90201FB
:10871000F8F704F802460B4630463946F7F7D4FE20
:108720004FF0000806460F4642465B464046594613
:10873000F7F7CAFE02460B4620462946F7F70CFD1E
:10874000424604460D465B4650465946F7F706FD3D
:1087500002460B4620462946F7F7E0FF02460B4645
:10876000F7F7FCFC02460B4613A1D1E90001F7F72D
:10877000F3FC02460B4630463946F7F7EDFC42461D
:1087800004460D465B4640465946F7F7E7FC02466D
:108790000B460BA1D1E90001F7F7DEFC02460B46C0
:1087A00020462946F7F7D8FC02460B4604A1D1E93A
:1087B0000001E6E6AFF30080075C143326A6913C87
:1087C000182D4454FB21E93F2DE9F84F17469046F8
:1087D000994623F000427B42DFF884A13B4342EA02
:1087E000D373534504460D4609D8464221F0004351
:1087F000064343EAD67656458E46834608D9424616
:108800004B4620462946F7F7A9FC04460D4616E0DC
:1088100009F1404606F580163E4303D1BDE8F84F06
:1088200000F0CEBD4FEAA97606F0020653EA0B0B24
:1088300046EAD17607D1022E64D0032E66D02046B8
:108840002946BDE8F88F174306D1BEF1000F68DA5C
:1088500037A5D5E90045F2E752450FD1934206F11D
:10886000FF3607D1022E55D83E4B03EBC603D3E9A2
:108870000045E4E7022E51D83B4BF6E75345E4D0E0
:108880009B1AB3F1747F4FEA235221DAB9F1000F3A
:1088900001DA3C3220DB42464B4620462946F7F7B8
:1088A0003DFFFFF761FD00F08BFD04460D46012EF4
:1088B00015D0022E17D0002EC1D01FA3D3E900235C
:1088C00020462946F7F748FC1DA3D3E9002316E00C
:1088D0001DA5D5E90045EAE700240025E7E705F1F5
:1088E00000431D46ABE714A3D3E9002320462946E5
:1088F000F7F732FC02460B4611A1D1E90001F7F768
:108900002BFC82E70EA5D5E9004598E710A5D5E92F
:10891000004594E710A5D5E9004590E7002400251F
:108920008DE709A5D5E9004589E700BFAFF30080D1
:10893000182D4454FB21F9BF075C143326A6A13C33
:10894000182D4454FB210940182D4454FB21F93FB4
:10895000182D4454FB2109C0182D4454FB21E93F34
:108960000000F07F80B3000868B30008000000003A
:108970002DE9F04F91B0CDE900238B46DDE90018D9
:1089800028F00047824657EA010012D153468BF483
:108990000022DB1852419842914B934180F0CE84E3
:1089A000DDE9002350465946F7F7D8FB11B0BDE882
:1089B000F08F8C4B2BF000469E425D46D14607D887
:1089C00002D1BAF1000FEBD19F4201D80FD171B1A2
:1089D00005F1404505F5801555EA0905E0D1DDE9C9
:1089E0000032DB1882F4002252419D42D4E7002D70
:1089F000334639DA7C4A97424ED8A2F154729742F4
:108A000040F2AB843A15A2F2FF32142A0FDDC2F114
:108A1000340221FA02F404FA02F28A4240F09D8400
:108A200004F00104C4F1020400295AD10EE0002927
:108A300056D1C2F1140247FA02F404FA02F2BA4221
:108A400040F0888404F00104C4F10204674A9742AC
:108A500030D1B8F1000F80F2798452465B46002095
:108A60006249F7F75BFEA1E70024002939D15D4A8E
:108A70009742EBD106F1404303F5801353EA090313
:108A800000F05C845A4B9E4208D9B8F1000FC0F246
:108A90005984DDE9000189E70224E6E7B8F1000F17
:108AA0004FF000004FF0000180DADDE9000303F130
:108AB00000417BE7B8F1804F06D152465B465046F5
:108AC0005946F7F701FD71E74A4A904509D1002D53
:108AD00007DB5046594611B0BDE8F04F00F09EBE8E
:108AE0000024504659460293FFF73EFC029BB9F121
:108AF000000F27D13D4A25F0404C944500D00EBBD5
:108B0000B8F1000F05DA02460B4600203749F7F7A7
:108B100005FE002DBFF64AAF06F1404606F5801669
:108B2000264308D102460B4610461946F7F714FBB8
:108B300002460B4695E7012C7FF438AF01F1004364
:108B4000194633E7EA0F013A52EA040C02D15246C1
:108B50005B46E9E74FF00009013C144314BFDFF81E
:108B60008CA0DFF894A0B7F1844FCDE9029A40F2CF
:108B70000781224B9F421E4B13D99E4208D8B8F161
:108B8000000F08DA002011B0BDE8F04F00F040BE41
:108B9000B8F1000FF6DC002011B0BDE8F04F00F096
:108BA00032BE9E420CD2DDE9020100220023F7F71B
:108BB000FDFE003818BF0120B8F1000FECDAE2E743
:108BC0000A4B00229E421BD9DDE902010023F7F780
:108BD000EDFE003818BF0120B8F1000FD3DCDBE751
:108BE0000000F0FF0000F07FFFFF3F430000F03F78
:108BF000FFFFEF3F0000E03F0000F0BF0000F04348
:108C00005B4BF7F7A9FA52A3D3E9002304460D46BC
:108C1000F7F75AFC50A3D3E9002306460F46204637
:108C20002946F7F751FC002282468B46204629460A
:108C3000504BF7F749FC02460B4649A1D1E9000128
:108C4000F7F78AFA22462B46F7F73EFC02460B4618
:108C500000204949F7F780FA2246804689462B468C
:108C600020462946F7F730FC02460B464046494667
:108C7000F7F72AFC3CA3D3E90023F7F725FC0246CB
:108C80000B4650465946F7F767FA002402460B4652
:108C90008046894630463946F7F760FA32463B4609
:108CA00020460D46F7F758FA02460B46404649461D
:108CB000F7F752FADDE90023CDE9042300230493FA
:108CC000DDE904AB06460F46DDE9000152465B468E
:108CD000F7F742FA22462B46F7F7F6FBDDE90023C9
:108CE0008046894630463946F7F7EEFB02460B468A
:108CF00040464946F7F732FA52465B4606460F466B
:108D000020462946F7F7E0FB0B4602468046894697
:108D100030463946F7F722FA184B044699420D4679
:108D20008A468B4640F3E08201F13F4303F5E003BE
:108D3000034300F0DF81DDE9020100220023F7F7A1
:108D400035FE003818BF01201DE700BFAFF30080DB
:108D5000000000604715F73F44DF5DF80BAE543E5E
:108D6000555555555555D53FFE822B654715F73F4F
:108D70000000F03F0000D03F0000E03FFFFF8F40C9
:108D8000D34A2A40002A40F07A81D24B0022F7F7DA
:108D90009BFB6FF034040B461A15A2F2FF322244FB
:108DA0000A92CD4AC3F3130343F07F55934245F42F
:108DB000401508DDC94A934240F363810A9BA5F53B
:108DC000801501330A930026F3000B93C44B294608
:108DD00003EBC603D3E900341A46CDE90834234631
:108DE0008246F7F7B9F952462B46CDE90C01DDE989
:108DF0000801F7F7B3F902460B460020B949F7F727
:108E00008DFC02460B46CDE90E01DDE90C01F7F7BA
:108E10005BFBCDE90601DDE90634CDE9043400232E
:108E20000022AB466D1045F00055049305F5002572
:108E3000DDE9048905EB86434046494614461D4654
:108E4000F7F742FB02460B46DDE90C01F7F784F920
:108E5000DDE9082306460F4620462946F7F77CF948
:108E600002460B4650465946F7F776F942464B46BE
:108E7000F7F72AFB02460B4630463946F7F76CF9FE
:108E8000DDE90E23F7F720FBDDE90623CDE9080134
:108E900010461946F7F718FB7BA3D3E900230446D5
:108EA0000D46F7F711FB7AA3D3E90023F7F756F93C
:108EB00022462B46F7F708FB77A3D3E90023F7F701
:108EC0004DF922462B46F7F7FFFA75A3D3E90023A5
:108ED000F7F744F922462B46F7F7F6FA72A3D3E9DF
:108EE0000023F7F73BF922462B46F7F7EDFA70A37C
:108EF000D3E90023F7F732F9224606460F462B4600
:108F000020462946F7F7E0FA02460B463046394636
:108F1000F7F7DAFA04460D46DDE9060142464B460C
:108F2000F7F71CF9DDE90823F7F7CEFA22462B46BE
:108F3000F7F714F9424682468B464B46404649466F
:108F4000F7F7C2FA0022684B06460F46F7F706F914
:108F500052465B46F7F702F900240D4622460B46BF
:108F600040464946F7F7B0FA002280468946204637
:108F700029465D4BF7F7F0F832463B46F7F7ECF839
:108F800002460B4650465946F7F7E6F8DDE9062358
:108F9000F7F79AFA224606460F46DDE908012B4606
:108FA000F7F792FA02460B4630463946F7F7D6F8FD
:108FB000002406460F4602460B4640464946F7F750
:108FC000CDF83DA3D3E9002320460D46F7F77CFA00
:108FD00042464B46CDE9060120462946F7F7BCF844
:108FE00002460B4630463946F7F7B6F834A3D3E9C4
:108FF0000023F7F769FA34A3D3E9002306460F46A6
:1090000020462946F7F760FA02460B4630463946B5
:10901000F7F7A4F80B9A354B00241344D3E9002347
:10902000F7F79CF882460A988B46F7F7E3F906466D
:109030000F460B9A2E4B1344D3E900895246DDE9C3
:1090400006015B46F7F78AF842464B46F7F786F883
:1090500032463B46F7F782F832463B4620460D46FD
:10906000F7F77AF842464B46F7F776F8DDE906233C
:10907000F7F772F802460B465046594618E60024A8
:109080008AE60126A0E600BFEF4E454A287ECA3F89
:1090900065DBC9934A86CD3F01411DA96074D13F6C
:1090A0004D268F515555D53FFFAB6FDBB66DDB3F7E
:1090B000033333333333E33F000000E009C7EE3FAF
:1090C000FD033ADC09C7EE3FF5015B14E02F3EBE1D
:1090D0000000F07F000040438E98030079B60B003B
:1090E000B8B300080000F03F0000084098B3000843
:1090F000A8B300089AA3D3E9002330463946F7F70E
:109100002DF84246CDE900014B4620462946F7F7A7
:1091100023F802460B46DDE90001F7F765FC00285D
:109120007FF409AE4FF480134FEA2A5AAAF2FE3AAE
:1091300043FA0AFADA44CAF30A519B48A1F2FF3112
:10914000084100EA0A03CAF3130AC1F114014AF400
:10915000801A40464AFA01FABBF1000F49464FF027
:109160000002B8BFCAF1000AF6F7F6FF804689464A
:10917000002432463B4640464946F6F7EFFF7AA3C5
:10918000D3E9002320460D46F7F79EF942464B46A9
:10919000CDE9000120462946F6F7DEFF02460B46E0
:1091A00030463946F6F7D8FF71A3D3E90023F7F725
:1091B0008BF971A3D3E900238046894620462946CE
:1091C000F7F782F902460B4640464946F6F7C6FFD6
:1091D00004460D4602460B46DDE90001F6F7BEFFE8
:1091E000DDE9002380468946F6F7B6FF02460B46C6
:1091F00020462946F6F7B0FF424606460F464B4644
:1092000040464946F7F760F95DA3D3E900230446D9
:109210000D46F7F759F95CA3D3E90023F6F79CFF55
:1092200022462B46F7F750F959A3D3E90023F6F766
:1092300095FF22462B46F7F747F957A3D3E90023BA
:10924000F6F78AFF22462B46F7F73EF954A3D3E9F7
:109250000023F6F783FF22462B46F7F735F902463F
:109260000B4640464946F6F777FF04460D46024650
:109270000B4640464946F7F727F90022CDE90001A1
:109280004FF0804320462946F6F766FF02460B461C
:10929000DDE90001F7F742FA324604460D463B4647
:1092A00040464946F7F710F932463B46F6F756FF77
:1092B00002460B4620462946F6F74EFF42464B46ED
:1092C000F6F74AFF02460B4600203849F6F744FFFE
:1092D00001EB0A54B4F5801F2EDA524600F000FA72
:1092E000DDE90223FFF7EDBB314C21F00043A3423F
:1092F0001AD9304B0B44034309D0DDE902010022A7
:109300000023F7F753FB003818BF012044E442461E
:109310004B46F6F721FF32463B46F7F75BFB00284A
:10932000EBD1DFF894A0FDE69A46244B9A453FF630
:10933000F9AEDDF810A01BE72146D1E700201B495C
:10934000FFF734BB00200021FFF730BB50465946E1
:10935000FFF72CBB0C46FFF779BB0024FFF764BB7B
:10936000FE822B654715973C00000000432EE63F28
:10937000EF39FAFE422EE63F396CA80C615C20BE44
:10938000D0A4BE726937663EF16BD2C541BDBB3E0B
:109390002CDE25AF6A56113F93BDBE166CC1663FE9
:1093A0003E5555555555C53F0000F0FF0000F03FB4
:1093B000FFCB904000346F3F00CC90400000E03F76
:1093C0002DE9F84FBC4B21F000469E4204460D4665
:1093D0008B4618D9B94B9E4201D809D140B12246DB
:1093E0002B4620462946F6F7B9FE04460D4606E010
:1093F000BBF1000F40F3238193A5D5E9004520463A
:109400002946BDE8F88FAE4B9E4211D8A3F1DE731A
:109410009E420AD88EA3D3E90023F6F79FFE0022CE
:10942000A84BF7F7E1FA0028E9D14FF0FF3A27E01F
:10943000FEF79AFFA44B04469E420D4600F2B88008
:10944000A3F550239E4200F29C8002460B46F6F79D
:1094500085FE00229B4BF6F77FFE002206460F4654
:109460004FF0804320462946F6F778FE02460B4629
:1094700030463946F7F752F94FF0000A04460D46D8
:1094800022462B4620462946F7F71EF802460B4691
:1094900080468946F7F718F86FA3D3E900230646FC
:1094A0000F46F7F711F86EA3D3E90023F6F756FE3F
:1094B00032463B46F7F708F86BA3D3E90023F6F7EB
:1094C0004DFE32463B46F6F7FFFF69A3D3E9002382
:1094D000F6F744FE32463B46F6F7F6FF66A3D3E9BD
:1094E0000023F6F73BFE32463B46F6F7EDFF64A35A
:1094F000D3E90023F6F732FE42464B46F6F7E4FF87
:1095000061A3D3E900238046894630463946F6F701
:10951000DBFF5FA3D3E90023F6F71EFE32463B468E
:10952000F6F7D2FF5CA3D3E90023F6F715FE324627
:109530003B46F6F7C9FF5AA3D3E90023F6F70CFE22
:1095400032463B46F6F7C0FF57A3D3E90023F6F7B0
:1095500003FE32463B46F6F7B7FF02460B4640464F
:109560004946F6F7FBFD22462B46F6F7ADFFBAF16A
:10957000FF3F02460B4644D120462946F6F7ECFD54
:1095800033E700224F4BF6F7E7FD002206460F4671
:10959000204629464B4BF6F7E1FD02460B46304686
:1095A0003946F7F7BBF84FF0010A04460D4667E766
:1095B000464B9E421AD20022454BF6F7CDFD0022C3
:1095C00006460F4620462946414BF6F77DFF00220E
:1095D0003C4BF6F7C3FD02460B4630463946F7F7DB
:1095E0009DF84FF0020A04460D4649E702460B4635
:1095F00000203849F7F792F84FF0030A04460D4669
:109600003EE7354B354E03EBCA03D3E90023F6F7AB
:10961000A3FD22462B46F6F79FFD06EBCA0602463F
:109620000B46D6E90001F6F797FDBBF1000F0446A3
:109630000D46BFF6E4AE01F100431D46DFE61CA572
:10964000D5E90045DBE600BF182D4454FB21F93F66
:109650009C7500883CE4377E11DA22E33AAD903FF6
:10966000EB0D76244B7BA93F513DD0A0660DB13F59
:109670006E204CC5CD45B73FFF8300922449C23FC1
:109680000D5555555555D53F2F6C6A2C44B4A2BF86
:109690009AFDDE522DDEAD3F6D9A74AFF2B0B33F4E
:1096A000711623FEC671BC3FC4EB98999999C93FC6
:1096B000182D4454FB21F9BFFFFF0F440000F07F39
:1096C000FFFFDB3F0000F03FFFFFF23F0080034061
:1096D0000000F83F0000F0BFC8B30008E8B300087E
:1096E0002DE9F0481646C1F30A5283468C460B46D4
:1096F00082B921F00043034339D02F4B0022F6F703
:10970000E3FE2E4B83469E428C460DDA26A3D3E918
:1097100000231BE040F2FF77BA4209D10246F6F778
:109720001DFD83468C4622E00B46C1F30A52363AB1
:109730004CF250318E420CDD1DA3D3E900231C46B0
:109740004FEADC7161F3DF7421461D48F6F7BCFE79
:10975000E7E740F2FE7132448A42EDDC002A0ADD7E
:1097600023F0FF4323F4E00343EA0255AC46584696
:109770006146BDE8F08812F1350F09DA0CF00043BC
:1097800043F0D27141F4B7310E4841F01F01BDE7FB
:1097900023F0FF43363223F4E00343EA02555846F0
:1097A00029460022084BD1E759F3F8C21F6EA501E4
:1097B0009C7500883CE4377E00005043B03CFFFFBE
:1097C0009C75008859F3F8C20000903C70B50446BF
:1097D0000D461646FDF7EEFF29460660204670BD91
:1097E00013B50446194610460CB103F10043CDE908
:1097F0000023DDE90023F6F767FE222202B0BDE870
:109800001040FFF7E3BF00224FF08053FFF7E8BF9F
:1098100000224FF0E043FFF7E3BF0000674A2DE965
:10982000F84F8A4306460F460B4604460ED10246C1
:10983000F6F74AFE02460B4630463946F6F78EFCEE
:1098400006460F4630463946BDE8F88F00290CDC45
:1098500021F000420243F5D089B10246F6F77CFCC4
:1098600002460B46F6F75AFFEAE70A1515D1002122
:1098700009E0E30A153A6405002BFAD0F7E70A4637
:10988000FAE75B000131D802FBD5481E121AC1F17C
:10989000200024FA00F003438C400026A2F2FF3798
:1098A0001621D2074FF400103246C3F3130343F4DA
:1098B00080135CBF5B0003EBD4734FEA430358BFD4
:1098C000640003EBD4737F10640015189D42DEBF63
:1098D0002A185B1B3618E50F013905EB43034FEAE5
:1098E00044044FEA5000F0D10D464FF0200A4FF0EB
:1098F00000409A4201EB000C02DB13D1A44511D8C1
:10990000BCF1000F0CEB000142DA002940DB02F150
:10991000010E9B1A7246A44588BF03F1FF33A4EBE6
:109920000C0405444FEAD47CBAF1010A0CEB430362
:109930004FEA44044FEA5000DBD11C431AD0204CBC
:10994000DFF880B0D4E90001DBE90023F6F704FC7E
:10995000D4E9008902460B4640464946F7F730F8FD
:1099600040B1D4E90001DBE90023B5F1FF3F11D19B
:109970005546013672106B08F10702F17F5202F56D
:10998000001248BF43F00043184602EB075157E767
:109990009646BEE7F6F7E2FBD4E9008902460B469D
:1099A00040464946F7F702F820B1A81C08BF013627
:1099B0000235DFE76B1C23F00105DBE70000F07FD9
:1099C000E0000020D8000020F8B500BFF8BC08BCBB
:1099D0009E467047F8B500BFF8BC08BC9E4670476D
:1099E0000000000000000000000000000000000077
:1099F0000000000000001FCC000C00000000000070
:109A00000000080030006000080030006000000026
:109A1000022003FC1E20022003FC1E200220000066
:109A200000000E1811043FFF10840C7800000000A5
:109A30000F0010840F3800C00778188400780000E9
:109A400000780F8410C411240E9800E400840008EC
:109A50000800680070000000000000000000000026
:109A600000000000000007E0181820044002000079
:109A7000000040022004181807E000000000000069
:109A80000240024001800FF00180024002400000CD
:109A90000080008000800FF80080008000800000BF
:109AA0000001000D000E000000000000000000009A
:109AB0000000008000800080008000800080008026
:109AC0000000000C000C000000000000000000007E
:109AD0000000000600180060018006001800200049
:109AE000000007F0080810041004080807F0000040
:109AF0000000080408041FFC00040004000000002B
:109B000000000E0C10141024104411840E0C0000E0
:109B100000000C1810041104110412880C700000CD
:109B2000000000E00320042408241FFC002400009F
:109B300000001F9810841104110410881070000098
:109B4000000007F008881104110418880070000054
:109B500000001C00100010FC13001C00100000008E
:109B600000000E3811441084108411440E38000097
:109B700000000700088C10441044088807F000001B
:109B8000000000000000030C030C000000000000B7
:109B900000000000000101060000000000000000BD
:109BA000000000800140022004100808100400009A
:109BB00002200220022002200220022002200000B7
:109BC000000010040808041002200140008000007A
:109BD00000000E001200100C106C10800F0000002E
:109BE00003E00C1813E4142417C4082807D000005D
:109BF0000004003C03C41C40074000E4001C0004B7
:109C000010041FFC1104110411040E8800700000E0
:109C100003E00C1810041004100410081C100000BD
:109C200010041FFC100410041004080807F00000C2
:109C300010041FFC1104110417C4100408180000BC
:109C400010041FFC1104110017C0100008000000D0
:109C500003E00C181004100410441C7800400000AD
:109C600010041FFC10840080008010841FFC10046E
:109C70000000100410041FFC100410040000000079
:109C800000030001100110011FFE10001000000071
:109C900010041FFC110403801464181C100400003D
:109CA00010041FFC1004000400040004000C000059
:109CB00010041FFC1F0000FC1F001FFC100400000C
:109CC00010041FFC0C04030000E010181FFC10001F
:109CD00007F00808100410041004080807F000003A
:109CE00010041FFC10841080108010800F000000F2
:109CF00007F0081810241024101C080A07F20000AE
:109D000010041FFC1104110011C011300E0C0004CE
:109D100000000E1C11041084108410441C38000034
:109D20001800100010041FFC1004100018000000A0
:109D300010001FF810040004000410041FF81000A5
:109D400010001E0011E0001C007013801C001000A9
:109D50001FC0103C00E01F0000E0103C1FC00000CE
:109D60001004180C163401C001C01634180C10046D
:109D700010001C00130400FC13041C001000000061
:109D80000804101C1064108413041C041018000034
:109D90000000000000007FFE400240024002000080
:109DA000000030000C0003800060001C0003000075
:109DB00000004002400240027FFE00000000000060
:109DC0000000000020004000400040002000000093
:109DD000000100010001000100010001000100017B
:109DE00000004000400020000000000000000000D3
:109DF00000000098012401440144014400FC0004D7
:109E000010001FFC0088010401040088007000009D
:109E100000000070008801040104010400880000B3
:109E20000000007000880104010411081FFC0004F8
:109E3000000000F8014401440144014400C800004E
:109E40000000010401040FFC1104110411001800AA
:109E5000000000D601290129012901C901060000DD
:109E600010041FFC008401000100010400FC000438
:109E700000000104190419FC0004000400000000A3
:109E80000000000300010101190119FE000000009B
:109E900010041FFC0024004001B4010C0104000068
:109EA0000000100410041FFC000400040000000067
:109EB000010401FC0104010001FC0104010000FC9B
:109EC000010401FC008401000100010400FC000405
:109ED000000000F8010401040104010400F800007E
:109EE000010101FF008501040104008800700000E9
:109EF00000000070008801040104010501FF000159
:109F00000104010401FC008401040100018000003F
:109F1000000000CC01240124012401240198000048
:109F200000000100010007F8010401040000000026
:109F3000010001F8000400040004010801FC000411
:109F4000010001800170000C00100160018001001F
:109F500001F0010C003001C00030010C01F00100E3
:109F600000000104018C00740170018C01040000E8
:109F7000010101810171000E0018016001800100E2
:109F800000000184010C013401440184010C000033
:109F9000000000000000000001003EFC4002400202
:109FA0000000000000000000FFFF000000000000B3
:109FB0000000400240023EFC0100000000000000E2
:109FC0000000600080008000400040002000200071
:109FD0000000000000000000000000000000000081
:109FE0003F40000000000000000030004000300052
:109FF0004000000009000BC03D000BC03D000900FF
:10A0000018C024407FE0224031800000180024C0A6
:10A010001B000D803240018003801C4027401C80C3
:10A020000740004010006000000000000000000039
:10A030000000000000001F80204040200000402061
:10A0400020401F8000000000090006001F8006005D
:10A0500009000000040004003F8004000400000028
:10A060000010006000000000000000000400040078
:10A070000400040004000000000000400000000094
:10A0800000000000002001C0060038004000000071
:10A090001F802040204020401F8000000000104012
:10A0A0003FC000400000000018C021402240244072
:10A0B0001840000010802040244024401B800000F5
:10A0C00002000D0011003FC0014000003C80244010
:10A0D00024402440238000001F802440244034403A
:10A0E000038000003000200027C03800200000005E
:10A0F0001B802440244024401B8000001C0022C000
:10A10000224022401F8000000000000008400000A4
:10A1100000000000000000000460000000000000DB
:10A12000000004000A0011002080404009000900DE
:10A1300009000900090000000000404020801100D3
:10A140000A0004001800200023402400180000002A
:10A150001F802040274029401F400000004007C0CA
:10A1600039000F0001C0004020403FC0244024407F
:10A170001B8000001F8020402040204030800000D5
:10A1800020403FC0204020401F80000020403FC0B2
:10A1900024402E4030C0000020403FC024402E000C
:10A1A000300000000F001080204022403380020069
:10A1B00020403FC0040004003FC020402040204019
:10A1C0003FC02040204000000060202020203FC0F1
:10A1D0002000200020403FC024400B0030C0204021
:10A1E00020403FC020400040004000C03FC03C0035
:10A1F00003C03C003FC0000020403FC00C40230093
:10A200003FC020001F802040204020401F800000D1
:10A2100020403FC024402400180000001F8021403F
:10A22000214020E01FA0000020403FC02440260025
:10A2300019C0004018C02440244022403180000052
:10A24000300020403FC020403000000020003F8010
:10A25000004000403F80200020003E0001C0070079
:10A2600038002000380007C03C0007C0380000005C
:10A27000204039C0060039C020400000200038408E
:10A2800007C0384020000000304021C02640384040
:10A2900020C00000000000007FE0402040200000BF
:10A2A000000070000C00038000400000000040200F
:10A2B00040207FE00000000000002000400020005F
:10A2C000000000000010001000100010001000102E
:10A2D00000000000400000000000000000000280BC
:10A2E0000540054003C0004020003FC0044004403A
:10A2F000038000000000038004400440064000008A
:10A3000000000380044024403FC000400000038060
:10A310000540054003400000000004401FC02440E9
:10A3200024402000000002E00550055006500420A3
:10A3300020403FC00440040003C00040000004402F
:10A3400027C000400000000000100010041027E0AB
:10A350000000000020403FC00140070004C004404E
:10A36000204020403FC000400040000007C00400E3
:10A3700007C0040003C00000044007C004400400FC
:10A3800003C000400000038004400440038000003C
:10A39000041007F004500440038000000000038014
:10A3A0000440045007F00010044007C002400400BD
:10A3B00004000000000006400540054004C0000005
:10A3C000000004001F8004400040000004000780DB
:10A3D0000040044007C000400400070004C00180A2
:10A3E00006000400060001C0070001C006000000CE
:10A3F000044006C0010006C004400000041007101D
:10A4000004E00180060004000000044005C006408E
:10A41000044000000000000004007BE04020000039
:10A42000000000000000FFF00000000000004020DD
:10A430007BE004000000000040008000400020009D
:10A4400020004000556E737570706F7274656420E3
:10A45000736F6674776172652070726F6475637470
:10A46000207265762025642E0A0050726F64756331
:10A470007420494420726561642061732030206932
:10A480006E646963617465732064657669636520D1
:10A4900069732065697468657220696E636F6D7099
:10A4A000617469626C65206F7220616E204D505539
:10A4B000333035302E0D0048616C662073656E7345
:10A4C00069746976697479207061727420666F7539
:10A4D0006E642E0D000000008300000000080000E4
:10A4E0000001001832000500000020410000D242A7
:10A4F000295C0F3E9A99993E3333733F295C0F3E96
:10A5000075191A0C6A231B1C1F207274433B4138B7
:10A51000393A6B6C376F06246D6E7000680000046A
:10A5200076005401F7FD0001B8AAB38DB4980D353B
:10A530005D004CCD6C000CC92C00365676002646CA
:10A540006600FEF2ABC4AAF1DFDFBBAFDFDF00B80D
:10A55000AAAAAAB088C3C5C7000000700000000006
:10A5600024000000020003000000650054FFEF001B
:10A5700000FA80000B12820001030C30C30E8C8C99
:10A58000E914D5400213710F8E3883F8833000F838
:10A5900083258EF8833000F883FFFFFFFF0FFEA9AD
:10A5A000D6240004001A8279A10000003CFFFF00BD
:10A5B000000010000038836FA2003E03304000000E
:10A5C0000002CAE3093E80000020000000000000F5
:10A5D000004000000060000000000C0000000C18AB
:10A5E0006E000006920A16C0DFFFFF0256FD8CD3F4
:10A5F00077FFE1C496E0C5BEAA00000000FFFF0B94
:10A600002B00001657000003594000000000001DF9
:10A61000FA00026C1D000000003FFFDFEB003EB3BC
:10A62000B6000D227800002F3C0000000000194207
:10A63000B5000039A20000B365D90E9FC91DCF4CEB
:10A640003430000000500000003BB67AE80064009F
:10A650000000C8000000000000100000001000FA18
:10A66000921000225E000D229F00010000003200C7
:10A6700000FF46000063D400001000000004D60074
:10A680000004CC000004CC000000001072000000A8
:10A69000400000000000000000000600020005006D
:10A6A000070000000000640000000000000000003F
:10A6B000050005006400200000000000000000000C
:10A6C00000000040000000030000000032F8980085
:10A6D00000FF650000830F0000FF9BFC00000000EE
:10A6E000000000000000000000000000000000006A
:10A6F000000000000000000000000000000000005A
:10A7000000000000000000100040000000000000F9
:10A71000060000B26A000200000001FB830068002E
:10A720000000D9FC007CF1FF830000000000650000
:10A7300000006403E8006400280000002500000019
:10A740000016A000000000100000001000002F0004
:10A7500000000001F40000100000280000FFFF4589
:10A7600081FFFFFA720000000000000000004400BA
:10A77000050005BAC6004778A200000001000000ED
:10A780000000000600000000140000254D002F709E
:10A790006D000005AE000C02D000000000000000BB
:10A7A000000000000000000000001B00000000008E
:10A7B000000000000000000000006400000008002D
:10A7C0000000000000000000000000000000000089
:10A7D0000000000000000000000000000000000079
:10A7E0000000000000000000000000000000000069
:10A7F0000000000000000000000000000000000059
:10A800000000000000000000000000000000000048
:10A81000000000000000000000001B00000000001D
:10A820000000000000000E000E00000AC700040037
:10A830000000000032FFFFFF9C00000B2B00000017
:10A84000020000000100000064FFE50000000000BD
:10A8500000000000000000000000000001000000F7
:10A8600000000100000000000000018000000180E5
:10A870000000018000002426D3000000000000003A
:10A8800000000600100096003C00000000000000E0
:10A890000000000000000000000C0A4E68CDCF77D9
:10A8A0000950166759C619CE82000000000000004A
:10A8B0000000000000000000000000000000000098
:10A8C0000017D78400030000000000000000000013
:10A8D00000C7938F9D1E1B1C190000000000000084
:10A8E0000000000000000000000000000000000068
:10A8F0000002031885000040000000000300000073
:10A900000300000000000000004000000000000004
:10A910000000000000000000000000000000000037
:10A920000000000000000000000000000000000027
:10A9300000000000000000000000000000677DDF54
:10A940007E72902E554CF6E6880000000000000054
:10A95000000000000000000000D8DCB4B8B0D8B996
:10A96000ABF3F8FAB3B7BB8E9EAEF132F51BF1B480
:10A97000B8B08097F1A9DFDFDFAADFDFDFF2AAC579
:10A98000CDC7A90CC92C97F1A989264666B2899929
:10A99000A92D557DB0B08AA896365676F1BAA3B4E3
:10A9A000B280C0B8A89711B28398BAA3F024084423
:10A9B000106418B2B9B49883F1A329557DBAB5B122
:10A9C000A38393F0002850F5B2B6AA839328547C51
:10A9D000F1B9A3829361BAA2DADEDFDB819AB9AE64
:10A9E000F5606870F1DABAA2DFD9BAA2FAB9A38227
:10A9F00092DB31BAA2D9BAA2F8DF85A4D0C1BBAD2F
:10AA000083C2C5C7B8A2DFDFDFBAA0DFDFDFD8D8D7
:10AA1000F1B8AAB38DB4980D355DB2B6BAAF8C96C5
:10AA2000198F9FA70E161EB49AB8AA872C547CBA09
:10AA3000A4B08AB691325676B28494A4C808CDD810
:10AA4000B8B4B0F19982A82D557D98A80E161EA213
:10AA50002C547C92A4F02C5078F184A898C4CDFC9E
:10AA6000D80DDBA8FC2DF3D9BAA6F8DABAA6DED841
:10AA7000BAB2B68696A6D0F3C841DAA6C8F8D8B05E
:10AA8000B4B882A892F52C548898F135D9F418D826
:10AA9000F1A2D0F8F9A884D9C7DFF8F883C5DADFC6
:10AAA00069DF83C1D8F40114F1A8824EA884F311A0
:10AAB000D182F5D992289788F109F41C1CD884A872
:10AAC000F3C0F9D1D99782F129F40DD8F3F9F9D16E
:10AAD000D982F4C203D8DEDF1AD8F1A2FAF9A88429
:10AAE00098D9C7DFF8F8F883C7DADF69DFF883C3DE
:10AAF000D8F40114F198A8822EA884F311D182F51C
:10AB0000D992509788F109F41CD884A8F3C0F8F9B9
:10AB1000D1D99782F149F40DD8F3F9F9D1D982F45A
:10AB2000C403D8DEDFD8F1AD8898CCA809F9D98262
:10AB300092A8F57CF1883ACF944A6E98DB6931DAB5
:10AB4000ADF2DEF9D88795A8F221D1DAA5F9F4178C
:10AB5000D9F1AE8ED0C0C3AE82C684C3A88595C8D5
:10AB6000A588F2C0F1F4010EF18E9EA8C63E56F5FE
:10AB700054F18872F40115F19845856EF58E9E04A6
:10AB800088F142985A8E9E068869F4011CF1981E3D
:10AB90001108D0F504F11E970202983625DBF9D989
:10ABA00085A5F3C1DA85A5F3DFD88595A8F309DA81
:10ABB000A5FAD88292A8F578F1881A849F268898F9
:10ABC00021DAF41DF3D8879F39D1AFD9DFDFFBF944
:10ABD000F40CF3D8FAD0F8DAF9F9D0DFD9F9D8F4CF
:10ABE0000BD8F3879F39D1AFD9DFDFF41DF3D8FA43
:10ABF000FCA869F9F9AFD0DADEFAD9F88F9FA8F18D
:10AC0000CCF398DB45D9AFDFD0F8D8F18F9FA8CA35
:10AC1000F38809DAAF8FCBF8D8F2AD978D0CD9A5B0
:10AC2000DFF9BAA6F3FAF412F2D8950DD1D9BAA683
:10AC3000F3FADAA5F2C1BAA6F3DFD8F1BAB2B68652
:10AC400096A6D0CAF349DAA6CBF8D8B0B4B8D8AD36
:10AC500084F2C0DFF18FCBC3A8B2B68696C8C1CB51
:10AC6000C3F3B0B48898A821DB718D9D71859521BF
:10AC7000D9ADF2FAD88597A828D9F408D8F28D2949
:10AC8000DAF405D9F285A4C2F2D8A88D9401D1D9FD
:10AC9000F411F2D88721D8F40AD8F28498A8C80110
:10ACA000D1D9F411D8F3A4C8BBAFD0F2DEF8F8F8CC
:10ACB000F8F8F8F8F8D8F1B8F6B5B9B08A95A3DE87
:10ACC0003CA3D9F8D85CA3D9F8D87CA3D9F8D8F894
:10ACD000F9D1A5D9DFDAFAD8B18530F7D9DED8F8BD
:10ACE00030ADDADED8F2B48C99A32D557DA083DF88
:10ACF000DFDFB591A0F629D9FBD8A0FC29D9FAD875
:10AD0000A0D051D9F8D8FC51D9F9D879D9FBD8A01D
:10AD1000D0FC79D9FAD8A1F9F9F9F9F9A0DADFDF8D
:10AD2000DFD8A1F8F8F8F8F8ACDEF8ADDE8393AC24
:10AD30002C547CF1A8DFDFDFF69D2CDAA0DFD9FAF6
:10AD4000DB2DF8D8A850DAA0D0DED9D0F8F8F8DB9F
:10AD500055F8D8A878DAA0D0DFD9D0FAF8F8F8F802
:10AD6000DB7DF8D89CA88CF530DB38D9D0DEDFA0AD
:10AD7000D0DEDFD8A848DB58D9DFD0DEA0DFD0DEB8
:10AD8000D8A868DB70D9DFDFA0DFDFD8F1A8889012
:10AD90002C547C98A8D05C38D1DAF2AE8CDFF9D88C
:10ADA000B087A8C1C1B188A8C6F9F9DA36D8A8F920
:10ADB000DA36D8A8F9DA36D8A8F9DA36D8A8F9DA1E
:10ADC00036D8F78D9DADF818DAF2AEDFD8F7ADFAC8
:10ADD00030D9A4DEF9D8F2AEDEFAF983A7D9C3C51B
:10ADE000C7F1889BA77AADF7DEDFA4F8849408A7A3
:10ADF00097F300AEF29819A488C6A39488F632DFC0
:10AE0000F28393DB09D9F2AADFD8D8AEF8F9D1DA08
:10AE1000F3A4DEA7F1889B7AD8F38494AE19F9DA0B
:10AE2000AAF1DFD8A881C0C3C5C7A39283F628AD15
:10AE3000DED9F8D8A350ADD9F8D8A378ADD9F8D8D1
:10AE4000F8F9D1A1DADEC3C5C7D8A18194F818F208
:10AE5000B089ACC3C5C7F1D8B8B4B09786A8319B48
:10AE6000069907AB9728889BF00C201440B0B4B823
:10AE7000F0A88A9A285078B79BA82951792470594C
:10AE8000446938644831F1BBAB88002C547CF0B382
:10AE90008BB8A804285078F1B088B49726A85998A0
:10AEA000BBABB38B02264666B0B8F08A9CA829518A
:10AEB000798B2951798A2470598B2058718A446979
:10AEC000388B3940688A6448318B30496088F1ACEE
:10AED000002C547CF08CA804285078F1889726A880
:10AEE0005998AC8C02264666F0899CA82951792491
:10AEF0007059446938644831A98809205970AB11E8
:10AF0000384069A8193148608CA83C415C207C001D
:10AF1000F187981986A86E767EA999882D557DD8D7
:10AF2000B1B5B9A3DFDFDFAED0DFAAD0DEF2ABF878
:10AF3000F9D9B087C4AAF1DFDFBBAFDFDFB9D8B181
:10AF4000F1A3978E60DFB084F2C8F8F9D9DED89308
:10AF500085F14AB183A308B5839A0810B79F10D82A
:10AF6000F1B0BAAEB08AC2B2B68E9EF1FBD9F41D72
:10AF7000D8F9D90CF1D8F8F8AD61D9AEFBD8F40CFA
:10AF8000F1D8F8F8AD19D9AEFBDFD8F416F1D8F83E
:10AF9000AD8D61D9F4F4ACF59C9C8DDF2BBAB6AEC7
:10AFA000FAF8F40BD8F1AED0F8AD51DAAEFAF8F108
:10AFB000D8B9B1B6A3839C08B9B1839AB5AAC0FD2C
:10AFC0003083B79F10B58B93F20202D1ABDADED893
:10AFD000F1B080BAABC0C3B284C1C3D8B1B9F38BEE
:10AFE000A391B609B4D9ABDEB0879CB9A3DDF1B3A8
:10AFF0008B8B8B8B8BB087A3A3A3A3B28BB69BF257
:10B00000A3A3A3A3A3A3A3A3A3A3F1B087B59AA3C8
:10B01000F39BA3A3DCBAACDFB9A3A3A3A3A3A3A30D
:10B02000A3A3A3A3A3A3A3A3A3D8D8D8BBB3B7F1C7
:10B03000AAF9DAFFD9809AAA28B48098A720B797EE
:10B0400087A86688F07951F1902C870CA7819762C8
:10B0500093F071716085940129517990A5F1284C84
:10B060006C870C95188578A38390284C6C886CD8D5
:10B07000F3A28200F210A8921980A2F2D926D8F188
:10B0800088A84DD948D896A83980D93CD89580A8A9
:10B0900039A68698D92CDA87A72CD8A8899519A91A
:10B0A00080D938D8A88939A980DA3CD8A82EA839FF
:10B0B00090D90CD8A8953198D90CD8A809D9FFD81F
:10B0C00001DAFFD89539A9DA26FFD890A80D899919
:10B0D000A810809821DA2ED88999A83180DA2ED844
:10B0E000A886963180DA2ED8A8873180DA2ED8A8A3
:10B0F0008292F34180F1D92ED8A882F31980F1D938
:10B100002ED882ACF3C0A28022F1A62EA72EA922AF
:10B1100098A829DAACDEFFD8A2F22AF1A92E8292F1
:10B12000A8F23180A696F1D900AC8C9C0C30ACDE34
:10B13000D0DEFFD88C9CACD010ACDE8092A2F24C5A
:10B1400082A8F1CAF235F19688A6D900D8F1FF6D30
:10B1500070755F7365745F73656E736F7220636F74
:10B160006D706C657465202E2E2E2E2E2E0D006DAA
:10B1700070755F636F6E6669677572655F66696635
:10B180006F20636F6D706C657465202E2E2E2E2ED1
:10B190002E0D006D70755F7365745F73616D706CFB
:10B1A000655F7261746520636F6D706C6574652096
:10B1B0002E2E2E2E2E2E0D00646D705F6C6F61642E
:10B1C0005F6D6F74696F6E5F6472697665725F66DA
:10B1D00069726D7761726520636F6D706C657465FF
:10B1E000202E2E2E2E2E2E0D00646D705F73657432
:10B1F0005F6F7269656E746174696F6E20636F6DE5
:10B20000706C657465202E2E2E2E2E2E0D00646D12
:10B21000705F656E61626C655F66656174757265AD
:10B2200020636F6D706C657465202E2E2E2E2E2E71
:10B230000D00646D705F7365745F6669666F5F7241
:10B2400061746520636F6D706C657465202E2E2EA1
:10B250002E2E2E0D0073657474696E67206269610D
:10B26000732073756363657366756C6C79202E2E1D
:10B270002E2E2E2E0D006D70755F7365745F646DDC
:10B28000705F737461746520636F6D706C65746555
:10B29000202E2E2E2E2E2E0D004D6F746F723A0022
:10B2A0004F464600204F4E00456E636F6465720046
:10B2B0002D002B00534552564F00566F6C746100A1
:10B2C0002E005600416E676C65005A686F6E677A93
:10B2D0006869007B4325643A25643A25643A25640D
:10B2E0003A25643A25643A25643A256424007B4172
:10B2F00025643A25643A25643A25647D24007B421E
:10B3000025643A25643A256C757D24000000000010
:10B310000102030400000000000000000102030419
:10B320000607080902030405060708090A0B0C0DA5
:10B330000E0F101000232D302B2000686C4C006580
:10B340006667454647003031323334353637383951
:10B350004142434445460030313233343536373884
:10B3600039616263646566000000000000000080CF
:10B37000182D4454FB210940182D4454FB2109C0C9
:10B38000182D4454FB21E9BFD221337F7CD90240E0
:10B39000D221337F7CD902C00000000000000000F1
:10B3A00006D0CF43EBFD4C3E000000000000000043
:10B3B0000000004003B8E23F000000000000F03F42
:10B3C000000000000000F83FE2652F227F2B7A3C4E
:10B3D000075C143326A6813CBDCBF07A8807703C0D
:10B3E000075C143326A6913C4FBB610567ACDD3F7B
:10B3F000182D4454FB21E93F9BF681D20B73EF3F9C
:08B40000182D4454FB21F93F13
:08B40800E45DFF7F010000007C
:04B4100035010008FA
:04B41400110100081A
:10B41800040000001000000004000000000040408C
:10B428000000404000A500081CA50008000000001E
:10B438000000000000000000000000000000000004
:10B44800000000000000000000000000D8A4000870
:10B458000100000001000000010000000000803F22
:10B46800004083450000A04200007A460000D84210
:10B4780000C8AF46EE020000010100000024F400FD
:10B4880001000000100000000000000003000000A0
:10B49800180800208800002000000000180800207C
:10B4A80080080020E80800200000000000000000DC
:10B4B8000000000000000000000000000000000084
:10B4C8000000000000000000000000000000000074
:10B4D8000000000000000000000000000000000064
:10B4E800000000000000000059F3F8C21F6EA5011B
:08B4F800000000000000F03F1D
:0400000508004C554E
:00000001FF
