:020000040800F2
:10000000400C00201502000861200008D9170008E4
:10001000AB1E0008650B000809390008000000004D
:10002000000000000000000000000000F1290008AE
:100030006D0F00080000000005250008E92B0008EE
:100040002F0200082F0200082F0200082F020008CC
:100050002F0200082F0200082F0200082F020008BC
:100060002F0200082F0200082F0200082F020008AC
:100070002F0200082F0200082F0200082F0200089C
:100080002F0200082F0200082F0200082F0200088C
:100090002F0200082F0200082F0200082F0200087C
:1000A0002F0200082F0200082F0200082F0200086C
:1000B0008D2E0008A12E00082F0200082F02000834
:1000C0002F0200082F0200082F0200082F0200084C
:1000D0002F0200082F0200082F02000881340008B8
:1000E000710F00082F0200082F0200082F020008DD
:1000F0002F0200082F0200082F0200082F0200081C
:100100002F0200082F0200082F0200082F0200080B
:100110002F0200082F0200082F0200082F020008FB
:100120002F0200082F0200082F0200082F020008EB
:1001300000F002F800F05FF80AA090E8000C82449A
:100140008344AAF10107DA4501D100F054F8AFF277
:10015000090EBAE80F0013F0010F18BFFB1A43F0A5
:100160000103184764DA000084DA00000A444FF003
:10017000000C10F8013B13F0070408BF10F8014B06
:100180001D1108BF10F8015B641E05D010F8016B4B
:10019000641E01F8016BF9D113F0080F1EBF10F8AF
:1001A000014BAD1C0C1B09D16D1E58BF01F801CBD2
:1001B000FAD505E014F8016B01F8016B6D1EF9D555
:1001C0009142D6D37047000000230024002500266A
:1001D000103A28BF78C1FBD8520728BF30C148BFAA
:1001E0000B607047642900F09B80002070471FB5AA
:1001F0001FBD10B510BD00F063FA1146FFF7F7FF01
:1002000005F032FA00F081FA03B4FFF7F2FF03BC05
:1002100003F008FC0948804709480047FEE7FEE76D
:10022000FEE7FEE7FEE7FEE7FEE7FEE7FEE7FEE7A6
:1002300004480549054A064B70470000ED2B0008AD
:100240003101000840060020400C0020400800203A
:1002500040080020704710B54C1084EA530404D5C0
:100260004042C1F1000138BF491E1B4204D5524231
:10027000C3F1000338BF5B1E00F0E8F814F0804FB4
:1002800004D04042C1F1000138BF491E14F0004FB4
:1002900004D05242C3F1000338BF5B1E10BD000002
:1002A0000FB4044910B503AA029800F0ABF910BCD2
:1002B0005DF814FB640000202DE9F0410E46044671
:1002C000002020622046E168884730B3252805D009
:1002D000D4E901219047206A401CF2E7E1682046FA
:1002E00000278847050018D0A5F14100192802D839
:1002F00020354FF400673246294620462760FFF735
:1003000071FF40B1012804D0F61D26F0070608361B
:10031000D8E7361DD6E72846DAE7206ABDE8F0813F
:100320002DE9F0410646002410687529314616A5CE
:1003300010D0AFF30080002802DA404213A507E096
:1003400031688A0701D512A502E0490704D511A535
:10035000012401E0AFF3008000210A2206F1240706
:1003600009E0B0FBF2FCB0FBF2F302FB1C00303002
:1003700078541846491C0028F3D123462A463046B3
:10038000BDE8F04100F0E4B8000000002D000000DE
:100390002B0000002000000040EA010310B59B077D
:1003A0000FD1042A0DD310C808C9121F9C42F8D0DF
:1003B00020BA19BA884201D9012010BD4FF0FF3090
:1003C00010BD1AB1D30703D0521C07E0002010BDA6
:1003D00010F8013B11F8014B1B1B07D110F8013B32
:1003E00011F8014B1B1B01D1921EF1D1184610BD13
:1003F00002F0FF0343EA032242EA024200F002B89D
:100400004FF000020429C0F0128010F0030C00F03D
:100410000D81CCF1040CBCF1020F18BF00F8012BC8
:10042000A8BF20F8022BA1EB0C0100F0FFB85FEA97
:10043000C17C24BF00F8012B00F8012B48BF00F855
:10044000012B7047704770477047704753EA020CA2
:1004500000F069802DE9F04B4FF00006002B1FBF24
:10046000B3FA83F503FA05F424FA05F65E4012BFE9
:100470001643B2FA82F502FA05F4C5F120051EBF53
:1004800022FA05FC44EA0C04203556EA044C4FEAF3
:10049000144418BF641C4FF000084FF0000990424C
:1004A00071EB030C39D3002919BFB1FA81F701FAB6
:1004B00007F6B0FA80F700FA07F6C7F120071EBF6B
:1004C00020FA07FC46EA0C062037B6FBF4FCA7EB43
:1004D0000507103F07F01F0BCBF120060CFA0BFBB2
:1004E0002CFA06F644BFB3460026202FA4BF5E4672
:1004F0004FF0000B5BEA060C08BF4FF0010B19EB45
:100500000B09ABFB027C48EB0608C01B06FB02CCC8
:100510000BFB03CC71EB0C01C1E70B4602464146D5
:100520004846BDE8F08B13B54FF000004FF00001D6
:10053000AFF30080BDE81C40704710B500F09CF898
:10054000006810BD10B5044600F096F8046010BDB8
:100550002DE9F0470D4699469246044600F12408DD
:100560000168880604D5E06921F01001216000E0EF
:100570000120A84201DD471B00E00027A1697A198C
:1005800002EB0900081AA0612078C00602D42046B8
:10059000AFF30080002608E0D4E901211AF8060034
:1005A0009047206A401C761C20624E45F4DB207880
:1005B000C0060AD52046AFF3008006E0D4E9012149
:1005C00030209047206A401C2062381EA7F10107A6
:1005D000F4DC07E0D4E9012118F805009047206A0F
:1005E000401C2062281EA5F10105F3DC2046AFF374
:1005F00000802078000602D50220BDE8F0870120A7
:10060000FBE70000074B70B50D467B4400F03DF85A
:100610000446284600F04CF810B14FF0FF3070BD92
:10062000204670BD974800004FF0000200B5134609
:1006300094469646203922BFA0E80C50A0E80C5002
:10064000B1F12001BFF4F7AF090728BFA0E80C50B3
:1006500048BF0CC05DF804EB890028BF40F8042BAC
:1006600008BF704748BF20F8022B11F0804F18BF19
:1006700000F8012B7047000000487047DC0500209F
:1006800001694A1C02610878704700B58FB0CDE956
:1006900001310021059105497944CDE90310114646
:1006A0006846FFF709FE0FB000BD0000E5FFFFFF41
:1006B000007B00F08000704700487047DC05002098
:1006C0007546FFF7F9FFAE4605006946534620F030
:1006D0000700854618B020B5FFF7AAFDBDE8204009
:1006E0004FF000064FF000074FF000084FF0000BEE
:1006F00021F00701AC46ACE8C009ACE8C009ACE8A1
:10070000C009ACE8C0098D46704710B50446AFF388
:1007100000802046BDE81040FFF776BD21B1826819
:1007200042F00102826003E0826822F001028260EE
:100730007047000010B504461248844208D10121D8
:10074000401501F06BFF0021601501F067FF17E015
:100750000D48844208D10121001501F05FFF0021FE
:10076000201501F05BFF0BE00848844208D101210D
:10077000C80301F053FF00214FF4004001F04EFF89
:1007800010BD00000024014000280140003C014051
:10079000014600208A6802F004020AB1012000E04C
:1007A000002070470146C86C80B2704702460020A6
:1007B00013680B400BB1012000E000207047014698
:1007C00000208A6802F008020AB1012000E000203F
:1007D0007047000030B502460020002350680F4CDF
:1007E00020400D790C6844EA05242043506090684D
:1007F0000B4C2040D1E902542C434D7944EA450486
:1008000020439060D06A20F470000C7C641EE4B237
:10081000234340EA0350D06230BD0000FFFEF0FFEA
:10082000FDF7F1FFF0B504460D4600200021092D2B
:1008300011DDE068A5F10A0606EB4607072606FA71
:1008400007F18843A5F10A0606EB460603FA06F10E
:100850000843E0600CE0206905EB4507072606FA2F
:1008600007F1884305EB450603FA06F108432061CA
:10087000072A0FDA606B561E06EB86071F2606FA5C
:1008800007F18843561E06EB860605FA06F1084373
:10089000606322E00D2A0FDA206BD61F06EB860775
:1008A0001F2606FA07F18843D61F06EB860605FACF
:1008B00006F10843206310E0E06AA2F10D0606EBA2
:1008C00086071F2606FA07F18843A2F10D0606EBFC
:1008D000860605FA06F10843E062F0BD816841F042
:1008E00008018160704721B1826842F4A0028260F1
:1008F00003E0826822F4A00282607047816841F0C0
:1009000004018160704700002DE9F04786B0494836
:100910000068A0F2C6204000032190FBF1FABAF172
:10092000000F01DA4FF0000ABAF1640F01DD4FF059
:10093000640A4148006807F0FAF805463F4A404B10
:1009400006F06EFF074607F0C3F88146B9F1000FC5
:1009500001DAC9F100093848006807F0E8F80746ED
:10096000364A374B06F05CFF054607F0B1F80446FF
:10097000002C00DA64423348007808B9012000E016
:100980000020304908703048007801282DD12F49C7
:100990002F48006807F06EFE804607F0CFFD054641
:1009A0002A492C48006807F065FE804607F0C6FD1E
:1009B000064629492948006807F05CFE804607F092
:1009C000BDFD07460020CDE90250CDE90076049038
:1009D00023480368234802682348016823A0FFF7DF
:1009E0005FFC00201849087021E01648007868B9BB
:1009F0002548006807F0A2FD054609F0FF02E1B2B4
:100A00005346009021A0FFF74BFC10E023480068FC
:100A100007F094FD05461C48006807F08FFD064668
:100A20001F4803882A4631461EA0FFF739FC06B04E
:100A3000BDE8F0871400002008000020CDCCCCCC0D
:100A4000CCCCF43F680100202A00002000002041A7
:100A5000A8000020A40000200000C8422C000020B4
:100A6000D0000020C8000020CC0000207B4325647B
:100A70003A25643A25643A25643A25643A25643A6D
:100A800025643A2564240000180000207B41256479
:100A90003A25643A25643A25647D24001C00002030
:100AA000402C01407B4225643A25643A25647D242C
:100AB0000000000000B587B001214FF4037001F081
:100AC0009DFD4FF4004001F07DFD0320ADF80400D2
:100AD00000208DF8070001A91C4800F005FD082042
:100AE000ADF8040000208DF8070001A9184800F0B7
:100AF000FBFC1848FFF71EFE002002908DF80C004A
:100B00008DF80D004FF46020049000200590012026
:100B10008DF8180002A90F48FFF75CFE01210D486F
:100B2000FFF7FCFD0B48FFF7D9FE00BF0948FFF7B0
:100B300046FE0028FAD10748FFF7E0FE00BF05484F
:100B4000FFF726FE0028FAD107B000BD000C0140D7
:100B5000000801400024014001490860704700007E
:100B600000860D4200BFFEE738B5002000906B46BE
:100B700001227521682004F0D1FC01202E49087063
:100B80002EA0FFF78DFB9DF8000068280ED000BF57
:100B90003348006800F4E06032490843001D3049E2
:100BA0000860BFF34F8F00BF00BFFEE704F0BCFE3C
:100BB00000283CD1782005F0C1FC10B91FA0FFF738
:100BC0006FFB782004F09EFD10B927A0FFF768FBAB
:100BD000C82005F065FC10B92DA0FFF761FB03F0FC
:100BE000FDFC10B934A0FFF75BFB404804F001FDA9
:100BF000044603F04DFF10B93DA0FFF751FB40F252
:100C0000731003F093FB10B943A0FFF749FBC82012
:100C100003F06EFE10B94AA0FFF742FB06F0B6FBE8
:100C2000012005F039FB10B94EA0FFF739FB002079
:100C30000149087038BD0000060000206D70755F26
:100C40007365745F73656E736F7220636F6D706C24
:100C5000657465202E2E2E2E2E2E0D0A000000000B
:100C60000CED00E00000FA056D70755F636F6E6655
:100C700069677572655F6669666F20636F6D706C1A
:100C8000657465202E2E2E2E2E2E0D0A00000000DB
:100C90006D70755F7365745F73616D706C655F72A5
:100CA00061746520636F6D706C657465202E2E2EE7
:100CB0002E2E2E0D0A000000646D705F6C6F616453
:100CC0005F6D6F74696F6E5F6472697665725F667F
:100CD00069726D7761726520636F6D706C657465A4
:100CE000202E2E2E2E2E2E0D0A0000005001002048
:100CF000646D705F7365745F6F7269656E74617443
:100D0000696F6E20636F6D706C657465202E2E2E7A
:100D10002E2E2E0D0A000000646D705F656E6162FC
:100D20006C655F6665617475726520636F6D706C6C
:100D3000657465202E2E2E2E2E2E0D0A000000002A
:100D4000646D705F7365745F6669666F5F7261740E
:100D50006520636F6D706C657465202E2E2E2E2EAF
:100D60002E0D0A006D70755F7365745F646D705F42
:100D7000737461746520636F6D706C657465202E8B
:100D80002E2E2E2E2E0D0A0010B51F48006807F0DB
:100D900011FC04461D4907F0DBFA1D4908600121DA
:100DA0001C48006800F090F802211B48006800F021
:100DB0008BF81A49088807F015FC0446032100F057
:100DC00083F8032000F034F8154908700020154915
:100DD000087012E000BF1448008800F040000028AE
:100DE000F9D012480F490978405C0F49091D088065
:100DF0000C480078401C0B4908700A4800780849E4
:100E000009788842E6DB10BD140000200000C842CB
:100E100064010020180000201C000020402C01402C
:100E2000610100206001002000380140B005002071
:100E300001460A2900DC09B9002070472420214A14
:100E400010700B293CD2DFE801F03B060B10151A9D
:100E50001F24292F350005201A4A50710620ECE77F
:100E60000920184A50720A20E7E70D20154A5073EE
:100E70000E20E2E71120134A50741220DDE71520FE
:100E8000104A50751620D8E719200E4A50761A20BD
:100E9000D3E71D200B4A50771E20CEE72120094AB8
:100EA00082F821002220C8E72520064A82F8250082
:100EB0002620C2E72920034A82F829002A20BCE71D
:100EC0000020BAE7B005002013B50C460A2C00DC60
:100ED00004B91CBD0B2C43D2DFE804F042060C120F
:100EE000181E242A30363C0001221F49684600F0B3
:100EF000CDFA35E005221C49684600F0C7FA2FE01C
:100F000009221949684600F0C1FA29E00D22164964
:100F1000684600F0BBFA23E011221349684600F04E
:100F2000B5FA1DE015221049684600F0AFFA17E047
:100F300019220D49684600F0A9FA11E01D220A495C
:100F4000684600F0A3FA0BE021220749684600F04A
:100F50009DFA05E025220449684600F097FA00BF93
:100F600000BF00BFB5E70000B005002070470000DB
:100F70002DE9F047CC48006800287DD14FF480501F
:100F800000F0DCF9C948007801280BD1C848007886
:100F9000401CC0B2C64908700A2803D1002008705E
:100FA000C2490870C3480078032866DAC14800784F
:100FB000401CC0490870C048007800F03FFB00F0BA
:100FC000D7FBBE490860BE480068401CBC490860A9
:100FD000BC480068B94909680844BA490860B8487B
:100FE000006864280BD108460068642190FBF1F08A
:100FF000B54908600020B3490860B1490860642021
:1010000000F0EAFE092000F0FFFAA0F580600C2154
:1010100090FBF1F0AD490860AD480078012847D158
:10102000032000F0F1FAA0F58065284607F0C2FA27
:101030000446A84907F01EFBA7490860A749A6482F
:10104000006807F017FB054607F078FA044607F03A
:10105000B1FAA14908600846006807F06FFA0A2152
:1010600090FBF1F201FB1207384607F0A3FA06469F
:101070009A4907F06DF901E014E11CE00446974934
:101080009548006807F064F9074607F057FA0646E6
:1010900007F090FA0546214607F0ECF88E49086003
:1010A0008F4801688C48006807F0E4F88D490860B3
:1010B0000020BDE8F08700207E490870022001F082
:1010C0006FFC4642304607F075FA0546864907F040
:1010D0003FF9044607F032FA844908607648007800
:1010E00000F0ACFA82498348006807F031F9824980
:1010F000086082490968A1F2EE2007F05BFA044615
:101100007F4907F025F97F49086000F009FE77481C
:1011100001687D48006801F0F7F9012802D100203C
:101120006B490870684801687748006802F070F9F8
:1011300000287DD1664800780028FAD100F098FA9E
:10114000704801687148006807F094FA06466A48DA
:1011500001686F48006807F08DFA0746614801682A
:101160006948006807F08EFB80466A48016840467F
:1011700007F080FA0546394607F07CF80446314608
:1011800007F078F880F000406349086063496248DE
:10119000006807F06FFA604908600846006807F0C9
:1011A000CDF9044607F006FA5B4908605C4801681F
:1011B0004FF0804007F05EFA82465748016850467B
:1011C00007F055FB804657480168404607F052F843
:1011D00007465548006807F0EDF98146394607F0A3
:1011E00049FA05464E4801684B48006807F04AFB3B
:1011F00081464E48006807F0DDF98246494607F00F
:1012000039FA07464A48006807F0D4F9814642484F
:101210000168484607F02EFA8046394607F02AF85A
:101220000646294607F026F8044607F087F900E04D
:1012300035E0404908600846006842F2107190FBB2
:10124000F1F02E49096808442C49086008460068F6
:10125000B0F51B7F02DA4FF41B7008602748006866
:10126000B0F55C7F03DD4FF45C70244908602C48C6
:1012700000682C49086028480068294908606FF018
:101280003B011A48006800F0D9FC2B49086001F0C6
:1012900085F929480068404201F06EFC02E0002018
:1012A00001F06AFC002004E730812142290000207F
:1012B0002800002090000020000000209400002062
:1012C000980000209C000020140000203400002022
:1012D0000500002085EBA13BA0000020000020417C
:1012E000300000202C00002093D819420800002074
:1012F00033338341200000201C0000201000002018
:101300009A996940AC00002018000020C400002019
:10131000C0000020BC000020B00000200000C84237
:10132000B4000020B8000020D0000020CC00002035
:10133000C8000020D40000200C00002001490860F3
:101340007047000014040140002123498279002ADB
:101350003AD00A46126803689A430B461A600A1D7F
:10136000126803689A430B1D1A60027911440A68D7
:1013700003681A430A60184A0832126803689A43DD
:10138000154B08331A601A1D126803689A43124BF2
:101390000C331A604279102A0ED11A1F12680368A2
:1013A0001A430D4B08331A601A1D126803681A435A
:1013B000094B0C331A600DE00749427911440A6861
:1013C00003681A430A6005E0027911440A68036859
:1013D0009A430A60704700000004014000B589B0DC
:1013E0000121084601F0FAF80121042001F006F974
:1013F0000320ADF8040004208DF8070001A922485D
:1014000000F072F81C208DF8200001208DF82300D8
:101410008DF8210003208DF8220008A800F022FE9C
:1014200005A801F0EBFF0020ADF814004FF6FF70A7
:10143000ADF818000020ADF81A00ADF8160005A9A7
:101440004FF0804001F088FF00231A4603214FF03F
:10145000804001F05EFD02A801F0E4FD0A20ADF835
:10146000100002A9400701F087FD0121880701F063
:101470002FFD01221146900701F0DDFD01218807B3
:1014800001F02CFD09B000BD0008014030B5034655
:101490001C788C545D78541C0D559D78941C0D550A
:1014A000DD78D41C0D5530BD30B500228B071C0FE4
:1014B0000F2303FA04F20B4B8C1053F824309343A0
:1014C000084C8D1044F8253023468C1053F82430F6
:1014D0008C07240F00FA04F42343024C8D1044F8C7
:1014E000253030BD080001402DE9F04102460025BD
:1014F0000026002000230024002791F803C00CF0F0
:101500000F0591F803C00CF0100CBCF1000F03D0D4
:1015100091F802C04CEA050591F800C0BCF1000F3B
:1015200031D0146800202BE04FF0010C0CFA00F3CE
:10153000B1F800C00CEA03069E4220D183004FF0B0
:101540000F0C0CFA03F7BC4305FA03FC4CEA040445
:1015500091F803C0BCF1280F06D14FF0010C0CFA32
:1015600000FCC2F814C00AE091F803C0BCF1480FB7
:1015700005D14FF0010C0CFA00FCC2F810C0401C61
:101580000828D1D31460B1F800C0BCF1FF0F34DDDE
:10159000546800202EE000F1080C4FF0010808FA12
:1015A0000CF3B1F800C00CEA03069E4221D183007F
:1015B0004FF00F0C0CFA03F7BC4305FA03FC4CEA9E
:1015C000040491F803C0BCF1280F05D100F1080C08
:1015D00008FA0CF8C2F8148091F803C0BCF1480F67
:1015E00007D100F1080C4FF0010808FA0CF8C2F816
:1015F0001080401C0828CED35460BDE8F0814161C2
:10160000704701617047000010B5044607230122AE
:1016100021460948FFF706F901210748FFF763F95A
:1016200000BF02210448FFF7C1F80028F9D00248A2
:10163000FFF7B8F810BD00000024014010B50446C3
:10164000012C0CD101F07EF80548006805490860BE
:101650000549B1F9020006F0ADFF0449086010BD6C
:101660003401002018000020240100202000002068
:1016700010B53448007810B13348007828B93348A1
:10168000007878B13248007860B132480078401C68
:10169000C0B230490870322800DA10BD3C202D4914
:1016A000087002E000202B4908702748007810B924
:1016B0002748007848B12848007830B927480068A2
:1016C000274908600120244908702148007840B16A
:1016D000244801682248006806F0CCFD1F490860D4
:1016E0000AE01948007838B11F4801681C480068B2
:1016F00007F0C8F8194908601348007868B9144819
:10170000007850B914480078012806D114480068C0
:101710001249086000201049087014480078401CE5
:10172000C0B21249087032280ADD0948007805491C
:101730000870054800780549087000200B490870BA
:1017400000BFAAE7E000002004000020E100002024
:1017500003000020E3000020D80000202C0000201F
:10176000DC000020A4000020A8000020E2000020EF
:101770002DE9FF5F0820FFF747FF834606F0EEF9EB
:101780004FF06632104BCDE9000106F037FA0646FD
:1017900000220E4B06F032FA00220D4BCDE9020179
:1017A00006F02CFA044600220A4B06F039F880466F
:1017B00006F08EF9824640F2EC40824500DD82461A
:1017C000504604B0BDE8F09F66660A40000026401F
:1017D000000059400000B04000BFFEE770B505466C
:1017E0000E46002400F00EF9284600F0D7F8641CDD
:1017F00000F060F9304600F0D1F8641C00F05AF9AE
:1018000000F000F9691CC8B200F0C8F8641C00F0D0
:1018100051F9002000F08AF8044600F027F920462C
:1018200070BD000010B500200E4908600E48006829
:1018300020F070400C4908600846006840F04050B5
:10184000086000200949C1F8BC01012002F02AFD0E
:1018500001200449086002F025FD00200449C1F878
:10186000A00110BDA0012142040C014000802142D2
:101870000000214208B50121042000F0BFFE012133
:10188000082000F0BBFE4FF48070ADF8000010207F
:101890008DF8030003208DF8020069460D48FFF71C
:1018A00023FE4FF40040ADF8000010208DF8030037
:1018B00003208DF8020069460748FFF715FE4FF434
:1018C00080710448FFF79DFE4FF400410248FFF786
:1018D00098FE08BD00080140000C014010B5002032
:1018E0000E4908600E48006820F070400C490860FE
:1018F0000846006840F04050086001200949C1F8DE
:10190000BC0102F0CFFC01200449086002F0CAFCCF
:1019100000200549C1F8A00110BD0000A00121422E
:10192000040C0140008021420000214270B50546B0
:1019300000241648006820F07040144908600846EA
:10194000006840F000400860002615E000201049C3
:101950000860022002F0A6FC01200E49C1F8A00197
:101960006006040E0C48006808B1601CC4B2022076
:1019700002F098FC701CC6B2082EE7DB15B1FFF729
:1019800051FF01E0FFF7AAFF204670BD040C0140A3
:10199000A0012142000021423C81214270B5044651
:1019A0001448006820F0704012490860084600683A
:1019B00040F04050086000200F490860002515E005
:1019C000E0090E4908606006040E012002F06AFC7E
:1019D00001200B49C1F8A00102F064FC0020064977
:1019E0000860012002F05EFC681CC5B2082DE7DB30
:1019F00070BD0000040C0140A0012142BC812142C5
:101A00000000214210B51548006820F070401349CD
:101A100008600846006840F0405008600120104906
:101A200008601048D0F83C0108B9002010BD012022
:101A30000D49086002F036FC00200A49C1F8BC01DB
:101A400007488038006808B10020EFE7012002F065
:101A500029FC0020044908600120E7E7040C01404C
:101A6000BC81214200802142A001214210B50E48D4
:101A7000006820F070400C4908600846006840F09B
:101A8000405008600020094908600949C1F8BC01BC
:101A9000012002F007FC0120044908600449C1F854
:101AA000BC0102F0FFFB10BD040C0140A00121426B
:101AB0000080214210B500241548006820F07040D5
:101AC000134908600846006840F0004008600120A3
:101AD0001049086002F0E6FB01200F49C1F8A0019F
:101AE00002F0E0FB0AE0601CC4B2322C03DDFFF719
:101AF000BDFF002010BD012002F0D4FB0548803856
:101B000000680028EFD1054908600120F2E70000D5
:101B1000040C0140BC81214200002142A00121426D
:101B200070B505460E46144631462846FFF756FE68
:101B30002070012070BDF8B506460F4614461D46BC
:101B40006A4639463046FFF7EBFF2DB10120A04031
:101B50009DF80010084305E00120A0409DF800100A
:101B600021EA0000C0B200909DF8002039463046BE
:101B700000F036F8F8BD2DE9F843074688461446CC
:101B80001D46089E6A4641463846FFF7C9FF28B3FE
:101B9000601CFF2101FA00F0C4F108012944491E2C
:101BA000FF220A41104300F0FF09C5F1080006FAC0
:101BB00000F0C6B2C4F1070006419DF8000000EA3B
:101BC000090000909DF80000304300909DF800202F
:101BD0004146384600F004F8BDE8F8830020FBE7F2
:101BE00037B504460D4602AB01222946204600F0D7
:101BF00001F83EBD2DE9F04180460D4616461F46D0
:101C00000024FFF7FFFE4046FFF7C8FEFFF752FF34
:101C10002846FFF7C3FEFFF74DFF00BF06E0385D23
:101C2000FFF7BCFEFFF746FF601CC4B2B442F6DB10
:101C3000FFF71CFF0120BDE8F081000030B502462F
:101C4000501A1D4B1860184600681C4B1B68C01AC0
:101C500032235843184B1B68052404FB0300164B22
:101C60001B68164C2468022505FB1433144C2468A9
:101C700023443C2404FB0300124B1B681844114B03
:101C8000186018460068B0F5E15F02DD4FF4E150DE
:101C900018600C48006810F5E15F02DA0A48094B49
:101CA000186006480068064B186003480068034B3C
:101CB00018600448006830BDE8000020EC000020F7
:101CC000F0000020E4000020E0E3FFFF01464906A9
:101CD000084A926942F00102064B9A61064A52682C
:101CE00022F0E062044B5A601A4652680A435A6076
:101CF00070470000001002400000014008B50121BB
:101D0000042000F07BFC2020ADF8000048208DF876
:101D1000030069460148FFF7E7FB08BD00080140E2
:101D200010B5322002F0DCF90446012C24D1184809
:101D3000007898B917480078012812D11649174839
:101D4000006806F063FD0CD815491448006806F0D9
:101D50005DFC06D800200F49087002E001200D4903
:101D600008700C480078012803D100200849087049
:101D700002E0012006490870022C07D109480078CA
:101D800008B9012000E000200649087010BD0000DD
:101D9000F400002005000020000020C118000020F1
:101DA000000020410600002008B50121042000F0B9
:101DB00025FC1020ADF800008DF8030003208DF8FD
:101DC000020069460348FFF78FFB10210148FFF727
:101DD00018FC08BD0008014018B90021094A11602B
:101DE0000FE009490968491C074A1160814208D17E
:101DF00004490968C943054AC2F890110021024A02
:101E000011607047900121426C00002000002142C7
:101E100010B5022000F010F8032000F021F8002097
:101E200000F014F8002000F037F8002000F02BF844
:101E3000002000F01FF810BD38B50446032302222D
:101E40006B21D0200094FFF796FE38BD38B50446CC
:101E5000022304221C21D0200094FFF78CFE38BD01
:101E600038B50446022304221B21D0200094FFF73A
:101E700082FE38BD10B50446234601223721D0200A
:101E8000FFF759FE10BD10B50446234605226A210E
:101E9000D020FFF750FE10BD10B5044623460622A1
:101EA0006B21D020FFF747FE10BD00BFFEE700000A
:101EB0001FB50121084600F0A1FB0121082000F018
:101EC0009DFB4FF48050ADF8000048208DF80300D2
:101ED00069461248FFF708FB0C210120FFF7E4FADE
:101EE0004FF48050029000208DF80C000C208DF8EB
:101EF0000D0001208DF80E0002A8FFF725FA28201A
:101F00008DF8040002208DF8050001208DF80600F0
:101F10008DF8070001A800F0A5F81FBD000C0140D6
:101F200008B50121042000F069FB4FF40060ADF812
:101F3000000010208DF8030003208DF80200694690
:101F40000448FFF7D1FA4FF400610248FFF757FB4E
:101F500008BD00000008014030B589B005460C46B8
:101F6000FFF7DEFF0121042000F038FB01210820EB
:101F700000F044FB4FF47070ADF8200018208DF88D
:101F8000230003208DF8220008A93348FFF7ACFA9C
:101F9000ADF81850ADF814400020ADF81600ADF8BB
:101FA0001A0005A92D4801F0D7F96020ADF804000A
:101FB0000120ADF806000020ADF80A00ADF80C00D5
:101FC00001A9264801F040F86020ADF80400012086
:101FD000ADF806000020ADF80A00ADF80C0001A92C
:101FE0001E4801F087F86020ADF804000120ADF82C
:101FF00006000020ADF80A00ADF80C0001A9174852
:1020000001F0D8F86020ADF804000120ADF806001A
:102010000020ADF80A00ADF80C0001A90F4801F04E
:1020200023F908210D4801F05BF808210B4801F065
:10203000B3F80821094801F00DF90821074801F01B
:1020400051F90121054800F037FF0121034800F054
:1020500045FF09B030BD0000000C01400008004001
:102060007047000070B5002100230F22C47804B32C
:10207000154C246804F4E064C4F5E064210AC1F15D
:102080000403CA40447804FA03F1847814402143DD
:1020900009010E4C0678A155047804F01F050124AF
:1020A000AC4005786D11AD0005F1E025C5F80041A3
:1020B00009E0047804F01F050124AC40044D0678C3
:1020C000761145F8264070BD0CED00E000E400E01C
:1020D00080E100E002490143024A116070470000BC
:1020E0000000FA050CED00E030B500240CE00025FE
:1020F00006E00020074901EBC5010855681CC5B280
:10210000802DF6DB601CC4B2082CF0DB00F0E2F896
:1021100030BD00006C010020F0B5144600267F2879
:1021200001DC3F2900DDF0BD0B46CF1701EB5777EF
:10213000FF10C7F10707FAB2CF1701EB5777FF106F
:10214000A1EBC707FDB2C5F107070123BB40DEB213
:102150004CB10A4B03EBC0039B5C3343074F07EBC7
:10216000C007BB5408E0054B03EBC0039B5CB343C3
:10217000024F07EBC007BB5400BFD4E76C0100203F
:1021800008B50121082000F039FA3820ADF8000028
:1021900010208DF8030002208DF80200694649489E
:1021A000FFF7A2F90121042000F028FA4FF40040C3
:1021B000ADF8000002208DF8020010208DF8030019
:1021C00069464148FFF790F9012000F095F9002099
:1021D00000F09EFA0020FEF7BFFC002000F08CF912
:1021E00000203A490860642002F036F8012038499E
:1021F000C1F88C010021AE2000F052F90021D52059
:1022000000F04EF90021502000F04AF90021A820EA
:1022100000F046F900213F2000F042F90021D320D0
:1022200000F03EF90021084600F03AF90021402074
:1022300000F036F900218D2000F032F90021142041
:1022400000F02EF90021202000F02AF900210220C0
:1022500000F026F90021A12000F022F90021C02081
:1022600000F01EF90021DA2000F01AF900211220F6
:1022700000F016F90021812000F012F90021EF2072
:1022800000F00EF90021D92000F00AF90021F12018
:1022900000F006F90021DB2000F002F900213020D7
:1022A00000F0FEF80021A42000F0FAF80021A6209A
:1022B00000F0F6F80021AF2000F0F2F8FFF714FF6D
:1022C00008BD0000000C0140000801408C81214243
:1022D0000080214230B500241CE004F1B001C8B2F6
:1022E000002100F0DDF80021084600F0D9F80021B7
:1022F000102000F0D5F8002508E0084901EBC501E1
:10230000085D012100F0CCF8681CC5B2802DF4DB1B
:10231000601CC4B2082CE0DB30BD00006C01002062
:102320002DE9F04F80460C4615461E46A346A5F102
:102330002000C5B200273EE00C2E07D105EB45007A
:102340001F4901EB800010F8079004E01D4800EBE6
:10235000051010F807904FF0000A26E009F0800001
:1023600028B121464046099AFFF7D6FE09E00998B0
:1023700008B9012000E00020024621464046FFF750
:10238000CBFE4FEA49604FEA1069601CC4B2A4EB6F
:102390000B00B04205D15C4608F1010000F0FF08D7
:1023A00006E00AF1010000F0FF0ABAF1080FD5DBE0
:1023B00000BF781CC7B2B742BEDBBDE8F08F00009B
:1023C000608A0008D48E00082DE9FF4F81B00746CF
:1023D00091461E460E9D4FF0000A002439E0301B46
:1023E000401EC1B20A2004F052F9B9FBF0F00A21F4
:1023F000B0FBF1F201FB1208BAF1000F16D1701E0A
:10240000A04213DDB8F1000F0ED10120AB4605EB61
:10241000DB71491001FB04710090C8B22B462022E9
:102420000299FFF77DFF12E04FF0010A0120AB4651
:1024300005EBDB71491001FB04710090C8B208F193
:102440003001CAB22B460299FFF76AFF00BF601C39
:10245000C4B2B442C3DB05B0BDE8F08F78B5054621
:102460000E46144618E07A2D03DD002506F1100013
:10247000C6B23A2E04DD002005460646FFF734FEBC
:102480000120009022780C2331462846FFF748FFB0
:1024900005F10800C5B2641C20780028E3D178BD9E
:1024A00010B50A461AB10123114C236002E0002343
:1024B0000F4C2360002114E000230E4C236000F039
:1024C00080031BB10123241F236003E00023094C78
:1024D000241F23600123074C23604306180E4B1C66
:1024E000D9B20829E8DB0123014C236010BD0000AC
:1024F000BC012142948121420149086270470000D9
:1025000000000E427047000070B505460C461E489C
:102510000078F0B91D491E48006806F0B3F9064678
:10252000294606F073F814D218491948006805F0D6
:10253000A1FE0646294606F069F90AD2022C08DAFD
:1025400014F1020F05DD13480078012801D10E496E
:1025500008700D480078012813D10F480078401CFE
:10256000C0B20D490870322803DD0020087006490A
:10257000087014F1080F04DA0020034908700120E4
:1025800070BD0020FCE70000F500002000002041A5
:102590002C00002005000020F600002041F6F42069
:1025A000074909684242914202DA4142044A1160F5
:1025B00003490968814201DD014908607047000054
:1025C0000C00002001460020034A506820F44040DF
:1025D00008435060704700000010024029B1064ACD
:1025E000D2690243044BDA6104E0034AD2698243B0
:1025F000014BDA61704700000010024029B1064A21
:1026000092690243044B9A6104E0034A926982434F
:10261000014B9A61704700000010024029B1064A40
:10262000D2680243044BDA6004E0034AD268824372
:10263000014BDA60704700000010024030B5002105
:102640000022002400232D4D6D6805F00C0121B1FE
:10265000042905D0082923D105E0294D056022E091
:10266000274D05601FE0254D6D6805F47012234D60
:102670006D6805F48034022505EB92421CB9214DAA
:10268000554305600BE01D4D6D6805F400351DB127
:102690001C4D5543056002E0194D5543056002E0AD
:1026A000174D056000BF00BF144D6D6805F0F001C7
:1026B0000909154D6B5C0568DD4045600F4D6D687F
:1026C00005F4E061090A104D6B5C4568DD408560EA
:1026D0000A4D6D6805F46051C90A0B4D6B5C456885
:1026E000DD40C560054D6D6805F44041890B074D1F
:1026F0006B5CC568B5FBF3F5056130BD00100240A9
:1027000000127A0000093D004C0000205C0000200F
:1027100000210B4A11700A4A203A82F82010012841
:1027200002D0042808D103E00121054A117004E019
:102730000521034A117000E000BF00BF7047000090
:10274000201002402DE9F04F8FB00CA889490DAB45
:1027500008AACDE900108849884801F04BFF854858
:10276000008800F4807000287ED0089805F022FFD1
:1027700004464FF09D4105F0EBFD81490860099842
:1027800005F018FF04464FF09D4105F0E1FD7D493D
:1027900008600A9805F00EFF04464FF09D4105F0D1
:1027A000D7FD794908600B9805F004FF04464FF007
:1027B0009D4105F0CDFD75490860714801684FF0F5
:1027C000804005F057FF06906F480168069805F0B5
:1027D00051FF82466B4801684FF0404005F04AFFC8
:1027E00006906A480168069805F044FF8346514602
:1027F00005F040FD079005F011FD804601F068F9F5
:1028000006464FF06632624B05F0F8F9044604F0D4
:1028100019FF604908605C4801684FF0804005F08E
:1028200029FF039058480168039805F023FF82466A
:10283000544801684FF0404005F01CFF0390514898
:102840000168039805F016FF8346514606F01AF812
:1028500081464FF07E5105F00DFD044605F0DEFC8B
:10286000CDE90401464800E081E001684FF0804076
:1028700005F000FF834643480168584605F0FAFE1C
:102880008146414801684FF0804005F0F3FE8346E1
:102890003E480168584605F0EDFE8246494605F07F
:1028A000E9FC044605F0BAFC0746DDE9042301F023
:1028B00057FB4FF06632364BCDE9060105F09EF925
:1028C000054604F0BFFE34490860304801680068DE
:1028D00005F0D0FE03902C480168006805F0CAFEA0
:1028E000029028480168006805F0C4FE8346244829
:1028F0000168006805F0BEFE5946019005F0BAFC7B
:102900008246029905F0BEFF8146039905F0BAFFA1
:10291000044605F083FCCDE904011C480168184811
:10292000006805F0A7FE8246174801681548006850
:1029300005F0A0FE8346514605F09CFC81464FF011
:10294000804105F097FE044605F068FC0746DDE986
:10295000042301F005FB4FF066320D4BCDE9060173
:1029600005F04CF9054604F06DFE0C4908600FB007
:10297000BDE8F08F300100202A0100202401002052
:102980004001002044010020480100204C010020AB
:1029900066A64C4034010020380100203C01002094
:1029A0000146022904D003290BD0042917D10FE0D6
:1029B0004FF08042928C10B200224FF080439A84F4
:1029C0000FE0094A128810B20022074B1A8008E073
:1029D000064A128810B20022044B1A8001E000203F
:1029E00000BF00BF704700002404004024080040DE
:1029F0007047000030B589B005460C46012140F60D
:102A00000400FFF7FBFD4FF40060ADF82000182034
:102A10008DF8230003208DF8220008A91A48FEF73C
:102A200063FDADF81850ADF814400120ADF81A0060
:102A30000020ADF8160005A9144800F08DFC6020B8
:102A4000ADF804000120ADF806000020ADF80A0042
:102A5000ADF80C004FF40070ADF8120001A90B485E
:102A600000F002FC0821094800F03CFC0121074865
:102A700000F040FA0121054800F01EFA0121034848
:102A800000F02CFA09B030BD00080140002C0140D4
:102A900010B500F001F810BD0CB5002001900090B9
:102AA0003348006840F480303149086000BF304846
:102AB000006800F4003000900198401C01900098DC
:102AC00018B90198B0F5A06FF1D12948006800F459
:102AD000003010B10120009001E00020009000982B
:102AE000012843D12348006840F0100021490860C4
:102AF0000846006820F0030008600846006840F0BF
:102B0000020008601A484068194948600846406851
:102B100048600846406840F4806048600846406865
:102B200020F47C1048600846406840F4E810486093
:102B30000846006840F08070086000BF0C480068DC
:102B400000F000700028F9D00948406820F0030028
:102B5000074948600846406840F00200486000BFEE
:102B60000348406800F00C000828F9D10CBD0000B3
:102B70000010024000200240002808DD4FF4E1511F
:102B80000B4A1180C0F5E151121F118008E04FF48B
:102B9000E151074A121F118000F5E151121D118009
:102BA00004490988044A12881144044A1180704774
:102BB000380800401000002034000020402C014064
:102BC000042808D14FF0E021096941F004014FF0D9
:102BD000E022116107E04FF0E021096921F00401D2
:102BE0004FF0E022116170477047000010B51348A4
:102BF000006840F00100114908600846406810492B
:102C000008400E494860084600680E4908400B49D4
:102C100008600846006820F4802008600846406884
:102C200020F4FE0048604FF41F008860FFF730FF7B
:102C30004FF000600449086010BD00000010024021
:102C40000000FFF8FFFFF6FE08ED00E0F0B50C46CF
:102C5000154600220021068C4FF6FE773E40068482
:102C6000028B018C4FF60C7632407E1C06EA03166E
:102C70002E433243104EB0420ED0104EB0420BD015
:102C8000B0F1804F08D00E4EB04205D00D4EB0428C
:102C900002D00D4EB04206D14FF6FD76314044F0E1
:102CA0000106314305E04FF6F576314044F0010668
:102CB000314302830184F0BD002C01400034014007
:102CC0000004004000080040000C0040F0B50C4635
:102CD0001546002200210026078C4FF6EF7C07EAFC
:102CE0000C070784028B018C4FF6FF7707EA041666
:102CF00040F6FF473A404FF6FF7707EA03373A437B
:102D00004FF6FF7707EA05273A43114FB8420ED036
:102D1000104FB8420BD0B0F1804F08D00E4FB842E0
:102D200005D00E4FB84202D00D4FB84206D14FF633
:102D3000DF77394046F01007394305E04FF65F77FB
:102D4000394044F01007394302830184F0BD00008C
:102D5000002C014000340140000400400008004005
:102D6000000C0040F0B50C4615460022002100265C
:102D7000078C4FF6FF6C07EA0C070784828B018CE7
:102D80004FF6FF7707EA04264FF60C773A404FF6E6
:102D9000FF7707EA03172F433A43114FB8420ED08B
:102DA000104FB8420BD0B0F1804F08D00E4FB84250
:102DB00005D00E4FB84202D00D4FB84206D14FF6A3
:102DC000FF57394046F48077394305E04FF2FF570B
:102DD000394044F48077394382830184F0BD000098
:102DE000002C014000340140000400400008004075
:102DF000000C0040F0B50C461546002200210026CC
:102E0000078C4EF6FF7C07EA0C070784828B018C47
:102E10004FF6FF7707EA043640F6FF473A404FF691
:102E2000FF7707EA05273A434FF6FF7707EA0337AC
:102E30003A43114FB8420ED0104FB8420BD0B0F108
:102E4000804F08D00E4FB84205D00E4FB84202D086
:102E50000D4FB84206D14DF6FF77394046F4805702
:102E6000394305E047F6FF57394044F4805739436A
:102E700082830184F0BD0000002C01400034014039
:102E80000004004000080040000C004010B5012183
:102E9000880700F05FF80121880700F01CF810BDDA
:102EA00010B50121034800F055F80121014800F058
:102EB00012F810BD0004004021B1028842F08002E7
:102EC000028004E002884FF67F731A400280704748
:102ED000CA4302827047CA430282704721B1028806
:102EE00042F00102028004E002884FF6FE731A40AD
:102EF0000280704731B1B0F8442042F40042A0F89B
:102F0000442005E0B0F84420C2F30E02A0F84420AB
:102F10007047F0B50C4615461E46002100220023DE
:102F20000189028B038C4FF6F877394021434FF625
:102F3000FC473A4040F201173A434FF6DD773B40F9
:102F40004FF6FF7707EA06172F433B4301810283C1
:102F50000384F0BD30B50246002000230024158A0A
:102F600005EA0103958905EA010413B10CB10120BA
:102F700000E0002030BD000070B505460C46244836
:102F800085420ED0234885420BD0B5F1804F08D042
:102F90002148854205D02148854202D020488542FB
:102FA00000D100E000BF208850B92389A288618841
:102FB0002846FFF74BFEE188284600F0A0F925E0FF
:102FC000208804280AD12389A28861882846FFF72F
:102FD0007DFEE188284600F09BF917E0208808284C
:102FE0000AD12389A28861882846FFF7BBFEE188C1
:102FF000284600F09AF909E02389A28861882846CA
:10300000FFF7F8FEE188284600F098F970BD00004F
:10301000002C014000340140000400400008004042
:10302000000C0040002101804180012181800021AD
:10303000C180018170471AB183890B43838102E00B
:1030400083898B438381704770B50024002200235D
:10305000058C4FF6FE7635400584028C8388048B00
:103060004FF68F752C40B51E2C400D882C43751ED5
:103070002A400D892A434D882A43144DA8420BD07B
:10308000134DA84208D0134DA84205D0124DA842B6
:1030900002D0124DA84213D14FF6F7752A404D8940
:1030A0002A434FF6FB752A408D882A434FF6FF6569
:1030B0002B404FF6FF552B408D892B43CD892B4359
:1030C00083800483CD888586028470BD002C0140F6
:1030D00000340140004001400044014000480140EC
:1030E0000A460021018B4FF6F77319401143018303
:1030F0007047000070B5002400220023058C4FF6B5
:10310000EF7635400584028C8388048B48F6FF7582
:103110002C404FF6FF452C400D884FF6FF7606EA0F
:1031200005252C434FF6DF752A400D8906EA051563
:103130002A434D8806EA05152A43154DA84202D0B8
:10314000144DA8421DD14FF67F752A404D894FF688
:10315000FF7606EA05152A434FF6BF752A408D888B
:1031600006EA05152A434FF6FF352B404FF2FF754F
:103170002B408D8906EA85052B43CD8906EA850516
:103180002B4383800483CD880587028470BD0000B3
:10319000002C0140003401400A460021018B4FF20F
:1031A000FF7319404FF6FF7303EA022319430183AB
:1031B0007047000070B5002400220023058C4FF6F4
:1031C000FF6635400584028C8388848B4FF68F75AB
:1031D0002C404FF6FC752C400D882C434FF6FF55C4
:1031E0002A400D894FF6FF7606EA05252A434D88C9
:1031F00006EA05252A43154DA84202D0144DA842DF
:103200001DD14FF2FF752A404D894FF6FF7606EA31
:1032100005252A434FF6FF352A408D8806EA052505
:103220002A434EF6FF752B404DF6FF752B408D89D6
:1032300006EA05152B43CD8906EA05152B43838045
:103240008483CD888587028470BD0000002C0140F6
:10325000003401400A460021818B4FF6F773194074
:10326000114381837047000070B5002200230024C1
:10327000058C4EF6FF7635400584038C8488828B5E
:1032800048F6FF752A404FF6FF452A400D884FF655
:10329000FF7606EA05252A434DF6FF752B400D897A
:1032A00006EA05352B434D8806EA05352B430B4DC1
:1032B000A84202D00A4DA84208D14BF6FF752C4017
:1032C0008D894FF6FF7606EA85152C43848082832C
:1032D000CD88A0F84050038470BD0000002C014050
:1032E000003401400A460021818B4FF2FF731940E0
:1032F0004FF6FF7303EA0223194381837047028B61
:103300004FF6F3731A400283028B0A43028370471D
:10331000028B4FF2FF331A400283028B4FF6FF738A
:1033200003EA01231A4302837047828B4FF6F3733B
:103330001A408283828B0A4382837047828B4FF2CA
:10334000FF331A408283828B4FF6FF7303EA012317
:103350001A43828370470000002202881D4B984266
:103360000ED01D4B98420BD0B0F1804F08D01B4BB4
:10337000984205D01A4B984202D01A4B984204D179
:103380004FF68F731A404B881A43174B984207D059
:10339000164B984204D04FF6FF431A40CB881A438D
:1033A00002808B8883850B8803850A4B98420BD05B
:1033B000094B984208D00E4B984205D00D4B9842CD
:1033C00002D00D4B984201D10B7A038601238382F0
:1033D00070470000002C0140003401400004004010
:1033E00000080040000C00400010004000140040A5
:1033F0000040014000440140004801404FF6FF7189
:10340000818000210180C1804180017270470000ED
:1034100070B506460D461349304605F0F7F812D34D
:103420001149304605F0F2F90DD310480078012813
:1034300009D040F2C620854205DB0D490D480068E1
:1034400005F0E4F80AD201240B48008800F2EE20CF
:103450000A49088001200549087000E00024204640
:1034600070BD0000000020C20000204205000020C6
:103470000000A0C13801002034000020402C014091
:103480002DE9FF5FB848008800F02000002875D0C3
:10349000B548001D0088B549086008460078B44961
:1034A0000870B24800680A283EDDB048006841282C
:1034B00005D10120AF4908700020AF490870AB4822
:1034C0000068452805D10120AB4908700020A949B2
:1034D0000870A6480068422807D0A448006843281E
:1034E00003D0A2480068442806D10020A3490870F0
:1034F0000120A349087017E09C480068462807D0BF
:103500009A480068472803D098480068482806D1A0
:1035100001209A49087000209949087004E00020B1
:103520009649087096490870904800680A283EDA63
:103530008E480068012804D18E49087000208E4909
:1035400008708A480068052805D101208A4908705A
:1035500000208849087085480068022807D0834801
:103560000068032803D081480068042807D10020A0
:103570008249087001208249087018E0AAE07B485F
:103580000068062807D079480068072803D07748E4
:103590000068082806D10120784908700020784981
:1035A000087004E00020754908707549087070487B
:1035B00000787B2802D10120724908706C4800789D
:1035C0007D2802D102206F4908706E4800780128DA
:1035D0000AD1674800786C496C4A127888546B4865
:1035E0000078401C6949087066480078022871D14B
:1035F0006648007804F0F6FF654908606248C078C4
:10360000502803D10120634908709EE05E48C078CD
:10361000572803D101206049087096E05A48407845
:103620002328F2D0594800785C49087034E05749A3
:1036300009785A4A1278881A04F079FA8046424684
:103640000B460020564903F0B5F904460D46534990
:103650000978491E4C4A515CA1F1300004F067FA28
:10366000064622462B4604F0C9FA82468B464D4850
:10367000006804F0D3FD52465B46CDE9000104F03A
:1036800013F8CDE9020103F0DDFF46490860434825
:103690000078401E41490870404800780428C6DA86
:1036A00039484078303809284ED2DFE800F0050C60
:1036B000141B3A424A4B4C003A48006804F03EFF63
:1036C0003949086040E03748006804F037FF37495F
:1036D000086039E046E03348006804F02FFF3449C1
:1036E000086031E000212F48006804F0F3FE02D1A9
:1036F00030482C49086030493048006804F0BAFF6F
:1037000005462C492748006805F0BCF806462946BE
:1037100005F0B8F80446284904F01AFE2849086064
:1037200012E025491F48006804F012FE2549086090
:103730000AE021491B48006804F00AFE224908609B
:1037400002E001E000E000BF00BF00200D4908706A
:103750000E490870114908701249086032210A4860
:10376000FCF74EFEBDE8FF9F0048004084000020AB
:103770008000002001000020020000200300002043
:1037800004000020880000206C0500208900002033
:10379000240000202A0000202B0000208A000020A6
:1037A000000024408C000020CC000020C800002035
:1037B000D00000200000C84200002041A0000020EE
:1037C00030000020A4000020A800002021B1828940
:1037D00042F40052828104E082894DF6FF731A4060
:1037E00082817047F0B503460024002600250020A2
:1037F00040F66A17B94200D100BF1846C1F342141F
:1038000001F01F06012707FA06F5012C01D10C3043
:1038100004E0022C01D1103000E014301AB1076826
:103820002F43076002E00768AF430760F0BD000068
:103830002DE9F04786B005460E460024A24600BF9B
:10384000A1460027B08900B100BF2F462C8A4CF654
:10385000FF700440F08804432C82AC894EF6F310CC
:103860000440B08831890843718908430443AC811E
:10387000AC8A4FF6FF400440B0890443AC8201A8F3
:10388000FEF7DCFE1F48874202D1DDF810A001E000
:10389000DDF80CA0A88900F4004040B10AEBCA0092
:1038A00000EB0A1031684900B0FBF1F807E00AEBC1
:1038B000CA0000EB0A1031688900B0FBF1F86420FF
:1038C000B8FBF0F004012009642101FB1089A889EC
:1038D00000F4004040B1322000EBC900B0FBF1F031
:1038E00000F00700044308E0322000EB09106421D7
:1038F000B0FBF1F000F00F0004432C8106B0BDE8EE
:10390000F08700000038014000BFFEE7490050EAA0
:10391000C12018BF04204A0D18BF40F0010040F23A
:10392000FF72B2EB515F08BF40F00200012808BFF0
:10393000052070472DE9F0414F1E00EBC7010446FA
:10394000D1E9000115461E4637F006020DD02A4681
:10395000334604F053F97F1E04EBC703D3E9002379
:1039600003F0A2FE37F00602F1D1022F25D0042F7A
:1039700013D0062F18BFBDE8F0812A46334604F065
:103980003DF9D4E90A2303F08FFE2A46334604F0BA
:1039900035F9D4E9082303F087FE2A46334604F0BC
:1039A0002DF9D4E9062303F07FFE2A46334604F0BE
:1039B00025F9D4E9042303F077FE2A46334604F0C0
:1039C0001DF9D4E9022303F06FFE2A46334604F0C2
:1039D00015F9D4E90023BDE8F04103F065BE00000D
:1039E000002213461046014903F01ABF0000F03FC1
:1039F000012204F0EEBF03F057BE0022134610462A
:103A0000114603F00DBF40F2013200204FF0E041BB
:103A100004F0DFBF024A0020110704F0DABF000003
:103A200001FDFFFF00BF70472DE9FE4F06460F4620
:103A30000025684601F058FA002442E056F82400B8
:103A400057F82410A0EB010ABAF1000F01DB514630
:103A500001E0CAF10001084604F0ACFD83464FF0D6
:103A60008F4104F075FC80465DF82400002104F0CD
:103A700031FD16D05DF82410404604F069FC824602
:103A80004FF07E5104F0FEFE814629F0004A0F48B7
:103A9000416A504604F0BAFE12D20120A04005430C
:103AA0000EE00A48C169404604F0B0FD05D307485E
:103AB000016A404604F0AAFE02D20120A04005435C
:103AC000641C032CBADB2846BDE8FE8FDCCD000861
:103AD0002DE9F04D8D4F21F0004A86B005460C4689
:103AE000BA452ADBAAEB070028430AD0884882455A
:103AF00001DC1AD1CDB106B02846BDE8F04DFFF784
:103B000077BF844A844B284604F078F807460E466F
:103B1000824A834B2846214604F070F806B03A46A4
:103B20003346BDE8F04D03F0BFBD0120FCF70AFDB0
:103B300006B0BDE8F04DFFF760BF7A48824542DA33
:103B4000BAF1795F0BDA2846FFF7E0FE042808BFD8
:103B5000FFF760FF284606B02146BDE8F08D2A46F3
:103B60000B46104604F04AF8834602466E480E465D
:103B70000B4606217844FFF7DDFE5A46334604F033
:103B80003DF8804669488A465A46334604217844BF
:103B9000FFF7D0FE5A46334604F030F800223B4689
:103BA00003F082FD02460B464046514603F038FEC4
:103BB0002A46234604F022F806B02A462346BDE8EA
:103BC000F04D03F071BD284624F0004100223D462F
:103BD0003B4604F047F94FF0FF3204F0FAFE064688
:103BE000024653480F460B4606217844FFF7A2FED3
:103BF00032463B4604F002F8CDE900014D4832461A
:103C00003B4604217844FFF795FE32463B4603F0DD
:103C1000F5FF00222B4603F047FD83460291304614
:103C2000394603F059FC804643480D46504517DCA1
:103C3000DDE900015A46029B03F0F2FD42462B46A5
:103C400003F0DCFF42462B4603F02EFD012204F078
:103C5000C0FE304A304B04F0F7F9304A304B4CE0AC
:103C60004FF0000A52460B46404603F01DFDCDE9D9
:103C7000031052462B461046194603F0BFFF32464A
:103C80003B4604F0EFF8DDE9033203F0C9FD0646D8
:103C90000F46DDE900015A46029B03F0C1FD834651
:103CA000009101223046394604F093FE194A1A4B1E
:103CB00004F0D8F806460F4601224046294604F093
:103CC00088FE5A46009B03F099FF32463B4604F0BB
:103CD000BBF906460F4601225046294604F079FEFC
:103CE0000E4DDFF858802A46434604F0BBF83246B2
:103CF0003B4604F0B7F82A46434604F0B3F8002CDC
:103D0000D8BF81F0004106B0BDE8F08D0000F03F63
:103D10000000F07F075C143326A6913C182D445414
:103D2000FB21F93F0000E03F889E00009E9E0000BE
:103D3000129E0000289E00003333EF3FFB21E93F35
:103D40002DE9F84F04460D4621F0004000917349DB
:103D5000814211DC7249884201DC06D12CB1204637
:103D60002946BDE8F84FFFF743BE6E48002DCCBF93
:103D70006D496E49BDE8F88F6D49814211DD6D498D
:103D80008142D8BF4FF0FF366DDD20462946FFF750
:103D9000BDFD042808BFFFF73DFE20462946BDE8CB
:103DA000F88F6549654F25F00045814233DD644950
:103DB000814219DD002632464FF0804320462946D5
:103DC00003F072FC80468A4601222046294604F010
:103DD00000FE00223B4604F037F94246534603F00A
:103DE0001FFD04460D463EE001260022BA463B4632
:103DF0002046294603F058FC80460F4600225346D1
:103E00002046294604F020F942463B4603F008FDCF
:103E100004460D4627E04B4981421BDDDFF828A10F
:103E20000226002253462046294603F0E7FE0022E0
:103E30003B4603F039FC80460F460022534620469D
:103E4000294604F001F942463B4603F0E9FC0446EA
:103E50000D4608E0032622462B4600203B4903F08E
:103E6000DFFC04460D4622462B461046194603F059
:103E7000C5FE8B46824602460B4603F0BFFE074650
:103E80000246334888460B4606217844FFF752FD28
:103E900052465B4603F0B2FE82462E488B463A46B7
:103EA000434605217844FFF745FD3A46434603F073
:103EB000A5FE02460B46002E504659460CDA03F08A
:103EC000F3FB22462B4603F099FE01B022462B4617
:103ED000BDE8F04F03F0C6BF03F0E6FB22462B46D9
:103EE00003F08CFE1C4A7A4402EBC603D3E900239C
:103EF00004F0AAF822462B4604F0A6F8174A7A44A2
:103F000002EBC603D3E9002303F0ACFF009A002ABA
:103F1000B8BF81F00041BDE8F88F000000001044F8
:103F20000000F07F182D4454FB21F93FFB21F9BF1D
:103F30000000DC3F0000203E0000F33F0000F03FA7
:103F40000000E63F008003400000F83F0000F0BFA3
:103F5000B29C0000709C00000E9C0000D69B0000EC
:103F60002DE9F04D9446CCF1000423F000464CEAD4
:103F70000404524F46EAD4749A46884621F000421F
:103F8000BC4206D8454240EA050442EAD474BC4229
:103F900004D9BDE8F04D6246FFF72DBDAAF14055AA
:103FA000A5F17F6555EA0C040BD0022404EAAA743B
:103FB000434DDFF810E144EAD87452EA000B04D014
:103FC0000CE0BDE8F04DFFF7BBBE002C14BF012C88
:103FD000BDE8F08D022C30D0032C32D056EA0C0B09
:103FE0000AD0BE4220D1BA4209D126F0804622F042
:103FF00080423346114617E000291ADB25E0DFF83E
:10400000C8B0FB44002C04BFDBE90001BDE8F08D23
:10401000012C02BFDBE9000181F00041BDE8F08D19
:10402000022C0AD0032C0CD0BA4212D1B8F1000FE6
:104030000BDA23482549BDE8F08D28462449BDE820
:10404000F08D28467146BDE8F08D1D482149BDE838
:10405000F08D921B12153C2AC4BF19481D490EDC75
:10406000BAF1000FBEBF12F13C0F0020014606DB83
:10407000624603F0D5FB21F00041FFF761FE002C02
:1040800008BFBDE8F08D012C04BF81F00041BDE800
:10409000F08D114A114B022C07D003F0D5FF2A46B0
:1040A000BDE8F04D0A4B03F0CFBF03F0CDFF2A4629
:1040B000BDE8F04D064B03F0D5BE00000000F07FD8
:1040C000182D4454FB2109C06A9B0000FB21F9BF55
:1040D000FB210940FB21F93F075C143326A6A13CD4
:1040E00001462D48006828B92C480088401C2B4AFE
:1040F000108002E00020294A10802748006828B973
:104100002748007810B90120254A1070254800780A
:10411000B0B923480078012807D123480078401C13
:10412000214A107001201F4A10701F480078022891
:1041300006D100201C4A10701C4A108002207047D3
:1041400015480068012804D10020154A1070154A4E
:1041500010701548007801281CD114480088401CB4
:10416000124A10801046008888420ADD0B480088F9
:10417000884206DA00200C4A10700C4A1080012098
:10418000DDE706480088884204DD0020064A1070FA
:10419000064A10800020D2E7140121427600002058
:1041A00070000020710000207200002074000020C8
:1041B0002DE9F0410446E07800F0C006E07800F018
:1041C0003F05607800F0010098B1EF102846E9172C
:1041D00005EB5171C910A5EBC101491C01F0FF08A5
:1041E0000B48006820B10A484146026838469047AB
:1041F00000BF607800F0080030B10548406818B191
:10420000B011034A516888470020BDE8F0810000E2
:10421000A005002010B56FF00400FEF7D1FC0A489D
:1042200000680A49B0FBF1F00949087008460078B7
:1042300000EB4001C1EBC0104FF6FF7101EAC00076
:104240000449088010BD00003800002000127A00E8
:1042500060000020620000200146114A12884A4393
:104260004FF0E0235A6100229A611A46126942F027
:1042700001021A6100BF4FF0E022106900F0010254
:104280001AB100F48032002AF5D04FF0E022126912
:1042900022F001024FF0E0231A6100229A61704778
:1042A000620000200146114A12784A434FF0E02391
:1042B0005A6100229A611A46126942F001021A619B
:1042C00000BF4FF0E022106900F001021AB100F4C3
:1042D0008032002AF5D04FF0E022126922F001026C
:1042E0004FF0E0231A6100229A61704760000020BD
:1042F00038B5044664B120208DF8000028208DF8E0
:10430000010030208DF8020038208DF8030004E011
:10431000A32204216846FCF76BF86A46042140F6A4
:104320009E2002F073F901F063FD38BD3EB50446EE
:1043300002208DF80000CA208DF80100E3208DF8DE
:10434000020009208DF803006A460421682002F06B
:104350005DF9A3208DF8000004F0400048B1C020B2
:104360008DF80100C8208DF80200C2208DF80300EE
:1043700006E0A3208DF801008DF802008DF80300FF
:1043800004F4C07048B1C4208DF80400CC208DF82E
:104390000500C6208DF8060006E0A3208DF8040075
:1043A0008DF805008DF80600A3208DF807008DF824
:1043B00008008DF809006A460A2140F6A72002F09D
:1043C00025F904F0030018B120208DF8000002E068
:1043D000D8208DF800006A46012140F6B62002F090
:1043E00015F904F0200018B1012000F0ADF802E04A
:1043F000002000F0A9F804F4C07008B304F4807041
:1044000060B1B2208DF800008B208DF80100B6203D
:104410008DF802009B208DF803000BE0B0208DF892
:10442000000080208DF80100B4208DF8020090205B
:104430008DF803006A46042140F6A22002F0E6F857
:1044400004F0010020B3F8208DF800006A46012135
:104450004FF40B6002F0DAF8FA21072000F02CFC90
:10446000072000F0F3FB012000F013FC642000F0B3
:10447000F3FC4FF4FA7000F002FDC821304800F060
:10448000A3FB282000F0BCFB0A2000F0CCFB08E0D6
:10449000D8208DF800006A4601214FF40B6002F02D
:1044A000B5F804F0020018B1D9208DF8000002E040
:1044B000D8208DF800006A46012140F23D7002F0DC
:1044C000A5F804F0040018B1012000F069F802E03A
:1044D000002000F065F804F0100018B10120FFF78B
:1044E00007FF02E00020FFF703FF44F00800154932
:1044F000488101F07DFC00201249887304F04000DF
:1045000018B10846807B801D887304F4C07020B108
:104510000C48807B801D0B49887304F0140020B187
:104520000848807B10300749887304F0030020B1ED
:104530000448807B001D0349887300203EBD0000B5
:1045400009E3CA02A00500203EB504466CB10EA1E5
:10455000D1E900208968CDE9002002916A4609214D
:104560004FF4976002F052F83EBD0AA2D2E9001063
:104570009268CDE9010200916A4609214FF49760E3
:1045800002F044F8F0E70000B8AAB38DB4980D35F6
:104590005D000000B8AAAAAAB088C3C5C700000081
:1045A00038B5044664B1C0208DF80000C2208DF8F3
:1045B0000100C4208DF80200C6208DF8030004E03D
:1045C0008B2204216846FBF713FF6A46042140F65C
:1045D000982002F01BF801F00BFC38BD10B5C82381
:1045E0004FF48062024940F6F63001F095FA10BDB2
:1045F00004CE00082DE9F04F8DB0074688461546D9
:104600009946DDE9166B0024002030806B49887BD9
:104610005A4605A901F04CFB18B1601E0DB0BDE86B
:10462000F08F6648807A00F01400002867D09DF86B
:10463000140000069DF8151040EA01409DF8161080
:1046400040EA01209DF81710084328609DF81800E3
:1046500000069DF8191040EA01409DF81A1040EA42
:1046600001209DF81B10084368609DF81C0000069F
:104670009DF81D1040EA01409DF81E1040EA0120FF
:104680009DF81F100843A8609DF8200000069DF8C3
:10469000211040EA01409DF8221040EA01209DF8D7
:1046A00023100843E86004F11000C4B22868001425
:1046B0000190686800140290A86800140390E868EC
:1046C0000014049001984043029901FB01000399F2
:1046D00001FB0100049901FB010ABAF1706F02DBD2
:1046E000BAF1885F05DD01F083FB00203080401EB9
:1046F00094E7B6F9000040F48070308000BF2F4886
:10470000807A00F0400020B305A9601C085C095DB8
:1047100040EA012000B2A8F8000005A9E01C095CED
:1047200005AAA01C105C41EA002000B2A8F8020013
:1047300005A9601D095C201D105C41EA002000B243
:10474000A8F80400A01DC4B2B6F9000040F00800AB
:1047500030801A48408900F4C07008B305A9601C75
:10476000085C095D40EA012000B2388005A9E01C20
:10477000095C05AAA01C105C41EA002000B2788008
:1047800005A9601D095C201D105C41EA002000B2F3
:10479000B880A01DC4B2B6F9000040F070003080AF
:1047A0000648807A00F0030018B105A90819FFF740
:1047B000FFFC484601F06AFF00202FE7A00500201B
:1047C00070B588B0064601A800F0FAFFBDF80400F5
:1047D0000021C90341EA5045C4034448007A00F06F
:1047E000030056F8200005904048007A00F00400CD
:1047F00010B10598404205903C48007AC0F3C100D2
:1048000056F8200006903948007A00F0200010B1D8
:104810000698404206903548007AC0F3811056F859
:10482000200007903148008900F4807010B107988B
:10483000404207900598C117A0FB042301FB0431F7
:1048400000FB0510810041EA927005900698C1179F
:10485000A0FB042301FB043100FB0510810041EAA9
:10486000927006900798C117A0FB042301FB043146
:1048700000FB0510810041EA927007900598000E38
:104880008DF808000598000C8DF809000598000ABD
:104890008DF80A000598C0B28DF80B000698000E3E
:1048A0008DF80C000698000C8DF80D000698000A93
:1048B0008DF80E000698C0B28DF80F000798000E14
:1048C0008DF810000798000C8DF811000798000A69
:1048D0008DF812000798C0B28DF8130002AA0C21BF
:1048E0004FF4257001F092FE08B070BDA0050020C5
:1048F00030B585B0044616A207CA02AB07C3C82C60
:1049000003DD4FF0FF3005B030BDC82090FBF4F060
:10491000401E85B2280A8DF80000E8B28DF801002B
:104920006A46022140F2162001F070FE10B14FF0ED
:10493000FF30E8E702AA0C2140F6C12001F066FE34
:1049400010B14FF0FF30DEE7044884810020DAE741
:10495000FEF2ABC4AAF1DFDFBBAFDFDFA0050020B2
:104960001FB504464848007A00F0030054F82000C0
:1049700001904548007A00F0040010B101984042CF
:1049800001904148007AC0F3C10054F82000029021
:104990003D48007A00F0200010B102984042029099
:1049A0003948007AC0F3811054F82000039036484B
:1049B000008900F4807010B103984042039033499D
:1049C000019880FB0101800F40EA810001902F498E
:1049D000029880FB0110820042EA917002902B49FC
:1049E000039880FB0110820042EA917003900198C5
:1049F000000E8DF800000198000C8DF80100019860
:104A0000000A8DF802000198C0B28DF803006A46D2
:104A100004214FF4747001F0F9FD18B14FF0FF302C
:104A200004B010BD0298000E8DF800000298000C32
:104A30008DF801000298000A8DF802000298C0B2B9
:104A40008DF803006A4604214FF4757001F0DEFD15
:104A500010B14FF0FF30E3E70398000E8DF800002F
:104A60000398000C8DF801000398000A8DF80200ED
:104A70000398C0B28DF803006A4604214FF47670A3
:104A800001F0C4FDCCE70000A005002009E3CA0244
:104A900010B586B0044647A00068039046A00068A1
:104AA000029046A00068019045A00068009004F0C4
:104AB000030003A9085C8DF8140003A8C4F3C10126
:104AC000405C8DF8150003A8C4F38111405C8DF89B
:104AD000160004F0030002A9085C8DF8100002A87B
:104AE000C4F3C101405C8DF8110002A8C4F3811128
:104AF000405C8DF8120005AA032140F2264001F027
:104B000085FD18B14FF0FF3006B010BD04AA032197
:104B100040F22A4001F07AFD10B14FF0FF30F3E788
:104B2000019805900098049004F0040058B19DF895
:104B3000140040F001008DF814009DF8100040F0C2
:104B400001008DF8100004F0200058B19DF8150008
:104B500040F001008DF815009DF8110040F00100B3
:104B60008DF8110004F4807058B19DF8160040F0E3
:104B700001008DF816009DF8120040F001008DF83C
:104B8000120005AA03214FF4886001F03FFD10B127
:104B90004FF0FF30B8E704AA032140F2314001F0A2
:104BA00035FD10B14FF0FF30AEE70648048100201C
:104BB000AAE700004CCD6C000CC92C0036567600DC
:104BC00026466600A0050020F8B505460E464FF4BF
:104BD0007A7095FBF0F000FB06F4200E8DF80000D3
:104BE000200C8DF80100200A8DF80200E0B28DF84B
:104BF00003006A4604214FF4AE7001F007FDF8BDD2
:104C000038B50446052094FBF0F084B220128DF8EC
:104C10000000E0B28DF801006A4602214FF4AD7049
:104C200001F0F4FC38BD38B50446052094FBF0F0E3
:104C300084B220128DF80000E0B28DF801006A46BF
:104C400002214FF4AC7001F0E1FC38BD38B50446E8
:104C50000020009004F0010020B19DF8000040F019
:104C60003000009004F0020020B19DF8000040F0F8
:104C70000C00009004F0040020B19DF8000040F00A
:104C8000030000906A4601214FF4A47001F0BEFCBD
:104C900038BD38B50446012C01DA012402E0042CA9
:104CA00000DD0424601EC0B200906A46012140F27B
:104CB0004F1001F0ABFC38BD2DE9FC4706460F460E
:104CC00006F0070010B1B7F5C86F03DD4FF0FF30F5
:104CD000BDE8FC87384603F085FC8146594903F05E
:104CE00037FB8046684600F045FD9DF8000002282D
:104CF00006D0042816D0082826D0102848D135E040
:104D00004FF08D41404603F0B5FC814603F032FC84
:104D100084B24D49404603F0ADFC814603F02AFCC5
:104D200085B238E04FF08C41404603F0A3FC814649
:104D300003F020FC84B24549404603F09BFC8146C9
:104D400003F018FC85B226E04FF08B41404603F09B
:104D500091FC814603F00EFC84B23D49404603F0CD
:104D600089FC814603F006FC85B214E04FF08A41CD
:104D7000404603F07FFC814603F0FCFB84B23549DA
:104D8000404603F077FC814603F0F4FB85B202E075
:104D90004FF0FF309CE700BF20128DF80400E0B216
:104DA0008DF8050028128DF80600E8B28DF807008E
:104DB00006F00100A0B101AA02214FF4EA7001F04F
:104DC00025FC10B14FF0FF3082E70DF10602022101
:104DD0004FF4927001F01AFC10B14FF0FF3077E7FA
:104DE00006F00200A0B101AA02214FF4EC7001F01C
:104DF0000DFC10B14FF0FF306AE70DF10602022101
:104E00004FF4947001F002FC10B14FF0FF305FE7F7
:104E100006F00400A0B101AA02214FF4EE7001F0E7
:104E2000F5FB10B14FF0FF3052E70DF10602022101
:104E30004FF4967001F0EAFB10B14FF0FF3047E7F6
:104E4000002045E700004843000040460000C04500
:104E5000000040450000C04438B50446052094FBDE
:104E6000F0F085B228128DF80000E8B28DF801004C
:104E70006A4602214FF4EF7001F0C8FB38BD38B527
:104E80000446052094FBF0F085B228128DF800004E
:104E9000E8B28DF801006A4602214FF4ED7001F08E
:104EA000B5FB38BD0D4A12785AB900BF0C4A1288BA
:104EB00002F04002002AF9D0C2B2094B1B1D1A8031
:104EC0000AE000BF074A128802F04002002AF9D027
:104ED000C2B2044B1B1D1A80704700000600002060
:104EE00000480040003801407CB505462849496823
:104EF000087801AB04220D2100F010FB08B1072057
:104F00007CBD9DF80700C0F301109DF8041001F06E
:104F1000E00140EAE1008DF800009DF80700C0F3D1
:104F200081009DF8051001F0E00140EAE1008DF8F4
:104F300001009DF8070000F003009DF8061001F045
:104F4000E00140EAE1008DF8020000241CE01DF8B9
:104F5000040018B9002045F8240013E00D4845F876
:104F6000240006E055F824000B4903F083FB45F8C4
:104F700024001DF80400401EC0B20DF804000028F3
:104F8000F0D100BF601CC4B2032CE0DB0020B7E707
:104F9000F80000207B14AE3E1D5A843F2DE9F04FEF
:104FA00087B005460C46914601208DF81000002080
:104FB0008DF81100FE4A1268917CFD4A5268107803
:104FC00004AB022200F0E5FA20B14FF0FF3007B049
:104FD000BDE8F08FC820FFF73FF900208DF81000E2
:104FE000F34A1268D17BF24A5268107804AB01226E
:104FF00000F0CFFA10B14FF0FF30E8E7EC4A12684A
:105000005179EB4A5268107804AB012200F0C1FAE2
:1050100010B14FF0FF30DAE7E54A1268917CE44ABC
:105020005268107804AB012200F0B3FA10B14FF0CF
:10503000FF30CCE7DE4A1268D17DDD4A5268107835
:1050400004AB012200F0A5FA10B14FF0FF30BEE72B
:10505000D74A12681179D64A5268107804AB0122F7
:1050600000F097FA10B14FF0FF30B0E70C208DF848
:105070001000CF4A12681179CD4A5268107804ABFB
:10508000012200F086FA10B14FF0FF309FE70F20A9
:10509000FFF7E2F8C648806A407A8DF81000C44AEB
:1050A00012689178C24A5268107804AB012200F06D
:1050B00070FA10B14FF0FF3089E7BD48806A007A7E
:1050C0008DF81000BA4A12685178B94A52681078BF
:1050D00004AB012200F05DFA10B14FF0FF3076E72B
:1050E000B9F1000F07D0B248806A807A40F0E00042
:1050F0008DF8100004E0AE48806A807A8DF81000C8
:10510000AB4A12689179AA4A5268107804AB01221E
:1051100000F03FFA10B14FF0FF3058E7B9F1000F3F
:1051200007D0A348806AC07A40F0E0008DF81000F4
:1051300003E0A048C07A8DF810009D4A1268D1792A
:105140009B4A5268107804AB012200F022FA10B199
:105150004FF0FF303BE7B9F1000F02D0C820FFF756
:105160007BF840208DF81000914A12681179904A1E
:105170005268107804AB012200F00BFA10B14FF026
:10518000FF3024E778208DF81000894A12685179A1
:10519000874A5268107804AB012200F0FAF910B186
:1051A0004FF0FF3013E783498889FFF755F8002057
:1051B0008DF810007E4A126851797D4A5268107845
:1051C00004AB012200F0E5F910B14FF0FF30FEE62C
:1051D000774A1268917A764A5268107804AB0222B4
:1051E00000F09CF910B14FF0FF30F0E69DF811008F
:1051F0009DF8101040EA012B0C209BFBF0F0C6B28A
:105200000020A86068602860A0606060206082461E
:1052100065E0674A1268D17A654A5268107804AB33
:105220000C2200F07BF910B14FF0FF30CFE69DF873
:1052300011009DF8101040EA012000B2ADF80800FE
:105240009DF813009DF8121040EA012000B2ADF85D
:105250000A009DF815009DF8141040EA012000B2E4
:10526000ADF80C00BDF90810206808442060BDF9B5
:105270000A10606808446060BDF90C10A06808441A
:10528000A0609DF817009DF8161040EA012000B2BA
:10529000ADF800009DF819009DF8181040EA0120B3
:1052A00000B2ADF802009DF81B009DF81A1040EA0C
:1052B000012000B2ADF80400BDF9001028680844D0
:1052C0002860BDF90210686808446860BDF90410E0
:1052D000A8680844A8600AF1010000F0FF0AB2457E
:1052E00097DB3448D0F800C02868C117090441EAA8
:1052F00010410704624600233846FAF7ACFF3246F5
:105300000023CDE90201FAF7A6FF28602948D0F86A
:1053100000C06868C117090441EA104107046246E9
:1053200000233846FAF797FF32460023CDE9020101
:10533000FAF791FF68601F48D0F800C0A868C1174D
:10534000090441EA10410704624600233846FAF78F
:1053500082FF32460023CDE90201FAF77CFFA86004
:105360001448D0F804C02168C817000440EA114866
:105370000F046246002338464146FAF76CFF324676
:105380000023CDE90201FAF766FF20600948D0F852
:1053900004C06068C117090441EA1041070462466D
:1053A00000233846FAF757FF3246002304E0000096
:1053B000F8000020DCCD0008CDE90201FAF74BFF30
:1053C00060601148D0F804C0A068C117090441EA20
:1053D00010410704624600233846FAF73CFF324684
:1053E0000023CDE90201FAF736FFA060A06800288B
:1053F00004DDA068A0F58030A06003E0A06800F59F
:105400008030A0600020E2E5DCCD00082DE9FC5FE3
:1054100006460F4600253D494968087801AB03223E
:105420000D2100F07BF810B10720BDE8FC9F9DF82E
:10543000040000F01F008DF804009DF8050000F046
:105440001F008DF805009DF8060000F01F008DF884
:105450000600002456E056F8240057F82410A0EB6C
:10546000010BBBF1000F01DB594601E0CBF100015C
:10547000084603F09FF84FF08F41009002F068FF5C
:10548000814601A8005D68B32149086803F0AAF8C5
:10549000834659461F4802F05BFF804604E01E49E0
:1054A000404603F0E7F8804601A8005D401EC0B208
:1054B00001A908550028F2D14146484602F048FFAC
:1054C00083464FF07E5103F0DDF982462AF0004B0F
:1054D0000F488169584603F099F912D20120A04083
:1054E00005430EE00A480169484603F08FF805D3EA
:1054F00007484169484603F089F902D20120A040DB
:105500000543641C032CA6DB28468EE7F800002028
:10551000DCCD000800B04C4554E3853F2DE9F04157
:1055200006460F4614461D46FCF76CFA10B90120DA
:10553000BDE8F0817106080EFCF730FAFCF7BAFA04
:1055400018B9FCF793FA0120F2E73846FCF726FA7F
:10555000FCF7B0FAFCF756FA012101EB4601C8B29C
:10556000FCF71CFAFCF7A6FA0DE0012C04D1002090
:10557000FCF7DCF9287003E00120FCF7D7F928706C
:105580006D1C601EC4B2002CEFD1FCF76FFA002036
:10559000CEE72DE9F04105460E4617469846FCF742
:1055A00031FA10B90120BDE8F0816906080EFCF758
:1055B000F5F9FCF77FFA18B9FCF758FA0120F2E781
:1055C0003046FCF7EBF9FCF775FA00240BE018F80D
:1055D0000400FCF7E3F9FCF76DFA18B9FCF746FA9A
:1055E0000020E0E7641CBC42F1DBFCF73FFA00203E
:1055F000D9E770B50546284600F00FF80446E81CC8
:1056000000F00BF844EAC00084B2A81D00F005F8D1
:1056100044EA801084B2204670BD014691F9002012
:10562000002A01DD00201EE091F90020002A01DAA5
:10563000042018E091F90120002A01DD012012E088
:1056400091F90120002A01DA05200CE091F90220ED
:10565000002A01DD022006E091F90220002A01DA89
:10566000062000E0072070474FF4A060FCF732FDF1
:10567000FEF7D0FD0220FCF729FB0120FCF726FBFA
:10568000FCF792FBFCF73AFBFCF77AFD4FF4FA309B
:1056900001F09CFF4FF4165001F044FF002141F649
:1056A0001F40FCF759FCFBF799FEFBF703FAFCF7E8
:1056B000E1F8FCF7ADFBFBF757FA902142F20F70CF
:1056C000FDF798F9FCF7F4FB14E00B48007820B9DB
:1056D000FBF71AF900F0E6FF01E0FBF755FB0120AC
:1056E0000649087000200649087000BF034800788A
:1056F0000028FBD1E9E70000060000202900002077
:105700002800002070B50446002624F00104184843
:1057100090F8240008B1002070BD1548807A10B9B7
:105720004FF0FF30F8E71248057C807A204010499E
:1057300008740846007CA04202D04FF0FF3600E01B
:10574000002614B90A48007D18B1012001F07CFE42
:1057500002E0002001F078FE3CB100F049FB20B1EE
:10576000034805744FF0FF30D6E73046D4E7000019
:10577000F800002001461148407A30B1012807D0D6
:10578000022808D003280CD108E0022008700BE0A2
:105790000420087008E00820087005E01020087058
:1057A00002E04FF0FF30704700BF0448C07C18B1E2
:1057B00008784006000E08700020F4E7F80000208A
:1057C00001461348407A30B1012808D002280AD097
:1057D000032810D10BE04FF4804008800EE041F622
:1057E0009C7008800AE04FF48050088006E04FF477
:1057F0000060088002E04FF0FF30704700BF0448AF
:10580000C07C10B10888401008800020F5E7000037
:10581000F800002001460248007C08700020704714
:10582000F800002001460F48007A30B1012807D067
:10583000022809D003280FD10AE0FA2008800EE0E0
:105840004FF4FA7008800AE04FF47A70088006E09E
:105850004FF4FA60088002E00020088000BF00BF1B
:1058600000207047F800002001460E48007A30B151
:10587000012807D0022808D003280CD108E00A48E4
:1058800008600BE00948086008E00948086005E086
:105890000848086002E04FF0FF30704700BF00206A
:1058A000FBE70000F80000200000034300008342F3
:1058B000333303423333834101461248C07A082808
:1058C00017D2DFE800F01704070A0D101318BC20E8
:1058D000088013E06220088010E02A2008800DE094
:1058E000142008800AE00A20088007E005200880CC
:1058F00004E000BF00BF0020088000BF00BF002000
:1059000070470000F80000200146064890F8240087
:1059100010B14FF0FF3070470248C0890880002066
:10592000F9E70000F80000201CB580208DF8000089
:10593000654A1268917C644A526810786B4601226D
:10594000FFF727FE10B14FF0FF301CBD6420FEF7BB
:1059500083FC00208DF800005B4A1268917C5A4A53
:10596000526810786B460122FFF713FE10B14FF01A
:10597000FF30EAE7544A1268917D534A5268107822
:105980006B460622FFF7CAFD10B14FF0FF30DCE78F
:105990009DF80500C007400F9DF8031001F00101BC
:1059A00040EA41009DF8011001F0010140EA0104C4
:1059B00094B1012C03D101214348C17431E0022C80
:1059C00003D100214048C1742BE021463FA0FAF7E3
:1059D00067FC4FF0FF30B8E73B4A1268D1783A4A8B
:1059E000526810786B460122FFF798FD10B14FF016
:1059F000FF30AAE79DF8000000F00F042CB93D48E5
:105A0000FAF74EFC4FF0FF309FE7042C06D13AA086
:105A1000FAF746FC01212C48C17402E000212A4813
:105A2000C174FF2128488172FF2027490872FF2195
:105A300025484172C1724FF6FF71C181FF21017487
:105A400081740121017380F82210002180F8231055
:105A5000417501751630016041608160163880F82B
:105A6000241080F82510C1844FF4FA6000F05CFC2B
:105A700010B14FF0FF3068E7022000F025FB10B1B5
:105A80004FF0FF3061E72A2000F0C8FC10B14FF062
:105A9000FF305AE7322000F003FD10B14FF0FF3025
:105AA00053E70020FFF72EFE10B14FF0FF304CE718
:105AB000002000F04BFB10B14FF0FF3045E7002015
:105AC00000F03CFD002040E7F8000020556E7375A3
:105AD00070706F7274656420736F6674776172653D
:105AE0002070726F64756374207265762025642E51
:105AF0000A00000078DB000848616C662073656E60
:105B00007369746976697479207061727420666F44
:105B1000756E642E0D0A00002DE9F04385B0054630
:105B20000E4690469946294890F8250020B14FF03E
:105B3000FF3005B0BDE8F08316B94FF0FF30F8E74D
:105B4000002423E0281B102801DD102000E0281B82
:105B500087B232193946204600F058FD10B14FF097
:105B6000FF30E6E701AA3946204600F001F910B1FE
:105B70004FF0FF30DDE730193A4601A9FAF70CFC87
:105B800010B16FF00100D4E7E01984B2AC42D9DB68
:105B90004FEA28208DF8000008F0FF008DF8010082
:105BA0000A4A1268917E094A526810786B460222AE
:105BB000FFF7EFFC10B14FF0FF30BAE701210348C7
:105BC00080F82510A0F826900020B2E7F800002009
:105BD00038B50446282C02DD4FF0FF3038BDDCB963
:105BE000002000F0E5FB00208DF8000007208DF874
:105BF00001002E4A1268917C2C4A526810786B463C
:105C00000222FFF7C6FC10B14FF0FF30E6E700219B
:105C1000264801750020E1E7012000F0C9FB2020A3
:105C20008DF80000012C06D100208DF80100052020
:105C300000F0F4FB17E0052C06DC01208DF80100D4
:105C4000052000F0EBFB0EE0142C06DC02208DF8A2
:105C500001000A2000F0E2FB05E003208DF80100BE
:105C6000142000F0DBFB9DF80100072101EB801000
:105C7000C0B28DF801000D4A1268917C0B4A52683F
:105C800010786B460222FFF784FC10B14FF0FF3012
:105C9000A4E70821054881720021017301210175E3
:105CA0000020FFF72FFD002098E70000F8000020FB
:105CB000F8B504460F4616462C4890F8240010B953
:105CC0004FF0FF30F8BD2948807A10B94FF0FF300F
:105CD000F8E7264A1268917A244A526810786B468F
:105CE0000222FFF71BFC10B14FF0FF30EAE79DF8EE
:105CF00001009DF8001040EA0125A54203DA0020CA
:105D00003070401EDEE7194840684088B5EB600FF0
:105D100017DD164A1268517C144A526810786B4697
:105D20000122FFF7FBFB10B14FF0FF30CAE79DF8EF
:105D3000000000F0100020B100F05AF86FF00100F0
:105D4000C0E7E2B2094B1B68D97A084B5B68187848
:105D50003B46FFF7E3FB10B14FF0FF30B2E795FB96
:105D6000F4F0401E30700020ACE70000F800002086
:105D7000F8B504460D46164616B94FF0FF30F8BD8B
:105D80001A48807A10B94FF0FF30F8E720128DF8EA
:105D90000000E0B28DF801009DF80100284413498D
:105DA00049684989884202DD4FF0FF30E7E70F4A32
:105DB0001268117E0D4A526810786B460222FFF776
:105DC000E8FB10B14FF0FF30D9E7EAB2074B1B6890
:105DD000597D064B5B6818783346FFF79FFB10B17F
:105DE0004FF0FF30CBE70020C9E70000F8000020AB
:105DF00008B56D48807A10B94FF0FF3008BD00201B
:105E00000090694A1268D17B674A526810786B46E5
:105E10000122FFF7BEFB10B14FF0FF30EEE7624A00
:105E200012685179604A526810786B460122FFF778
:105E3000B0FB10B14FF0FF30E0E75B4A1268117918
:105E4000594A526810786B460122FFF7A2FB10B145
:105E50004FF0FF30D2E7544890F82400002850D08B
:105E60000C200090504A126811794F4A52681078FD
:105E70006B460122FFF78DFB10B14FF0FF30BDE7FD
:105E8000C02000904848807A00F0010020B19DF8C1
:105E9000000040F020000090434A12681179424A05
:105EA000526810786B460122FFF773FB10B14FF078
:105EB000FF30A3E73C48407C10B10220009001E095
:105EC00000200090384A1268D17B374A5268107817
:105ED0006B460122FFF75DFB10B14FF0FF308DE7FD
:105EE00000200090304A126851792F4A5268107889
:105EF0006B460122FFF74DFB002852D04FF0FF30D8
:105F00007CE704200090284A12681179264A5268DA
:105F100010786B460122FFF73CFB10B14FF0FF30C9
:105F20006CE72148807C20B91F48807A00F001008E
:105F300010B94020009001E0602000901A4A1268D9
:105F40001179194A526810786B460122FFF721FB3C
:105F500010B14FF0FF3051E71348407C10B10120E1
:105F6000009001E0002000900F4A1268D17B0E4A99
:105F7000526810786B460122FFF70BFB10B14FF00F
:105F8000FF303BE7084A12685179074A5268107897
:105F9000054B10330122FFF7FCFA10B14FF0FF3030
:105FA0002CE700202AE70000F80000202DE9F04F40
:105FB0008DB083460F4602200C90424890F8240092
:105FC00020B1002000F068F9012600E0002603A8B7
:105FD000FFF728FC05A8FFF7CDFB01A8FFF76CFC35
:105FE00002A8FFF791FC374890F80AA004A8FFF731
:105FF00011FC002407E0002239465846FEF7CEFF88
:1060000000B902E0641C022CF5DB00BF022C01D1B8
:10601000002528E0002407E0012206A909A8FEF7D0
:10602000BDFF00B902E0641C022CF5DB00BF022CAE
:1060300001D1002517E006A93846FDF7F5FC00F070
:10604000FF0809A95846FFF7E1F900F0FF0900250C
:10605000B9F1000F01D145F00105B8F1000F01D1F0
:1060600045F0020500BFFF2016490872FF211548C0
:106070004172C1724FF6FF71C181FF2181720174BB
:1060800001210173BDF80C0000F04EF99DF81400D9
:1060900000F01AF8BDF8040000F0C0F9BDF80800DF
:1060A00000F0FEF9504600F049FA9DF81000FFF7A5
:1060B00029FB16B1012000F0EFF828460DB0BDE82D
:1060C000F08F0000F800002038B504461E48807AA2
:1060D00010B94FF0FF3038BD022C06D0042C07D089
:1060E000082C08D0102C0CD108E0002000900BE008
:1060F0000820009008E01020009005E01820009093
:1061000002E04FF0FF30E6E700BF0F48407A9DF80D
:106110000010B0EBE10F01D10020DCE70A4A126861
:10612000D179094A526810786B460122FFF731FA9B
:1061300010B14FF0FF30CEE79DF80000C1100248CB
:1061400041720020C7E70000F800002038B504467F
:106150005048807CA04201D1002038BD002C46D0A0
:106160004C4A126811794B4A526810786B460122EA
:10617000FFF7D4F910B14FF0FF30EEE79DF80000C3
:1061800020F020000090434A12681179414A526879
:1061900010786B460122FFF7FCF910B14FF0FF3089
:1061A000DBE70320FEF758F802200090394890F80A
:1061B000220020B19DF8000040F08000009035489A
:1061C00090F8230020B19DF8000040F030000090CE
:1061D000304A1268117D2F4A526810786B460122AE
:1061E000FFF7D7F9002851D04FF0FF30B5E7294A23
:1061F00012681179274A526810786B460122FFF71E
:106200008DF910B14FF0FF30A7E72248807A00F0F7
:10621000010028B19DF8000040F02000009004E04B
:106220009DF8000020F0200000901A4A12681179B1
:10623000184A526810786B460122FFF7AAF910B18C
:106240004FF0FF3089E70320FEF706F8114890F879
:10625000220010B18020009001E0002000900D4845
:1062600090F8230020B19DF8000040F0300000902D
:10627000084A1268117D074A526810786B4601225D
:10628000FFF787F910B14FF0FF3066E701488474DB
:10629000002062E7F800002038B50446214890F855
:1062A0002400A04201D1002038BD24B31D4890F83D
:1062B000250010B94FF0FF30F6E7002001F0C4F8D8
:1062C0000020FFF743FF1749C88C00F0E9F80020D1
:1062D00000901449496808786B4601222321FFF792
:1062E00058F901210F4880F82410012001F0ACF882
:1062F000FFF77EFD13E0002001F0A6F80948007CBE
:1063000000900849496808786B4601222321FFF76D
:1063100040F90021034880F82410FFF769FD0020B0
:10632000C2E70000F800002038B504461F48807A14
:1063300010B94FF0FF3038BDFA2C09D0B4F5FA7F10
:1063400009D0B4F57A7F09D0B4F5FA6F0CD108E022
:10635000002000900BE00820009008E01020009042
:1063600005E01820009002E04FF0FF30E3E700BFA7
:106370000E48007A9DF80010B0EBE10F01D100202B
:10638000D9E70A4A12689179084A526810786B4630
:106390000122FFF7FEF810B14FF0FF30CBE79DF878
:1063A0000000C010014908720020C4E7F800002076
:1063B00038B50446184890F82300A04201D10020C7
:1063C00038BD14B13020009001E000200090124848
:1063D000807C20B19DF8000040F0020000900E4843
:1063E00090F8220020B19DF8000040F0800000905D
:1063F000094A1268117D084A526810786B460122DA
:10640000FFF7C7F810B14FF0FF30D9E7024880F826
:1064100023400020D4E70000F800002038B50446EF
:106420001E48807A10B94FF0FF3038BDBC2C02DB1B
:106430000120009015E0622C02DB0220009010E0A9
:106440002A2C02DB032000900BE0142C02DB04203A
:10645000009006E00A2C02DB0520009001E00620F7
:1064600000900E48C07A9DF80010884201D10020AB
:10647000DBE70A4A12689178084A526810786B463E
:106480000122FFF786F810B14FF0FF30CDE79DF8FD
:1064900000100248C1720020C7E70000F800002089
:1064A00038B504462448807A10B94FF0FF3038BD23
:1064B000214890F8240010B14FF0FF30F7E71E4854
:1064C000007D50B134B1282C04DCE0B2FFF780FB32
:1064D0000020ECE70020FFF77BFB042C01DA04240A
:1064E00004E0B4F57A7F01DD4FF47A744FF47A70EA
:1064F00090FBF4F0401EC0B200900F4A1268517831
:106500000D4A526810786B460122FFF742F810B12D
:106510004FF0FF30CBE79DF80000401C4FF47A713C
:1065200091FBF0F081B20448C1810146C98948104D
:10653000FFF774FF0020BAE7F800002038B50446E2
:1065400004F0700010B10120009005E014B10020AB
:10655000009001E0402000902B4A1268917C2A4A6A
:10656000526810786B460122FFF713F820B1002122
:1065700025488172481E38BD9DF8000020F040017A
:10658000214801730020009004F0400020B99DF8DC
:10659000000040F00400009004F0200020B99DF8B5
:1065A000000040F00200009004F0100020B99DF8B7
:1065B000000040F00100009004F0080020B99DF8B0
:1065C000000040F0380000900F4A1268D17C0E4A5B
:1065D000526810786B460122FEF7DBFF20B10021E4
:1065E00009488172481EC6E724B1082C02D0002059
:1065F000FFF7DEFE04488472002101753220FDF7AA
:106600002BFE0020B7E70000F8000020F8B5044694
:106610000D46164616B94FF0FF30F8BD1A48807A7D
:1066200010B94FF0FF30F8E720128DF80000E0B20B
:106630008DF801009DF801002844134949684989F3
:10664000884202DD4FF0FF30E7E70F4A1268117E03
:106650000D4A526810786B460222FEF79AFF10B17D
:106660004FF0FF30D9E7EAB2074B1B68597D064B64
:106670005B6818783346FEF78CFF10B14FF0FF309F
:10668000CBE70020C9E70000F8000020704710B5F4
:106690000246012000E050430B1EA1F10104E1B2CB
:1066A000F9D110BD2DE9F84FA6A200210846FBF74D
:1066B000D5FEA648007828B1A5A200214620FBF708
:1066C000CDFE04E0A3A200214620FBF7C7FEA2A254
:1066D0000A210020FBF7C2FEA148006800280FDA5B
:1066E000A0A20A215020FBF7B9FE0C200323009042
:1066F0009B48006842420A215F20FBF765FE0DE0DF
:1067000099A20A215020FBF7A9FE0C200323009038
:1067100093480A2102685F20FBF756FE93A21421DA
:106720000020FBF79BFE93480068002812DA8DA238
:1067300014215020FBF792FE0C2000908D48006839
:106740008D49096808444242032314215F20FBF766
:106750003BFE10E084A214215020FBF77FFE0C20AA
:106760000090844800688449096842180323142172
:106770005F20FBF729FE81A21E210020FBF76EFEA1
:1067800080A21E213A20FBF769FE7FA21E21502025
:10679000FBF764FE7D480068642190FBF1F40C2057
:1067A000022322461E2100902D20FBF70DFE774884
:1067B0000068642190FBF1F201FB12040C2002231B
:1067C00022461E2100904420FBF7FEFD6F48006822
:1067D000642190FBF1F201FB12000A2807DA0C2079
:1067E000022300221E2100903E20FBF7EDFD68A24F
:1067F00028210020FBF732FE00216748006801F0E5
:1068000005FF11D265496448006801F033FD054673
:1068100001F0B0FE04460C200323224628210090FC
:106820002D20FBF7D1FD0CE05B48006801F0A2FED3
:1068300004460C2003232246282100902D20FBF73C
:10684000C3FD57A232210020FBF708FE0021574864
:10685000006801F0DBFE3DD242A232214620FBF768
:10686000FDFD5248006880F00045284601F082FE98
:1068700004460C2002232246322100905020FBF7D0
:10688000A3FD40A232216020FBF7E8FD47480068E5
:1068900080F0004A504601F051FE814601F08AFE28
:1068A00007464248006880F000483946404601F0FB
:1068B000E9FF06463E4901F0DDFE054601F05AFEBD
:1068C00004460C2001232246322100906A20FBF767
:1068D0007BFD33E024A232214620FBF7BFFD334885
:1068E000006801F047FE04460C20022322463221B4
:1068F00000905020FBF768FD22A232216020FBF7B8
:10690000ADFD2A48006801F019FE804601F052FEF4
:10691000074626480168384601F0A9FF0646244983
:1069200001F0A8FE054601F025FE04460C200123D7
:106930002246322100906A20FBF746FDFBF7CAFC95
:10694000BDE8F88F4D6F746F723A000005000020AB
:106950004F464600204F4E00456E636F64657200DF
:10696000080000202D0000002B0000005345525667
:106970004F0000001000002034000020566F6C749F
:10698000610000002E0000005600000014000020EE
:10699000416E676C65000000180000200000B443E1
:1069A0005A686F6E677A6869000000002C0000204A
:1069B000000020412DE9F04D1D460C4698B01746C9
:1069C00021F0004123F00043002814BF4FF0010CD8
:1069D0004FF0000C0CEB440CFE4A0CEB02064FEAA5
:1069E000620C66452BD33E0018BF012606EB450618
:1069F0001644F94A964222D3F84A53EA070C02D0C9
:106A0000944205D148B918B000201146BDE8F08D78
:106A1000002808BF4FF0000C01D04FF0010C0CEB28
:106A2000440212F5001F0AD8002F14BF4FF0010CCA
:106A30004FF0000C0CEB450212F5001F07D918B0FF
:106A40003A462B462146BDE8F04DFCF7D4BF002264
:106A5000DFF88CA3002CB8BF534526DADFF884C3D7
:106A60006345A8BF022220DADFF870C39C451CDC16
:106A7000DFF874C30CEB235CBCF1140F08DDCCF120
:106A8000340627FA06FC0CFA06F6BE420DD108E0E1
:106A90005FB9CCF1140623FA06FC0CFA06F69E4206
:106AA00003D10CF00102C2F1020251EA000C19D12B
:106AB000002D17DA002C18BF022A01D0012A07D0B6
:106AC0000220F9F73FFD18B0BDE8F04DFCF788BF94
:106AD0000220F9F737FDFCF783FF18B081F0004181
:106AE000BDE8F08DB7F1000C6CD1534525D104F110
:106AF000804212F5801201BF00280020B74918B06B
:106B000008BFBDE8F08DB548884207DC002DA1BF65
:106B10006046294618B0BDE8F08D07E0281E05DA6A
:106B200080F0004118B06046BDE8F08DAF4979446F
:106B3000D1E9000118B0BDE8F08DDFF8A0C26345CF
:106B400025D1002D1FDA19B1514512D1D8B909E06C
:106B5000002840F0EC82A24A214618B062F31E01E0
:106B6000BDE8F08D0020214618B060F31E01BDE89D
:106B7000F08D08DA18B02346BDE8F04D024600203B
:106B8000614600F04DBE18B02146BDE8F08D51457C
:106B900018DAB5F1804F0DD0A5F1005CBCF1FF5CB7
:106BA00010D1B4F1000C0DDB18B06146BDE8F04D1A
:106BB00000F092BC234618B00246BDE8F04D1946DD
:106BC00001F01CB8060024F0004C3BD1D9B151456E
:106BD00033D1002C06DD002DA1BF0020514618B096
:106BE000BDE8F08D002C01DD002D1BDB002C13DA3D
:106BF000002D11DB012A4FF0000014BF78497C49B9
:106C000018B0BDE8F08D022A18BF002C0AD0012A66
:106C100008D1002C06DA0AE0002CB8BF002D11DAEA
:106C2000012A04D0002018B00146BDE8F08D18B04C
:106C300000204FF00041BDE8F08DA1F14050B0F1CF
:106C40007F601AD0012000EBE47050EA020421D0EA
:106C5000624C521E4FF0000B104304BF4FF0000B6C
:106C6000644C654883427CDD644A654893421FDD7D
:106C7000884217DB002D25DB37E0002C00DA4AB113
:106C8000022A0CBF01204FF0FF3018B0BDE8F04DD4
:106C900000F04DBF0120F9F755FC18B0BDE8F04DEC
:106CA000FCF7ABBE4D4A8A4202DC002D0ADC1CE038
:106CB000814202DA002D18DA04E0484B994220DDC7
:106CC000002D12DD0220F9F73DFCFCF79CFE054685
:106CD0000E46002253465846214600F08FFF18B05A
:106CE00066F31E012846BDE8F08D0220F9F72AFC64
:106CF000FCF790FE0A46214618B062F31E01BDE87B
:106D0000F08D00223046614601F09EF980460E4625
:106D10006FF0010201F05DFE4FF05532394B01F08A
:106D2000A1F84246334600F069FF0022364B01F0DD
:106D300099F882464246334604911046194600F0BF
:106D40005DFF5246049B00F059FF8A4600904FF0C9
:106D5000C0422E4B4046314600F050FF2C4A2B4B90
:106D600000E027E0CDE906015146009800F046FF1B
:106D700082460191274A284B4046314600F03EFFAB
:106D80005246019B01F060F982460B46024605918E
:106D9000DDE9060100F088FCDDE9062300268846CF
:106DA000304601F051F95246059B01F05BF802466E
:106DB00000F07EB90020B1F5801F07DA3522304699
:106DC000614601F006FE06466FF0340000EB2150EC
:106DD00024E00000FFFF1F00FFFF0F000000F03F56
:106DE0000000F07F0000404301FCFFFF3E70000008
:106DF0000000F0FF0000F0BF0000E0410000F043A1
:106E0000FFFFEF3F5555D53F0000E03F4715F73FE7
:106E1000FE822B6544DF5DF80BAE543EA0F2FF30DE
:106E20000190C1F3130040F07F6141F040510291A5
:106E3000FE498842D8BF002004DDFD498142C8BF19
:106E4000012001DD0D9008E000200D900198401C0C
:106E500001900298A0F5801002900299F5487844BC
:106E60000B910D9900EBC100D0E900230F93304640
:106E70000A920B9901F0E8F8CDE90601DDE90A2153
:106E800030460F9B00F010FC02460B460020EA49FA
:106E900000F0C6FC059102460B460090DDE90601B4
:106EA00000F0ACFE1490E5488A464FF000087844A4
:106EB0000299006812904FF0005040EA61010D986D
:106EC0000F9B01EB804000F5002109910A9A12986E
:106ED00001F0BAF832460B9B00F0C4FF424653461D
:106EE00000F08CFE0646029140465146099B129ADC
:106EF00000F084FEDDE9062300F0B4FF3246029B79
:106F000001F0A2F8059B009A00F078FE0091149A17
:106F1000049053461046194600F070FE064602469D
:106F2000C7480B46029106217844FCF703FDCDE9E2
:106F30000510029B32461046194600F05FFEDDE95F
:106F4000053200F05BFE0591064653464046194661
:106F5000149A00F0A9FB009B049A00F04FFE324601
:106F6000059B00F0A1FBCDE90510424653461046B3
:106F7000194600F043FE0022B24B02910A9000F045
:106F800093FBDDE9053200F08FFB0E464246AD4B28
:106F9000404601F059F8029B0A9A01F055F8DDE9E4
:106FA000053200F05FFF424602910A9033461046D8
:106FB000514600F023FECDE906015346149A02998A
:106FC0000A9800F01BFE8A4602903346424600991A
:106FD000049800F013FE5346029A00F065FB8246C7
:106FE0000B4602460591DDE9060100F05DFBDDE997
:106FF000062300208846064601F026F85246059BE7
:1070000000F030FF824609914FF060428E4B3046CF
:10701000414600F0F3FD049006918C4A8A4B50469D
:10702000099900F0EBFD82460291894A894B30466E
:10703000414600F0E3FD5246029B00F035FB864BD3
:107040007B440D9A03EBC203D3E9002300F02CFB31
:107050000E900791019800F06AFD0591DDE9061395
:1070600082460E9A049800F01FFB7C4A7A440D9BDE
:1070700002EBC303D3E900230093029200F014FB58
:107080005246059B00F010FB0026884652463046CB
:10709000059B00F0D9FF009B029A00F0D5FF069BEC
:1070A000049A00F0D1FF079B0E9A00F0DBFE024627
:1070B00000200B4602903846294600F09FFD82468C
:1070C00001912B4638461946029A00F0BDFF324620
:1070D000434600F093FD5246019B00F0E5FA074657
:1070E0008A46324643462946029800F087FD054607
:1070F0000E463A46534600F0D7FA594A884691421E
:1071000021DBA8EB020353EA000210D12A463346E2
:1071100000F09AFFCDE90401524A534B38465146DC
:1071200000F0C2FADDE9042300F066FE21D202205D
:10713000F9F708FAFCF767FC0A46214618B062F333
:107140001E01BDE8F08D494B28F000429A4210D351
:10715000474A08EB020353EA00027FF4C6AD2A4611
:10716000334600F071FF3A46534600F045FE7FF685
:10717000BCAD0022019228F000403E493E4A01EB9E
:107180002051824223DA481C4FF4801121FA00F08A
:1071900040443A4AC0F30A517A44394BA1F2FF31D4
:1071A000CB4020EA0303C0F3130040F48010C1F188
:1071B0001401C84012680190B8F1000FBCBF4042F2
:1071C00001902846314600F03FFF05460E462A460C
:1071D00033463846514600F067FA4FF00008424601
:1071E000284B4046059100F009FDCDE90601264AED
:1071F000264B4046059900F001FD009102902A4679
:1072000033464046059900F01FFF3A46534600F0CA
:1072100029FE1F4A1F4B00F0F1FC009B029A00F070
:1072200043FA0746884602460B4635E08E9803002F
:107230007AB60B00EE6B00000000F03FBE6C000061
:10724000546B00000000084009C7EE3FFD033ADC24
:10725000F5015B14E02F3EBE2C6A0000F0690000CF
:1072600000009040FE822B654715973C00CC904073
:1072700000346F3F01FCFFFF0000E03FD4690000D5
:10728000FFFF0F00432EE63F396CA80C615C20BE67
:10729000EF39FAFE422EE63FDDE9060100F004FA7E
:1072A000DDE9062305460E4600F0CEFE3A4643468B
:1072B00000F0D8FD0F462A46334600901046194686
:1072C00000F09CFC824602462E4888460B4605216B
:1072D0007844FCF72FFB5246434600F08FFC2A46C9
:1072E000334600F0BFFD80468A463B46284631467D
:1072F000009A00F083FC3B46009A00F0D5F9069115
:10730000009000224FF080434046514600F09CFE22
:107310000F460C90424653462846314600F06EFC1C
:107320003B460C9A00F07CFA069B009A00F08CFE1B
:107330002A46334600F088FE0022134B00F092FDEF
:10734000054601980E4601EB00510815002810DC97
:1073500028463146019A01F03CFBFCF7D7FA042895
:1073600008BFFCF757FB28463146019A01F031FB74
:1073700005460B4618B02A4658462146BDE8F04D52
:1073800000F03CBCDC6700000000F03F70B588B046
:1073900002A905A8FEF70AFE0446072C3FD101A862
:1073A000FEF762FA059801F005F90646019901F029
:1073B00061F9054601F0C2F80590069801F0FAF867
:1073C0000646019901F056F9054601F0B7F8069016
:1073D000079801F0EFF80646019901F04BF90546D0
:1073E00001F0ACF8079005A8FDF7BAFA6846FEF779
:1073F000E7F9BDF80010029848430290BDF800106C
:10740000039848430390BDF8001004984843049043
:1074100002A8FDF7D5F903A0F8F742FF00BF08B0B6
:1074200070BD000073657474696E67206269617372
:107430002073756363657366756C6C79202E2E2ED0
:107440002E2E2E0D0A00000038B50446214890F873
:107450002400C0B114B10220009001E0002000908F
:107460001C4A1268D17B1B4A526810786B46012275
:10747000FEF78FF810B14FF0FF3038BD9DF80010C7
:107480001448417423E01348807A10B94FF0FF305C
:10749000F3E724B10F48407C08B10020EDE714B1B8
:1074A0000120009001E0002000900A4A1268D17B80
:1074B000084A526810786B460122FEF76AF810B14C
:1074C0004FF0FF30D9E79DF80010024841740020CA
:1074D000D3E70000F80000202DE9F04106460F46F2
:1074E00000F0CCFC041E0D4618BF0120284320F0FC
:1074F0000040C0F17F6000F1E040C00F0ED0301CB2
:1075000018BF0120384320F00040C0F17F6000F137
:10751000E040C00F04BF0120F9F714F820462946C7
:10752000BDE8F08110B586B0044601210820FBF7C4
:1075300065F801218804FBF751F84FF48060ADF83D
:10754000140003208DF8160018208DF8170005A9E7
:107550001C48F9F7C9FF4FF40060ADF8140004208F
:107560008DF8170005A91748F9F7BEFF27208DF8F9
:10757000000000208DF8010001208DF802008DF838
:1075800003006846FAF76EFD01940020ADF808008C
:10759000ADF80A00ADF80C00ADF810000C20ADF805
:1075A0000E0001A90848FCF743F9012240F22551D9
:1075B0000548FCF717F901210348FCF707F906B065
:1075C00010BD0000000C01400048004010B586B01E
:1075D0000446012144F20400FBF710F84FF4007058
:1075E000ADF8140003208DF8160018208DF8170050
:1075F00005A91248F9F778FF4FF48060ADF8140040
:1076000004208DF8170005A90C48F9F76DFF0194C7
:107610000020ADF80800ADF80A00ADF80C00ADF898
:1076200010000C20ADF80E0001A90548FCF700F988
:1076300001210348FCF7CAF806B010BD000801405C
:107640000038014021F00042A2F16052B2F5801FE3
:1076500001F0004328BFD2F17F6C0BD95FEA001C18
:1076600043EAC20242EB507018BF704728BF20F0B7
:1076700001007047B2F5801FBCBF184670474FEA43
:10768000410C1CF5001F02D2084601F0BAB870B5D3
:1076900000F05EFB00000089FFF7F6BF4FF00040EE
:1076A000A0F580007047000010B591EA030F48BFB5
:1076B00083F0004300F1D084841A71EB030C05D2EF
:1076C000121943EB0C03001B61EB0C01DFF824E102
:1076D0004FEA1154A4EB135C1EEA430F18BF9EEA55
:1076E000445F73D023EA0E03DCF1200E21EA04513B
:1076F00043F4801332D322FA0CFE10EB0E0023FA6F
:107700000CFE41EB0E01CCF1200E03FA0EFE10EB45
:107710000E0051F10001B1F5801FCCF1200E32D2E4
:1077200001EB045112FA0EF2BDE8104058BF704749
:10773000401C38BF5FEA420218BF7047002814BFE0
:1077400020F0010041F100014FEA410313F5001F51
:1077500038BF7047A1F1C04100F048BB012A43EB9C
:107760000302ACF1200CDCF11F0E32BF4FF0000E13
:1077700023FA0CF310EB030041EB0451B4EB115F5F
:10778000D0D0A1EB045101F5801149085FEA300027
:1077900001EB04510ED350F1000038BF12FA0EFE77
:1077A00008D1BDE81040C9E7401C38BF5FEA42027B
:1077B000CAD1C3E7BDE810404FEA410313F5001FEB
:1077C00038BF7047A1F1C04100F010BB9EEA445F92
:1077D00008D011EA5E0FBDE8104004BF01F000417F
:1077E00000207047BDE8104070B500F0B1FA00BF4E
:1077F00064FBBE3E0000E0FF02494FF0000001F0D4
:10780000B6B800BF0000F87F491058BFC1F1404131
:107810005B1058BFC3F140438B42EFF300807047C9
:107820002DE9C04130B4DFF8A0C23CEA111418BF02
:107830003CEA131400F0EC8081EA03051CEA111401
:1078400044EAD57418BF1CEA131500F0C780A4EBF6
:1078500005044FF0004545EAC12145EAC32341EA4A
:10786000505143EA525304F17F74994204F50034B5
:107870004FEAC0204FEAC22208BF904200F09C802D
:107880004FEA13650FF24016765D4FEA134506FB8B
:1078900005F7C7F1807706FB07F74FEAD737A7FB55
:1078A00003687642C8F58038A7FB06CE38BFA8F13A
:1078B000010807FB08E64FF0000EA6FB028CE6FB72
:1078C00003CEDCF1000CCEF1004E38BFAEF1010E5C
:1078D000A6FB0C584FF000074FF00005E6FB0E87A3
:1078E000A1FB08C6A0FB07CE16EB0E0645F100056E
:1078F000E1FB076515F1E04E7EBFA4F580345FEA39
:1079000046066D4116F1800745F100054FEA17273D
:107910004FEA066647EA0567A6F1DE46B6F1805FE4
:107920004FEA15251FD9384624F0010C05EBC47128
:10793000BCF1FE6F01EB0C1102D8F0BCBDE8008178
:1079400024425CBF01F5801E9EEAC47F02D4F0BCD5
:10795000BDE80081244238D4F0BCA1F1C041BDE8AB
:10796000004100F043BA4FEAD22242EA43524FEAC2
:10797000D323A7FB02864FEAD02040EA415007FB01
:1079800003661EEA0E0F4FEAD12105FB026658BFBF
:10799000A6EB0056B6EB00564FEA520E4EEAC37EF7
:1079A00018EB0E0E56EB530EBDD518EB02085E41D8
:1079B0007F1C55F10005B6E74FF480154FF0000726
:1079C0004FF000064FF00008ADE7F0BC4FF00000AC
:1079D00001F1C04101F00041BDE8008111EA0C1F36
:1079E0000CEA131500D00CE013EA0C1F00F0258000
:1079F0004FF00000F0BC81EA030101F00041BDE856
:107A00000081F0BCBDE8004181EA030100F0EEB95D
:107A1000F0BCBDE8004170B500F09AF9097EFC3E6B
:107A200000F007B881EA03014FF0000001F00041C7
:107A3000704781EA030100F0D9B9F0BCBDE800410C
:107A40004FF0000021497047FFFDFBF9F7F5F4F214
:107A5000F0EEEDEBE9E8E6E4E3E1E0DEDDDBDAD8E9
:107A6000D7D5D4D3D1D0CFCDCCCBCAC8C7C6C5C447
:107A7000C2C1C0BFBEBDBCBBBAB9B8B7B6B5B4B35E
:107A8000B2B1B0AFAEADACABAAA9A8A8A7A6A5A449
:107A9000A3A3A2A1A09F9F9E9D9C9C9B9A9999980D
:107AA0009797969595949393929191908F8F8E8EB0
:107AB0008D8C8C8B8B8A898988888787868585843D
:107AC00084838382828181800000FF070000F87F29
:107AD0004FEA41034FEA5353A3F58063D3F11E03EA
:107AE000C8BFD3F1210C0CDD4FF0004242EAC122A5
:107AF00042EA505232FA03FC8CEAE17CACEBE170D2
:107B00007047102BC4BF0020704703F5787CBCF190
:107B1000FF3F04D06FF0004282EA2100704770B549
:107B200000F016F94992248000207047F2E710F027
:107B3000004248BF4042B0FA80F310FA03F10AD085
:107B4000C3F11D0303F580634FEA415002EB03527A
:107B500002EBD12170474FF000007047B0FA80F37C
:107B600010FA03F10AD0C3F11D0303F580634FEA55
:107B700041504FEA035202EBD12170474FF0000011
:107B80007047000051EA030C17D41CF5801F58BF42
:107B9000BCF5801F00F10680994218BF704708BFEE
:107BA0009042704707D711F5801F58BF13F5801F0B
:107BB00019D499427047894270471CF5801F08D537
:107BC000BCF5801FF7D58B4218BF704708BF8242B3
:107BD00070474FF4001C1CEB410F38BF1CEB430FE8
:107BE00001D28B42704770B500F0B2F89224490080
:107BF0004FF000514FF08053FFF706BEDFF848C149
:107C000070B51CEA111E1EBF1CEA13159EEA0C0F6C
:107C100095EA0C0F00F06F8081EA030423EA4C130D
:107C20004EEAD47E21EA4C1141F4801143F48013D2
:107C3000AE44A1FB024CA0FB0365AEF17F7E36197A
:107C400055EB0C05A1FB034C4CF10003A0FB021CFF
:107C500016EB0C06654153F10003094218BF46F0CC
:107C6000010613F4007F0BD14FEA03314FEA0530D0
:107C7000340341EA155140EA16506FF003020AE05E
:107C80004FEAC3214FEAC520F40241EA555140EAC8
:107C900056506FF0020202EB2E4201EB025585EACC
:107CA000CE710AD05FEA440C18BF24F0004450F1B2
:107CB000000041F1000120EAD47040F2FE7C6245F0
:107CC00000D270BDA84214BF4FF080444FF0404432
:107CD000002E08BF0024BEF1806FA8BFA1F1C041F3
:107CE000BDE8704080F282804FF0000001F1C04199
:107CF00001F0004170479EEA0C0F0CEA131518BF03
:107D000095EA0C0F06D04FF0000081EA030E0EF04A
:107D1000004170BD00F01CF88900013E00F007B87A
:107D200000F009B84FEA430C5FEA5C5C08D081EAD6
:107D3000030100F05BB84FEA410C5FEA5C5CF6D1EE
:107D40004FF00000014970470000FF070000F87F76
:107D50000EF1020E2EF0030E5EF8046B364205D4CF
:107D6000012A43EB030515F5001F12D8012841EB4A
:107D7000010C1CF5001F0CD80ED14FEAD17C15F573
:107D8000001F0CEB4C0C0CF1020C08BF4CEBD37C2D
:107D900004E04FF0080C01E04FEAD37C0CEB4C05FB
:107DA00026FA05F606F00706B6F1040C06D20EEB2D
:107DB000860CBDE870404CF0010C6047DFE80CF029
:107DC000090B02024FF000414FF00000A1F5002125
:107DD00070BD19461046012851EB010418BFD4F5B7
:107DE000001484BF002001F0004170BD0808A0F518
:107DF00000114FEA3101704753EA010C17D41CF50A
:107E0000801F58BFBCF5801F00F106808B4218BF51
:107E1000704708BF8242704707D713F5801F58BFCD
:107E200011F5801F19D48B4270479B4270471CF597
:107E3000801F08D5BCF5801FF7D5994218BF704741
:107E400008BF904270474FF4001C1CEB430F38BF33
:107E50001CEB410F01D2994270470FB40CBC03BC1C
:107E6000FFF7C1BE91EA030F10B581F000413FF565
:107E700023AC83F0004300F0EFB800002DE9F0419F
:107E800001F5801CBCF5001FC0F2C3804FEA115CF5
:107E900021EA0C510CF1FD0C41F480115FEA5C0CFD
:107EA0000CF5C07C01D3400049413DA4890241EA60
:107EB000905187028E0E0A0CA45D04FB04F602FBAF
:107EC00006F6C6F14046A4FB0662F60D46EA4226D7
:107ED00006FB06F4A4FB01235242C3F1404338BF22
:107EE0005B1EA6FB02420024E6FB0324D20B42EAFF
:107EF0004446A6FB0623A1FB02E2A3FB07E4A41869
:107F00004FF0000252F10002E3FB01426442C2F171
:107F1000404E38BFAEF1010EA6FB04234FF0000225
:107F2000E6FB0E32A2FB03464FF00004B61954F1F3
:107F30000004E2FB0264A1FB06E6A4FB07E816EBE3
:107F400008064FF0000858F10008E4FB016876428B
:107F5000C8F1405838BFA8F10108A2FB06E4A3FB12
:107F600008E52D194FF0000454F10004E2FB085419
:107F7000A1FB05E6A7FB04E818EB06084FF0000696
:107F800056F10006E1FB048618F1200556F10006C3
:107F9000A809A8F11B08B10908F03F08B8F10A0FB9
:107FA00040EA86601CD901EB0C51BDE8F08100BFAE
:107FB000FCF5EEE8E2DDD8D3CFCBC7C3C0BDB9B680
:107FC000B4B1AEACA9A7A5A3A19F9D9B9A98969585
:107FD0009392908F8D8C8B8988878685848382810C
:107FE000A0FB006800FB01F208EB4208B8EB872811
:107FF00007D5341858EB0104D5D5401C51F10001C8
:10800000D1E7341A78EB0104CDD4401E71F10001A0
:10801000C9E75FEA4C0C5FEA9C5C0DD105D34FF0D9
:10802000000001F00041BDE8F081BDE8F04170B50D
:10803000FFF78EFE6DDBFFBEBDE8F0414FF00000A4
:10804000004970470000F87F10B591EA030F48BF60
:1080500083F000433FF530AB841A71EB030C07D279
:1080600012198CF0004C43EB0C03001B61EB0C016C
:10807000DFF8A4E14FEA1154A4EB135C1EEA430FAE
:1080800018BF9EEA445F00F0B08023EA6E035242BC
:1080900021EA0451C3EB6E0338BF5B1EDCF1200EF6
:1080A00025D322FA0CFE10EB0E0043FA0CFE41EB36
:1080B0000E01CCF1200E03FA0EFE10EB0E0051F172
:1080C0000001CCF1200E29D412FA0EF201EB04517A
:1080D000BDE8104058BF7047401C1CBFB2F1004FB4
:1080E000704700280CBF491C20F00100704712EBBC
:1080F000020E43EB030218BF4FF0010E4EEA42029C
:10810000ACF1200CDCF11E0E54D943FA0CFE10EB3E
:108110000E0051F1FF31CCF11E0ED5D50EF1010E3E
:1081200012FA0EFE404141EB010101EB445C5FEAB3
:108130005C5C10D910EBDE7001EB045138BFBEF16E
:10814000004FBDE8104018BF704700280CBF491C05
:1081500020F00100704730D24FEAD42C11F5001105
:1081600024F400641BD0B1FA81F20B3AA41AA41EC5
:10817000D2F12003914030FA03F31943904001EB10
:10818000CC71002C01EB0451BDE81040A8BF704732
:1081900001F1C0414FF0000001F000417047B0FA1A
:1081A00080F310FA03F100D110BDE41A173C480522
:1081B000C90AE4E701EB045110BD491001EB045179
:1081C000BDE810404FEA300002E04FF00001704778
:1081D0004A0008BF0042F8D0B2F5001F28BF704720
:1081E00001F000414FF0000070479EEA445F07D065
:1081F00011EA5E0FBDE8104004BF00210020704767
:10820000BDE8104070B5FFF7A3FD00BF40DFF63EAC
:1082100083F00041104670470000E0FF43004FEA42
:10822000D30C4FEA3C0C43401FBF40070CF1605198
:1082300013F0FE4F70471CF0006F03D100200CF0CC
:10824000004170470CF0004343EA507010B540EA1B
:10825000CC0000F090FA00BF000000924FEA00014D
:10826000FFF7C4BD4FF000414FF00000A1F5002121
:108270007047000090EA010F48BF81F0004100F113
:108280000883421A3CBF801A89184FEAD0524FF037
:108290007F4C1CEA410FA2EBD15318BF9CEA026F3E
:1082A00000F03B804FF0004C4CEA00204CEA0121EA
:1082B00021FA03FC10EB0C0C1ED202F1FF325FEA34
:1082C0001C2040EBC25038BF70471CF07F0F4FEAB4
:1082D000400C18BFBCF17F4F38BF7047C3F120037B
:1082E000994008BF20F00100BCF17F4F38BF7047B4
:1082F000A0F1C04000F085BA4FEA3C00000A40EB14
:10830000C25028BF1CF0FF0F4FEA400CE6D018BF48
:10831000BCF17F4F38BF7047EAE79CEA026F05D097
:1083200010EA5C0F08BF00F00040704710B500F085
:1083300022FA00BF64FBBE3E401058BFC0F140406F
:10834000491058BFC1F140418142EFF300807047AE
:108350004FF47F0C1CEAD0121EBF1CEAD11392EA24
:108360000C0F93EA0C0F00F0858090EA010F48BFD4
:1083700042F4807240F4000C41F400002CF07F4184
:1083800020F07F4000B58142A2EB03020FF2081CEF
:10839000ACEB504EC0F100009EF800E04FEA4E0EEC
:1083A00000FB0EFC38BF49004FEA2C1C02F5FA0214
:1083B0000CFB0EF34FEACE1E4FEA112C4FEAC121FF
:1083C0000EEB635E42EB22420EFB0CFC4FEA1C53A9
:1083D00000FB03114FEA112C4FEA01310EFB0CFC9C
:1083E0004FEADC4C00FB0C11C14228BF09184CEBD2
:1083F00003335DF804EB10EB410143EBC250B2F5DF
:108400007C0F38BF704729D512F0F00F1CBF00F168
:10841000C04000F0004070470081828384858687D9
:1084200088898B8C8D8E8F919293959697999A9C33
:108430009D9FA0A2A3A5A7A8AAACAEB0B2B3B5B7A2
:10844000B9BCBEC0C2C5C7C9CCCED1D4D7D9DCDF78
:10845000E2E6E9ECF0F3F7FAFE0000004FEA400C28
:108460000CF1807CBCF17E4F28BF7047B0F1C0405A
:1084700000F0C7B990EA010F0CEAD11348BF42F4EB
:108480008072624538BF634507D213F47F0F16D060
:1084900080EA010000F00040704710B500F06BF971
:1084A000097EFC3E00F005B880EA010000F00040C3
:1084B000704780EA010000F0004000F0A2B912F419
:1084C0007F0F04BF0248704780EA010000F099B9AD
:1084D0000000C07F50EA010C00F113801CF5000F72
:1084E00058BFBCF5000F01D48842704707D710F57C
:1084F000000F58BF11F5000F15D48842704789420C
:1085000070471CF5000F04D5BCF5000FF7D581426C
:1085100070474FF0807C1CEB400F38BF1CEB410FC5
:1085200001D28142704710B500F025F9922449002C
:108530004FF000504FF08051FFF7FEBE41000B0E90
:10854000D3F19E0208D950F400034FEA032323FA23
:1085500002F048BF4042704710B500F00CF900BF70
:1085600049922480002070476FF0004282EA200088
:1085700070470000C10DD1F19E0206DB4FEA0023D7
:1085800043F0004323FA02F07047004207D54FEA58
:108590004001B1F1FE4F02D24FF00000704710B51C
:1085A00000F0E9F849922480002070476FEA20002B
:1085B0007047000010F0004148BF4042B0FA80F31D
:1085C00010FA03F2C3F19D030BD051EAC35101EB42
:1085D0001220530638BF704700F1010008BF20F099
:1085E00001007047B0FA80F310FA03F2C3F19D0363
:1085F0000AD0D90501EB1220530638BF704700F1AD
:10860000010008BF20F001007047000050EA010C93
:1086100000F113801CF5000F58BFBCF5000F01D40A
:108620008842704707D710F5000F58BF11F5000FAB
:1086300015D488427047894270471CF5000F04D555
:10864000BCF5000FF7D5814270474FF0807C1CEBE2
:10865000400F38BF1CEB410F01D28142704710B56B
:1086600000F089F8922449004FF000504FF08051FB
:10867000FFF762BE4FF47F0C1CEAD0121EBF1CEA4B
:10868000D11392EA0C0F93EA0C0F00F0478090EAA6
:10869000010F48BF42F480724FF0004C4CEA0020BA
:1086A0004CEA012102EB0302A0FB0113A2F5000238
:1086B000002918BF43F001035B0028BF4FEA3303D2
:1086C00042EB22425FEA132C4CEBC2502EBFBCEBB4
:1086D000436FB2F57C0F70474FEA036CBCF1004F5B
:1086E00008BF20F00100B2F57C0F38BF70470BD5F2
:1086F00082F0FF0212F5803FC8BF704700F1C04012
:10870000D8BF00F00040704700F5000C5FEA4C0C49
:1087100048BF7047B0F1C04000F073B890EA010F55
:108720000CEAD11348BF42F48072624538BF6345FA
:1087300004D280EA010000F00040704710B500F05C
:108740001AF800BF8900013E00F007B800F009B830
:108750005FEA410C5FEA1C6C08D080EA010000F07F
:1087600050B85FEA400C5FEA1C6CF6D14FF0004055
:10877000A0F5800070470EF1020E2EF0030E5EF899
:10878000044B244204D44FEA4102B2F17F4F11D886
:108790004FEA4003B3F17F4F0CD80ED14FEAD07CA3
:1087A000B2F17F4F0CEB4C0C0CF1020C08BF4CEB00
:1087B000D17C04E04FF0080C01E04FEAD17C0CEBD7
:1087C0004C0324FA03F404F00704B4F1040C06D2B9
:1087D0000EEB840CBDE810404CF0010C6047DFE864
:1087E0000CF0070802024FF00040A0F5800010BD19
:1087F0000846420018BFD2F1807288BF00F00040E6
:1088000010BDFF2141EAD050C005704751EA000C6D
:1088100000F113801CF5000F58BFBCF5000F01D408
:108820008142704707D711F5000F58BF10F5000FB0
:1088300015D481427047894270471CF5000F04D55A
:10884000BCF5000FF7D5884270474FF0807C1CEBD9
:10885000410F38BF1CEB400F01D28842704780EABD
:10886000010081EA000180EA0100FFF7F8BE80F014
:10887000004090EA010F7FF504AD81F0004100F067
:1088800008B8000090EA010F48BF81F000413FF5B1
:10889000F8AC421A04D882F00042A0EB0200114466
:1088A0004FEAD0524FF07F4C1CEA410FA2EBD1535C
:1088B00018BF9CEA026F4AD04FF0004C4CEA0020EF
:1088C0004CEA012121FA03FCB0EB0C0C0FD412F09E
:1088D000FE0F36D05FEA4C001DD5001240EBC250AF
:1088E00038BF70471CF03F0F18BF70470BE0A2F174
:1088F00001025FEA1C2040EBC25038BF70471CF0F9
:108900007F0F18BF7047C3F12003994014BF401E6A
:1089100020F00100704780084FEA122308BF70471B
:10892000B0FA80FCA2EB0C02CCF1280C60FA0CF03F
:1089300093EA122F04BF00EBC25070474FEAC37096
:108940007047130A5FEADC1008BF7047F6E79CEA3D
:10895000026F04D010EA5C0F08BF0020704710B50A
:10896000FFF709FF40DFF63E81F0004070470CF052
:108970000F03092B08BF082000F059800A2B0BD0E9
:10898000082B18BF704708BF1CF0400F0AD04FF0EB
:1089900000004FF0000170471CF0400F18BF4FF06F
:1089A000004070471CF0100F08D020F0704300F01A
:1089B0007F4242EAD3014FEA4370704700F06040C3
:1089C00021F07F4242EA000201F07F4040EA7270EB
:1089D00070474FF0FF0C4CF4E06C1CEA11531CBFC5
:1089E0009CEA030C9445C2BFDA4201EB0251704786
:1089F000002B0DD0BCF1000F0FD0002A01F0004178
:108A0000A4BF41F0E04141F07F614FF000007047AA
:108A100001F000414FF00000704750EA01334FF081
:108A20009B0C18BF4CF0806C7EF4E6AE70471CF4D3
:108A3000801F11D01CF4E02F03D06FEACC31490025
:108A400070474FF04050EFF3008222F0704242EA4C
:108A5000000282F3008870474FF00000704700006A
:108A60000000000000000000000000000000000006
:108A70003F400000000000000000300040003000D7
:108A80004000000009000BC03D000BC03D00090084
:108A900018C024407FE0224031800000180024C02C
:108AA0001B000D803240018003801C4027401C8049
:108AB00007400040100060000000000000000000BF
:108AC0000000000000001F802040402000004020E7
:108AD00020401F8000000000090006001F800600E3
:108AE00009000000040004003F80040004000000AE
:108AF00000100060000000000000000004000400FE
:108B00000400040004000000000000400000000019
:108B100000000000002001C00600380040000000F6
:108B20001F802040204020401F8000000000104097
:108B30003FC000400000000018C0214022402440F7
:108B40001840000010802040244024401B8000007A
:108B500002000D0011003FC0014000003C80244095
:108B600024402440238000001F80244024403440BF
:108B7000038000003000200027C0380020000000E3
:108B80001B802440244024401B8000001C0022C085
:108B9000224022401F80000000000000084000002A
:108BA0000000000000000000046000000000000061
:108BB000000004000A001100208040400900090064
:108BC0000900090009000000000040402080110059
:108BD0000A000400180020002340240018000000B0
:108BE0001F802040274029401F400000004007C050
:108BF00039000F0001C0004020403FC02440244005
:108C00001B8000001F80204020402040308000005A
:108C100020403FC0204020401F80000020403FC037
:108C200024402E4030C0000020403FC024402E0091
:108C3000300000000F0010802040224033800200EE
:108C400020403FC0040004003FC02040204020409E
:108C50003FC02040204000000060202020203FC076
:108C60002000200020403FC024400B0030C02040A6
:108C700020403FC020400040004000C03FC03C00BA
:108C800003C03C003FC0000020403FC00C40230018
:108C90003FC020001F802040204020401F80000057
:108CA00020403FC024402400180000001F802140C5
:108CB000214020E01FA0000020403FC024402600AB
:108CC00019C0004018C024402440224031800000D8
:108CD000300020403FC020403000000020003F8096
:108CE000004000403F80200020003E0001C00700FF
:108CF00038002000380007C03C0007C038000000E2
:108D0000204039C0060039C0204000002000384013
:108D100007C0384020000000304021C026403840C5
:108D200020C00000000000007FE040204020000044
:108D3000000070000C000380004000000000402094
:108D400040207FE0000000000000200040002000E4
:108D500000000000001000100010001000100010B3
:108D60000000000040000000000000000000028041
:108D70000540054003C0004020003FC004400440BF
:108D8000038000000000038004400440064000000F
:108D900000000380044024403FC0004000000380E6
:108DA0000540054003400000000004401FC024406F
:108DB00024402000000002E0055005500650042029
:108DC00020403FC00440040003C0004000000440B5
:108DD00027C000400000000000100010041027E031
:108DE0000000000020403FC00140070004C00440D4
:108DF000204020403FC000400040000007C0040069
:108E000007C0040003C00000044007C00440040081
:108E100003C00040000003800440044003800000C1
:108E2000041007F004500440038000000000038099
:108E30000440045007F00010044007C00240040042
:108E400004000000000006400540054004C000008A
:108E5000000004001F800440004000000400078060
:108E60000040044007C000400400070004C0018027
:108E700006000400060001C0070001C00600000053
:108E8000044006C0010006C00440000004100710A2
:108E900004E00180060004000000044005C0064014
:108EA000044000000000000004007BE040200000BF
:108EB000000000000000FFF0000000000000402063
:108EC0007BE0040000000000400080004000200023
:108ED0002000400000000000000000000000000032
:108EE000000000000000000000001FCC000C00008B
:108EF00000000000000008003000600008003000A2
:108F000060000000022003FC1E20022003FC1E2043
:108F10000220000000000E1811043FFF10840C789E
:108F2000000000000F0010840F3800C0077818847C
:108F30000078000000780F8410C411240E9800E41B
:108F400000840008080068007000000000000000B5
:108F50000000000000000000000007E018182004D6
:108F600040020000000040022004181807E0000042
:108F7000000000000240024001800FF0018002402A
:108F8000024000000080008000800FF80080008018
:108F9000008000000001000D000E00000000000035
:108FA0000000000000000080008000800080008041
:108FB000008000800000000C000C00000000000099
:108FC000000000000000000600180060018006009C
:108FD00018002000000007F008081004100408081A
:108FE00007F000000000080408041FFC000400044F
:108FF0000000000000000E0C101410241044118416
:109000000E0C000000000C1810041104110412884A
:109010000C700000000000E00320042408241FFC62
:109020000024000000001F9810841104110410880F
:1090300010700000000007F008881104110418885F
:109040000070000000001C00100010FC13001C0049
:109050001000000000000E381144108410841144E8
:109060000E38000000000700088C104410440888E7
:1090700007F00000000000000000030C030C0000DB
:1090800000000000000000000001010600000000D8
:1090900000000000000000800140022004100808C9
:1090A00010040000022002200220022002200220E0
:1090B00002200000000010040808041002200140F3
:1090C0000080000000000E001200100C106C1080D8
:1090D0000F00000003E00C1813E4142417C4082840
:1090E00007D000000004003C03C41C40074000E41B
:1090F000001C000410041FFC1104110411040E884C
:109100000070000003E00C18100410041004100894
:109110001C10000010041FFC1004100410040808A8
:1091200007F0000010041FFC1104110417C4100400
:109130000818000010041FFC1104110017C01000D3
:109140000800000003E00C181004100410441C7800
:109150000040000010041FFC108400800080108478
:109160001FFC10040000100410041FFC1004100465
:109170000000000000030001100110011FFE10009C
:109180001000000010041FFC110403801464181C5C
:109190001004000010041FFC10040004000400046C
:1091A000000C000010041FFC1F0000FC1F001FFC2F
:1091B0001004000010041FFC0C04030000E0101851
:1091C0001FFC100007F00808100410041004080821
:1091D00007F0000010041FFC108410801080108025
:1091E0000F00000007F0081810241024101C080AB3
:1091F00007F2000010041FFC1104110011C011300F
:109200000E0C000400000E1C110410841084104485
:109210001C3800001800100010041FFC100410007F
:109220001800000010001FF81004000400041004CF
:109230001FF8100010001E0011E0001C00701380C9
:109240001C0010001FC0103C00E01F0000E0103C9C
:109250001FC000001004180C163401C001C01634E1
:10926000180C100410001C00130400FC13041C0054
:10927000100000000804101C1064108413041C0467
:10928000101800000000000000007FFE40024002B5
:1092900040020000000030000C0003800060001C51
:1092A0000003000000004002400240027FFE000078
:1092B00000000000000000002000400040004000CE
:1092C0002000000000010001000100010001000178
:1092D00000010001000040004000200000000000EC
:1092E00000000000000000980124014401440144F2
:1092F00000FC000410001FFC008801040104008829
:1093000000700000000000700088010401040104E6
:1093100000880000000000700088010401041108AA
:109320001FFC0004000000F8014401440144014412
:1093300000C800000000010401040FFC1104110426
:1093400011001800000000D601290129012901C9D6
:109350000106000010041FFC00840100010001044C
:1093600000FC000400000104190419FC00040004BE
:10937000000000000000000300010101190119FEB6
:109380000000000010041FFC0024004001B4010C88
:10939000010400000000100410041FFC000400047D
:1093A00000000000010401FC0104010001FC0104B3
:1093B000010000FC010401FC008401000100010423
:1093C00000FC0004000000F8010401040104010491
:1093D00000F80000010101FF00850104010400887C
:1093E0000070000000000070008801040104010505
:1093F00001FF00010104010401FC008401040100DB
:1094000001800000000000CC01240124012401247B
:109410000198000000000100010007F801040104A8
:1094200000000000010001F800040004000401082D
:1094300001FC0004010001800170000C00100160BB
:109440000180010001F0010C003001C00030010C6E
:1094500001F0010000000104018C00740170018C16
:1094600001040000010101810171000E001801607A
:109470000180010000000184010C013401440184D9
:10948000010C0000000000000000000001003EFC94
:10949000400240020000000000000000FFFF00004A
:1094A000000000000000400240023EFC01000000FD
:1094B00000000000000060008000800040004000CC
:1094C0002000200002000000000000004200000018
:1094D0000000000033000000FC000000000000005D
:1094E0000800000000000000110000007F000000E4
:1094F000FE000000410000000000000049000000E4
:109500007800000049000000480000007F000000D3
:109510004800000049000000480000004900000029
:109520007A00000041000000010000007F00000000
:10953000FE0000000000000000000000000000002D
:1095400000000000200000000000000022000000D9
:1095500000000000220000000000000022000000C7
:1095600000000000FA0000000000000022000000DF
:109570000000000023000000FF00000022000000A7
:109580000000000022000000000000002200000097
:1095900010000000FA000000080000002200000097
:1095A0001000000023000000E00000002000000088
:1095B000000000002000000000000000000000008B
:1095C000000000000000000001000000000000009A
:1095D000060000001F000000F8000000110000005D
:1095E0000000000011000000080000001100000051
:1095F0000400000011000000F8000000100000004E
:10960000010000001000000002000000FF00000048
:1096100084000000100000006800000090000000BE
:10962000180000005000000064000000130000005B
:1096300082000000100000001F0000000000000079
:1096400000000000100000000800000010000000F2
:109650000C00000010000000080000001F000000C7
:10966000F8000000100000001000000010000000D2
:1096700011000000100000001200000008000000AF
:109680000C0000000800000070000000FF00000057
:109690008000000008000000020000000800000038
:1096A0000100000008000000020000000F000000A0
:1096B000FC000000000000000000000000000000AE
:1096C000000000000800000040000000080000004A
:1096D000420000000800000081000000FF000000C0
:1096E000FE0000000900000000000000040000006F
:1096F000000000001900000001000000110000003F
:109700002100000011000000D200000097000000BE
:1097100014000000710000000800000011000000AB
:109720001400000011000000E2000000150000001D
:10973000010000001900000000000000000000000F
:109740000000000040000000000000004000000099
:109750000000000040000000000000004000000089
:109760000000000040000000000000004000000079
:10977000000000007F000000FF000000400000002B
:109780000000000040000000000000004200000057
:109790000000000041000000000000004000000048
:1097A0008000000040000000600000004000000059
:1097B0000000000040000000000000000000000069
:1097C0000000000000000000010000000000000098
:1097D000060000007F000000F800000044000000C8
:1097E0004000000044000000400000004400000071
:1097F0004000000044000000400000007F00000026
:10980000FE00000044000000400000004400000092
:10981000400000004400000042000000440000003E
:10982000410000007F000000FE000000000000007A
:109830000000000000000000000000000000000028
:109840000000000000000000000000000000000018
:109850000100000000000000060000001F000000E2
:10986000F800000010000000800000001000000060
:1098700080000000900000008000000070000000E8
:1098800080000000100000008000000010000000B8
:1098900080000000100000008000000010000000A8
:1098A000800000001F000000C00000000000000059
:1098B00000000000000000000000000000000000A8
:1098C0000000000008000000400000000800000048
:1098D000420000000800000081000000FF000000BE
:1098E000FE0000000900000000000000040000006D
:1098F000000000001900000001000000110000003D
:109900002100000011000000D200000097000000BC
:1099100014000000710000000800000011000000A9
:109920001400000011000000E2000000150000001B
:10993000010000001900000000000000000000000D
:109940000000000002000000800000000C00000089
:1099500080000000F7000000FE000000240000006E
:1099600084000000240000008A00000001000000C4
:10997000640000002700000018000000390000000B
:10998000E400000008000000220000002A0000009F
:10999000A20000002A000000A2000000FF0000005A
:1099A000FA0000002A000000A20000003E000000B3
:1099B000A2000000080000002200000000000000DB
:1099C0000000000002000000000000000200000093
:1099D000020000004200000004000000330000000C
:1099E000F80000000000000004000000010000007A
:1099F00002000000110000000A0000001100000039
:109A000032000000FF000000C20000001100000052
:109A1000020000001100000002000000FF00000032
:109A2000FA00000011000000020000001100000018
:109A30000200000001000000020000000000000021
:109A40000000000000000000010000000000000015
:109A50000200000000000000040000000000000000
:109A6000080000000000000030000000800000003E
:109A7000C0000000470000000000000038000000A7
:109A800000000000070000000000000000000000CF
:109A9000C0000000000000003000000000000000D6
:109AA0000C000000000000000200000000000000A8
:109AB00001000000000000000100000000000000A4
:109AC0000000000000000000000000000000000096
:109AD0004200000044000000440000004C00000070
:109AE000C800000054000000D00000006500000025
:109AF0004200000045000000410000004600000058
:109B00007E0000008400000040000000880000008B
:109B100040000000900000005000000081000000A4
:109B20004800000080000000C400000000000000A9
:109B300062000000000000000000000000000000C3
:109B40000000000004000000440000000C000000C1
:109B5000E60000003500000044000000C6000000E0
:109B6000480000000C000000480000000000000059
:109B700001000000110000000200000013000000BE
:109B80000C00000015000000F0000000990000002B
:109B90000000000071000000000000001100000043
:109BA000FC0000001500000002000000130000008F
:109BB00002000000110000008E0000000000000004
:109BC0000000000008000000200000000800000065
:109BD000C00000000B00000000000000FF000000BB
:109BE000FF00000009000000000000000A00000063
:109BF0008200000004000000220000000A000000B3
:109C00001A0000003200000082000000C2000000C4
:109C10007200000032000000060000000A00000090
:109C20001A00000004000000E20000000200000032
:109C3000020000000200000002000000000000001E
:109C400000000000020000000200000022000000EE
:109C500002000000240000000200000025000000B7
:109C6000FA0000002900000052000000310000004E
:109C7000520000002100000052000000FF00000020
:109C800052000000210000005200000031000000DE
:109C900052000000290000005200000025000000D2
:109CA000FA00000024000000020000002200000072
:109CB000020000000200000002000000000000009E
:109CC000000000000000000008000000400000004C
:109CD00010000000400000002000000040000000D4
:109CE0004000000040000000800000004100000033
:109CF0000000000042000000000000004F000000D3
:109D0000FF000000700000000000000042000000A2
:109D100000000000410000000000000040000000C2
:109D200080000000400000004000000040000000F3
:109D300030000000000000000000000000000000F3
:109D400000000000020000000100000042000000CE
:109D50000200000033000000FC00000000000000D2
:109D600002000000000000000100000047000000A9
:109D7000FF000000440000009100000054000000BB
:109D80009100000054000000910000004F0000000E
:109D9000FD0000005400000091000000640000007D
:109DA0009500000044000000930000000700000040
:109DB000FD000000000000000100000000000000A5
:109DC000000000000200000000000000020000008F
:109DD0000200000042000000040000003300000008
:109DE000F800000000000000040000001000000067
:109DF000020000001200000002000000110000003C
:109E000082000000100000000200000010000000AE
:109E100012000000100000000A000000FF00000017
:109E2000F20000001000000002000000100000001E
:109E3000020000001000000002000000000000000E
:109E400000000000020000000000000042000000CE
:109E50000000000033000000FE00000000000000D1
:109E600004000000000000000800000022000000C4
:109E7000000000002A000000FF0000002A0000008F
:109E8000A80000002A000000A8000000FE0000005A
:109E9000A80000002A000000AA0000002A0000001C
:109EA000A90000002A000000FE00000022000000BF
:109EB00000000000020000000000000000000000A0
:109EC0000000000008000000020000000800000080
:109ED00002000000280000000A0000002B00000023
:109EE000EA0000002A000000AA0000002A0000008A
:109EF000AA0000002A000000AA0000003F000000A5
:109F0000FE0000004A000000AA0000004A00000015
:109F1000AA0000004A000000AA000000CB000000D8
:109F2000EA000000480000000A00000008000000ED
:109F30000200000008000000020000000000000015
:109F400000000000020000000400000022000000E9
:109F5000480000002A00000052000000A600000097
:109F60004100000063000000FE0000002600000029
:109F7000400000002A000000500000002200000005
:109F80004900000000000000060000003F00000043
:109F9000F800000022000000000000002200000085
:109FA0000000000023000000FF000000420000004D
:109FB000000000000200000000000000000000009F
:109FC0000000000000000000080000000000000089
:109FD000300000003F000000C0000000240000002E
:109FE0000000000024000000FC000000A4000000AD
:109FF00088000000640000008800000024000000C9
:10A0000088000000240000008800000024000000F8
:10A010008800000024000000880000003C000000D0
:10A02000FC00000000000000000000000000000034
:10A0300000000000040000002000000044000000B8
:10A04000E000000047000000200000004400000085
:10A050002000000044000000A000000004000000F8
:10A060007400000010000000080000001000000054
:10A0700030000000FF000000C000000010000000E1
:10A0800000000000100000000400000010000000AC
:10A09000040000001F000000F800000000000000A5
:10A0A0000000000008000000040000001000000094
:10A0B000180000002F000000E00000004900000030
:10A0C00020000000C900000020000000490000003E
:10A0D000200000004F000000F800000059000000C0
:10A0E000200000006900000020000000490000007E
:10A0F0002400000009000000240000000F00000000
:10A10000FC00000000000000000000000000000053
:10A110000000000002000000000000000400000039
:10A12000000000001F000000FC000000E000000034
:10A130000000000000000000040000001300000008
:10A140000400000010000000E40000009000000087
:10A1500004000000700000000C000000100000006F
:10A1600074000000170000008400000010000000D0
:10A1700004000000000000000400000000000000D7
:10A180000000000024000000200000002400000067
:10A19000C00000003F000000FC000000450000007F
:10A1A00000000000440000008000000009000000E2
:10A1B0002400000011000000240000002A0000001C
:10A1C00048000000E4000000A80000002900000092
:10A1D0009000000032000000A0000000000000001D
:10A1E000C00000000000000080000000000000002F
:10A1F000000000003A0000000400000022000000FF
:10A2000004000000220000004400000022000000C2
:10A21000C80000002300000048000000AE0000005D
:10A22000500000006200000020000000220000003A
:10A230002000000022000000500000002300000069
:10A240009000000022000000080000002200000032
:10A25000040000003A0000000000000000000000C0
:10A2600000000000440000008800000024000000FE
:10A27000880000000800000090000000FE000000C0
:10A28000A000000000000000FC0000002200000010
:10A290008400000025000000C80000002400000029
:10A2A000A0000000FC00000090000000240000005E
:10A2B000A800000024000000C800000024000000E6
:10A2C0008400000020000000840000000000000066
:10A2D00000000000100000008000000013000000DB
:10A2E00000000000FF000000FC0000001200000061
:10A2F000000000000500000004000000080000004D
:10A30000440000001400000034000000250000009C
:10A3100004000000C4000000C4000000240000008D
:10A320000C000000140000003400000009000000D0
:10A33000C400000004000000040000000000000051
:10A3400000000000220000000400000022000000C5
:10A350000400000025000000F400000029000000B7
:10A3600054000000310000005400000021000000F3
:10A3700054000000FD000000540000002100000017
:10A3800054000000310000005400000029000000CB
:10A390005400000025000000F4000000220000002E
:10A3A0000400000022000000040000000000000083
:10A3B00000000000100000008000000013000000FA
:10A3C00000000000FF000000FC0000001200000080
:10A3D0000000000001000000240000002F00000029
:10A3E000A4000000FA000000A80000002A000000FD
:10A3F000B00000002A000000E00000002A00000079
:10A40000B0000000FA000000A80000002F000000CB
:10A41000A400000020000000240000000000000054
:10A420000000000010000000080000001200000002
:10A4300008000000120000000800000013000000E7
:10A44000F8000000120000001000000012000000E0
:10A4500010000000100000001000000010000000BC
:10A4600000000000FF00000080000000100000005D
:10A47000600000009000000010000000500000008C
:10A4800008000000100000003C0000000000000078
:10A4900000000000000000000000000000000000BC
:10A4A00000000000000000000400000000000000A8
:10A4B00068000000000000007000000000000000C4
:10A4C000000000000000000000000000000000008C
:10A4D000000000000000000000000000000000007C
:10A4E000000000000000000000000000000000006C
:10A4F000000000000000000000000000000000005C
:10A5000000000000040000000000000084000000C3
:10A510000000000067000000F800000000000000DC
:10A5200010000000040000002000000055000000A2
:10A53000FC00000055000000500000005500000025
:10A5400050000000FD000000500000005500000019
:10A5500054000000550000005400000055000000A9
:10A56000FC000000040000000000000000000000EB
:10A570000000000010000000800000001300000038
:10A5800000000000FF000000FC00000012000000BE
:10A5900000000000110000000000000000000000AA
:10A5A000000000007F000000FC00000049000000E7
:10A5B00008000000490000001000000049000000F1
:10A5C000C000000049000000300000007F000000D3
:10A5D00048000000000000008400000000000000AF
:10A5E00000000000100000008400000010000000C7
:10A5F00084000000FF000000FC00000011000000CB
:10A600000400000000000000180000007F000000AF
:10A61000E0000000490000000000000049000000C8
:10A620003C00000049000000240000004F00000032
:10A63000E400000049000000240000007900000050
:10A640003C000000010000000000000000000000CD
:10A650000000000010000000840000001000000056
:10A6600084000000FF000000FC000000110000005A
:10A6700000000000120000000400000001000000C3
:10A68000080000007D000000700000005500000080
:10A690000800000055000000040000005500000004
:10A6A000FC00000055000000240000007D000000B8
:10A6B0002400000001000000040000000000000071
:10A6C0000000000004000000100000000400000072
:10A6D0002000000044000000400000004500000091
:10A6E000800000004400000004000000440000005E
:10A6F0000400000047000000FC00000044000000CF
:10A7000000000000440000000000000045000000C0
:10A710000000000044000000800000000400000071
:10A7200040000000040000003000000000000000B5
:10A730000000000010000000840000001000000075
:10A7400084000000FF000000FC0000001100000079
:10A750000000000000000000480000000E000000A3
:10A7600048000000EA00000050000000AE000000B9
:10A7700060000000A0000000FC000000AE0000002F
:10A7800060000000EA000000500000000E00000021
:10A790004800000000000000480000000000000029
:10A7A00000000000020000000000000004000000A3
:10A7B000000000001F000000FC000000E00000009E
:10A7C000000000000400000000000000180000006D
:10A7D00000000000E0000000000000003F0000005A
:10A7E000FC00000022000000200000002200000009
:10A7F00020000000220000002000000022000000D5
:10A8000020000000200000002000000000000000E8
:10A810000000000000000000000000000000000038
:10A8200000000000000000006000000000000000C8
:10A8300090000000000000009000000000000000F8
:10A8400060000000000000000000000000000000A8
:10A8500000000000000000000000000000000000F8
:10A8600000000000000000000000000000000000E8
:10A8700000000000000000000000000000000000D8
:10A880000000000010000000840000001000000024
:10A8900084000000FF000000FC0000001100000028
:10A8A0000000000000000000000000003A0000006E
:10A8B000040000002200000044000000230000000B
:10A8C000C8000000AE000000300000006200000080
:10A8D00020000000220000005000000023000000C3
:10A8E000880000003A0000000400000000000000A2
:10A8F00000000000400000000000000040000000D8
:10A9000000000000400000000000000040000000C7
:10A910000000000040000000000000007F00000078
:10A92000FC000000400000000000000040000000AB
:10A930000000000044000000000000004200000091
:10A940000000000041000000800000004000000006
:10A9500000000000400000000000000000000000B7
:10A9600000000000000000000400000000000000E3
:10A97000180000007F000000E0000000440000001C
:10A98000800000004400000080000000440000003F
:10A990008000000044000000800000007F000000F4
:10A9A000F8000000440000008000000044000000A7
:10A9B000800000004400000084000000440000000B
:10A9C000840000007F000000FC0000000000000088
:10A9D0000000000000000000040000000000000073
:10A9E000180000003F000000E0000000220000000E
:10A9F0000000000022000000000000002200000013
:10AA000000000000A2000000000000006200000042
:10AA100000000000220000000000000022000000F2
:10AA200000000000220000000000000022000000E2
:10AA3000000000003F0000000000000000000000D7
:10AA40000000000010000000840000001000000062
:10AA500084000000FF000000FC0000001100000066
:10AA60000000000000000000000000003A000000AC
:10AA70000400000022000000440000002300000049
:10AA8000C8000000AE0000003000000062000000BE
:10AA90002000000022000000500000002300000001
:10AAA000880000003A0000000400000000000000E0
:10AAB00000000000080000008000000014000000FA
:10AAC00080000000E7000000F80000002400000003
:10AAD0009400000000000000280000002600000094
:10AAE000100000003B000000E8000000080000002B
:10AAF000080000002A000000A4000000FF00000081
:10AB0000FC0000002A000000A40000003E0000003D
:10AB1000A400000008000000240000000000000065
:10AB200000000000210000000000000027000000DD
:10AB3000F80000003A0000001000000022000000B1
:10AB40001000000023000000F000000010000000D2
:10AB5000040000002F000000F8000000C900000001
:10AB60002000000049000000200000004F0000000D
:10AB7000F8000000590000002000000069000000FB
:10AB8000240000000F000000FC0000000000000096
:10AB90000000000008000000000000008800000025
:10ABA000000000006F000000F00000000000000046
:10ABB0002000000000000000440000000000000031
:10ABC000080000000000000030000000010000004C
:10ABD000C0000000FE0000000000000001000000B6
:10ABE000C000000000000000300000000000000075
:10ABF0000800000000000000040000000000000049
:10AC00000000000000000000000000000000000044
:10AC100030000000000000003000000000000000D4
:10AC20000000000000000000000000000000000024
:10AC30000000000000000000000000000000000014
:10AC40000000000000000000000000000000000004
:10AC500000000000000000000000000000000000F4
:10AC600000000000000000000000000000000000E4
:10AC7000000000000000000000000000FF000000D5
:10AC8000FC000000800000000800000093000000AD
:10AC9000C800000092000000480000009200000080
:10ACA00048000000FE000000480000009200000084
:10ACB00048000000920000004800000093000000DF
:10ACC000C8000000900000000800000080000000A4
:10ACD00008000000FF000000FC0000000000000071
:10ACE0000000000030000000040000002000000010
:10ACF0000800000024000000F00000002400000014
:10AD0000080000002400000004000000A40000006F
:10AD10000400000067000000FC00000024000000A8
:10AD20004400000024000000440000002400000053
:10AD30004400000024000000440000002000000047
:10AD400004000000300000000400000000000000CB
:10AD50000000000011000000040000001E000000C0
:10AD600088000000F000000050000000100000000B
:10AD7000600000001F0000009800000000000000BC
:10AD8000000000004200000000000000420000003F
:10AD90000400000042000000040000004F0000001A
:10ADA000FC000000520000000000000062000000F3
:10ADB0000000000002000000000000000000000091
:10ADC0000000000004000000000000000800000077
:10ADD000000000003F000000FC000000C000000078
:10ADE0000000000044000000880000004C0000004B
:10ADF0008800000077000000F80000004400000018
:10AE0000900000004C0000009000000000000000D6
:10AE1000000000001F000000C4000000000000004F
:10AE200004000000FF000000FC0000000000000023
:10AE300000000000000000000400000010000000FE
:10AE400004000000110000000400000010000000D9
:10AE5000C40000001000000034000000900000005A
:10AE6000040000005000000004000000100000007A
:10AE70000C00000010000000340000001000000072
:10AE8000C4000000130000000400000010000000D7
:10AE900004000000000000000400000000000000AA
:10AEA00000000000100000008400000010000000FE
:10AEB00084000000FF000000FC0000001100000002
:10AEC0000000000000000000400000007A000000C8
:10AED000480000004A000000580000007A0000000E
:10AEE000680000004F000000C80000007A00000069
:10AEF000480000004A000000580000007A000000EE
:10AF00004C000000000000004000000000000000B5
:10AF10000000000004000000000000000800000025
:10AF2000000000003F000000FC000000C000000026
:10AF3000000000002F0000000400000029000000B5
:10AF400088000000290000005000000029000000D7
:10AF500020000000FF000000D000000029000000D9
:10AF6000080000002900000008000000290000007F
:10AF7000040000002F00000004000000000000009A
:10AF8000000000001000000084000000100000001D
:10AF900084000000FF000000FC0000001100000021
:10AFA0000000000000000000400000007A000000E7
:10AFB000480000004A000000580000007A0000002D
:10AFC000680000004F000000C80000007A00000088
:10AFD000480000004A000000580000007A0000000D
:10AFE0004C000000000000004000000000000000D5
:10AFF00000000000100000004000000011000000F0
:10B00000800000001600000000000000FF000000AB
:10B01000FC00000012000000000000001100000011
:10B0200000000000020000000000000042000000DC
:10B030000000000042000000000000007F0000004F
:10B04000FC00000042000000000000004200000080
:10B0500000000000020000000000000000000000EE
:10B0600000000000010000000000000009000000D6
:10B070002000000049000000240000004F000000F4
:10B08000E400000049000000240000004900000026
:10B09000240000007F000000FC00000049000000C8
:10B0A0002400000089000000240000008F00000040
:10B0B000E4000000890000002400000009000000F6
:10B0C000200000000100000000000000000000005F
:10B0D000000000000000000004000000200000004C
:10B0E000040000002F000000FC0000002A00000007
:10B0F000A40000002A000000A40000002A000000B4
:10B10000A4000000FA000000A40000002A000000D3
:10B11000A40000002A000000A40000002A00000093
:10B12000A40000002F000000FC0000002000000030
:10B130000400000000000000040000000000000007
:10B140000000000000000000000000003F000000C0
:10B15000FC000000200000000000000020000000B3
:10B160000000000067000000C0000000A400000014
:10B170004000000024000000400000002400000007
:10B1800040000000240000004000000027000000F4
:10B19000C0000000200000000400000020000000AB
:10B1A000040000003F000000FC0000000000000060
:10B1B000000000004000000000000000400000000F
:10B1C00000000000400000000000000040000000FF
:10B1D0000000000040000000000000007F000000B0
:10B1E000FC000000400000000000000040000000E3
:10B1F00000000000440000000000000042000000C9
:10B20000000000004100000080000000400000003D
:10B2100000000000400000000000000000000000EE
:10B22000000000000000000084000000100000008A
:10B230008800000090000000B00000005F000000E7
:10B24000C00000003000000080000000100000007E
:10B2500080000000100000008000000010000000CE
:10B260008000000030000000800000005F0000004F
:10B27000FC000000900000008000000010000000B2
:10B2800080000000000000008000000000000000BE
:10B2900000000000020000000000000004000000A8
:10B2A000000000001F000000FC000000E0000000A3
:10B2B000000000000100000008000000790000000C
:10B2C000100000004900000060000000490000007C
:10B2D000800000004F000000FC000000490000005A
:10B2E00080000000490000006000000079000000BC
:10B2F0001000000001000000080000000000000035
:10B300000000000010000000840000001000000099
:10B3100084000000FF000000FC000000110000009D
:10B320000000000012000000000000000400000007
:10B330008000000024000000A000000024000000A5
:10B3400090000000FC0000008400000024000000C9
:10B350008400000027000000FC0000002400000022
:10B3600080000000040000008000000000000000D9
:10B370000000000055000000FC0000005500000027
:10B3800050000000FD0000005000000055000000CB
:10B390005400000055000000FC00000010000000F8
:10B3A000000000002900000024000000C900000087
:10B3B000240000004F000000FC00000059000000C5
:10B3C0002000000069000000200000000F000000C5
:10B3D000F00000000100000000000000000000007C
:10B3E0000000000000000000040000000000000059
:10B3F0000400000000000000040000001F00000026
:10B40000FC0000000000000004000000000000003C
:10B41000040000000000000004000000FF00000025
:10B42000FC00000004000000040000000400000014
:10B4300004000000040000000400000004000000FC
:10B4400004000000000000000400000000000000F4
:10B45000000000003A00000004000000220000008C
:10B460000400000022000000440000002200000050
:10B47000C80000002300000048000000AE000000EB
:10B4800050000000620000002000000022000000C8
:10B4900020000000220000005000000023000000F7
:10B4A00090000000220000000800000022000000C0
:10B4B000040000003A00000000000000000000004E
:10B4C000000000004400000088000000240000008C
:10B4D000880000000800000090000000FE0000004E
:10B4E000A000000000000000FC000000220000009E
:10B4F0008400000025000000C800000024000000B7
:10B50000A0000000FC0000009000000024000000EB
:10B51000A800000024000000C80000002400000073
:10B5200084000000200000008400000000000000F3
:10B530000000000030000000840000002000000037
:10B5400084000000240000008800000024000000A7
:10B550009000000024000000E0000000A4000000B3
:10B560008000000064000000800000002400000053
:10B570008000000024000000F8000000240000000B
:10B58000840000002400000084000000200000006F
:10B5900084000000300000009C000000000000005B
:10B5A000000000000000000040000000FE0000005D
:10B5B00040000000220000004000000022000000C7
:10B5C00040000000240000004000000024000000B3
:10B5D0004000000001000000FC000000FC00000032
:10B5E00040000000120000004000000012000000B7
:10B5F0004000000022000000400000004200000067
:10B60000400000000E0000004000000000000000AC
:10B610000000000000000000080000000000000022
:10B62000300000007F000000C00000004800000063
:10B630000000000049000000FC000000490000007C
:10B640000800000049000000080000004900000058
:10B650000800000049000000080000008900000008
:10B6600008000000890000000800000089000000B8
:10B67000FC000000080000000000000000000000C6
:10B6800000000000020000000000000002000000B6
:10B6900000000000020000000000000002000000A6
:10B6A0000000000002000000000000000200000096
:10B6B0000000000002000000000000000200000086
:10B6C0000000000002000000000000000200000076
:10B6D0000000000002000000000000000200000066
:10B6E0000000000002000000000000000000000058
:10B6F0000000000040000000040000004F000000B7
:10B70000E4000000480000000800000048000000BD
:10B710000800000048000000100000005800000071
:10B72000200000006B000000C00000004800000086
:10B730001000000048000000100000004800000059
:10B740001000000048000000080000004F0000004A
:10B75000E8000000400000000400000000000000BD
:10B760000000000008000000880000003900000010
:10B7700088000000CA000000880000000C000000E3
:10B780009000000030000000900000000000000069
:10B79000000000007F000000FC000000000000002E
:10B7A0004400000024000000840000001500000098
:10B7B00004000000FF000000F4000000150000007D
:10B7C0000400000024000000C4000000000000008D
:10B7D0000000000019000000880000002A0000009E
:10B7E00088000000CC00000090000000180000005D
:10B7F00090000000000000000000000009000000B0
:10B80000440000002C000000C80000002A000000D6
:10B8100050000000F8000000600000002B00000055
:10B82000C000000028000000500000002A000000B6
:10B830004C0000000C000000400000000000000070
:10B8400000000000000000000400000040000000B4
:10B850000400000047000000FC0000004000000061
:10B860000400000040000000040000004000000050
:10B87000040000007F000000FC0000004100000008
:10B88000040000004100000004000000410000002E
:10B89000040000004100000004000000400000001F
:10B8A0000400000000000000040000000000000090
:10B8B00000000000200000008000000021000000C7
:10B8C0000000000022000000000000002F00000027
:10B8D000FC0000003000000008000000E100000053
:10B8E0000800000021000000080000002100000006
:10B8F000080000002F000000F800000021000000F8
:10B9000008000000210000000800000021000000E5
:10B9100008000000200000000800000000000000F7
:10B920000000000010000000800000001300000074
:10B9300000000000FF000000FC00000012000000FA
:10B9400000000000050000000400000008000000E6
:10B950004400000014000000340000002500000036
:10B9600004000000C4000000C40000002400000027
:10B970000C0000001400000034000000090000006A
:10B98000C4000000040000000400000000000000EB
:10B99000000000002200000004000000220000005F
:10B9A0000400000025000000F40000002900000051
:10B9B000540000003100000054000000210000008D
:10B9C00054000000FD0000005400000021000000B1
:10B9D0005400000031000000540000002900000065
:10B9E0005400000025000000F400000022000000C8
:10B9F000040000002200000004000000000000001D
:10BA000000000000080000000000000088000000A6
:10BA1000000000006F000000F000000000000000C7
:10BA20002000000000000000440000007F00000033
:10BA3000F800000042000000000000004A00000082
:10BA4000F00000007E000000900000004A000000AE
:10BA5000900000004A000000F400000042000000D6
:10BA6000040000007F000000FC0000000000000057
:10BA70000000000020000000000000002200000084
:10BA8000000000002200000000000000FA0000009A
:10BA90000000000022000000000000002300000061
:10BAA000FC00000022000000000000002200000056
:10BAB000000000002200000000000000FA0000006A
:10BAC0001000000022000000100000002300000011
:10BAD000E000000020000000000000000000000066
:10BAE000000000000200000004000000020000004E
:10BAF00008000000FA000000F0000000AA000000AA
:10BB000008000000AA00000004000000AA000000D5
:10BB100004000000AB000000FC000000AA000000D0
:10BB200044000000AA00000044000000AA00000039
:10BB300044000000FA000000440000000200000081
:10BB400004000000020000000400000000000000EB
:10BB500000000000020000000000000042000000A1
:10BB60000000000044000000FC0000004400000051
:10BB7000880000004800000088000000500000001D
:10BB8000880000007F0000008800000040000000E6
:10BB90008800000048000000880000004800000005
:10BBA0008800000044000000FC0000004400000089
:10BBB0000000000002000000000000000000000083
:10BBC0000000000000000000040000004000000031
:10BBD0000400000047000000FC00000040000000DE
:10BBE00004000000400000000400000040000000CD
:10BBF000040000007F000000FC0000004100000085
:10BC000004000000410000000400000041000000AA
:10BC1000040000004100000004000000400000009B
:10BC2000040000000000000004000000000000000C
:10BC300000000000210000000000000027000000BC
:10BC4000F80000003A000000100000002200000090
:10BC50001000000023000000F000000010000000B1
:10BC6000040000002F000000F8000000C9000000E0
:10BC70002000000049000000200000004F000000EC
:10BC8000F8000000590000002000000069000000DA
:10BC9000240000000F000000FC0000000000000075
:10BCA00000000000100000008400000010000000F0
:10BCB00084000000FF000000FC00000011000000F4
:10BCC0000000000000000000000000007F000000F5
:10BCD000F8000000410000000400000041000000E6
:10BCE000040000007F00000004000000410000008C
:10BCF0000400000041000000040000007F0000007C
:10BD000004000000000000001C0000000000000013
:10BD100000000000020000000400000042000000DB
:10BD20000800000033000000F000000000000000E8
:10BD30000800000022000000440000002E00000067
:10BD4000440000003200000044000000E200000057
:10BD5000440000002F000000FC0000002200000052
:10BD60004400000022000000440000002200000007
:10BD7000440000000000000044000000000000003B
:10BD8000000000001000000084000000100000000F
:10BD900084000000FF000000FC0000001100000013
:10BDA00000000000140000008400000024000000D7
:10BDB000A400000034000000E8000000AF00000014
:10BDC0009000000064000000900000002C000000C3
:10BDD000A800000034000000C8000000240000009B
:10BDE000840000000400000080000000000000004B
:10BDF00000000000080000002000000048000000D3
:10BE0000C00000004B000000000000007F000000A8
:10BE1000FC00000089000000000000008800000015
:10BE20008000000000000000000000003F00000053
:10BE3000F0000000200000002000000020000000B2
:10BE40002000000020000000200000002000000072
:10BE5000200000003F000000F00000000000000093
:10BE600000000000020000000000000004000000CC
:10BE7000000000001F000000FC000000E0000000C7
:10BE8000000000000400000000000000240000008A
:10BE90008000000025000000800000002E0000004F
:10BEA00090000000F4000000880000002400000062
:10BEB0009400000024000000A00000002400000006
:10BEC000C0000000040000000000000000000000AE
:10BED0000000000000000000440000007F0000009F
:10BEE0009800000040000000000000005700000023
:10BEF000180000005500000004000000550000007C
:10BF00002400000057000000540000004000000022
:10BF100084000000FD00000004000000420000005A
:10BF20000C0000004500000000000000D8000000E8
:10BF30009000000041000000CC0000000000000064
:10BF4000000000000200000040000000F2000000BD
:10BF50007C00000092000000A4000000920000009D
:10BF6000A40000009300000024000000F200000084
:10BF70003C0000000600000000000000F20000008D
:10BF80003C00000093000000240000009A00000024
:10BF9000A400000096000000A4000000F2000000D1
:10BFA0007C000000020000004000000000000000D3
:10BFB0000000000002000000080000000300000074
:10BFC000F8000000FA000000A8000000AA0000002D
:10BFD000A8000000AA000000B0000000AB000000B4
:10BFE000FC000000AA00000010000000AA000000F1
:10BFF000C4000000AA000000A8000000AA00000081
:10C0000090000000FA000000A800000002000000FC
:10C01000C400000002000000040000000000000056
:10C0200000000000200000000800000020000000C8
:10C03000080000003F000000F800000020000000A1
:10C040000000000020000000040000004F0000007D
:10C05000C800000048000000100000005800000068
:10C06000600000006B00000080000000480000003D
:10C070002000000048000000100000004F000000F9
:10C08000CC000000400000000000000000000000A4
:10C090000000000012000000080000001100000075
:10C0A000C8000000900000000800000070000000C0
:10C0B000D000000017000000100000000000000089
:10C0C000000000007A000000FC0000000A000000F0
:10C0D000800000000B000000F8000000FA000000E3
:10C0E000800000000A000000F80000000A000000C4
:10C0F000840000007A000000FC0000000000000046
:10C100000000000000000000000000001F00000010
:10C11000FC0000003100000008000000D100000019
:10C120000800000011000000080000001F000000CF
:10C13000FC000000080000000000000010000000EB
:10C1400000000000E20000000000000021000000EC
:10C15000800000002000000004000000200000001B
:10C16000040000003F000000F80000000000000094
:10C17000000000001F000000880000001000000008
:10C1800088000000FF000000F80000001000000020
:10C19000900000001F000000B80000000000000038
:10C1A000000000007C00000024000000550000009A
:10C1B000A800000056000000E40000007C00000021
:10C1C000BC00000054000000A0000000550000006A
:10C1D000280000007C000000640000000000000057
:10C1E000000000000C0000002400000034000000EB
:10C1F00064000000C4000000A4000000050000006E
:10C2000024000000060000002400000018000000C8
:10C210002400000000000000040000000C000000EA
:10C220006400000034000000A4000000C50000000D
:10C2300024000000060000002400000004000000AC
:10C24000240000001800000024000000000000008E
:10C25000000000001000000084000000100000003A
:10C2600084000000FF000000FC000000110000003E
:10C270000000000000000000000000003A00000084
:10C28000000000002200000000000000220000006A
:10C2900004000000A2000000040000006300000091
:10C2A000FC0000002200000000000000220000004E
:10C2B000000000003A000000000000000000000044
:10C2C00000000000100000008000000013000000CB
:10C2D00000000000FF000000FC0000001200000051
:10C2E0000000000013000000080000000C00000027
:10C2F000180000007000000068000000010000004D
:10C30000880000000600000008000000E0000000B7
:10C310004800000018000000380000000400000081
:10C320000C000000020000000000000000000000FF
:10C330000000000002000000240000000C000000CB
:10C3400058000000F20000008000000029000000FA
:10C35000000000002600000050000000380000002F
:10C360008C0000001100000000000000160000001A
:10C3700010000000F80000000C0000001600000093
:10C3800000000000910000000000000050000000CC
:10C3900090000000100000004C00000000000000B1
:10C3A0000000000002000000000000000400000087
:10C3B000000000001F000000FC000000E000000082
:10C3C0000000000000000000040000001300000056
:10C3D0000400000010000000E400000090000000D5
:10C3E00004000000700000000C00000010000000BD
:10C3F000740000001700000084000000100000001E
:10C400000400000000000000040000000000000024
:10C4100000000000020000000000000042000000D8
:10C420000000000042000000000000004200000088
:10C430000000000042000000040000004200000074
:10C44000040000007F000000FC000000420000002B
:10C450000000000042000000000000004200000058
:10C460000000000042000000000000004200000048
:10C4700000000000020000000000000000000000BA
:10C480000000000000000000040000004000000068
:10C490000400000041000000040000004100000012
:10C4A0000400000041000000040000004100000002
:10C4B00004000000410000000400000041000000F2
:10C4C00004000000410000000400000041000000E2
:10C4D00004000000410000000400000040000000D3
:10C4E0000400000000000000040000000000000044
:10C4F0000000000001000000100000007D000000AE
:10C500002000000055000000400000007F000000F7
:10C51000FC00000055000000400000007D0000000D
:10C520002000000000000000040000004F00000098
:10C53000E800000058000000100000006B00000040
:10C54000E000000048000000100000004F00000064
:10C55000EC000000400000000000000000000000AF
:10C560000000000000000000000000003F0000008C
:10C57000C00000002000000080000000200000003B
:10C58000800000002000000080000000200000006B
:10C5900080000000FF000000FC0000002000000000
:10C5A000800000002000000080000000200000004B
:10C5B0008000000020000000800000003F0000001C
:10C5C000C0000000000000000000000000000000AB
:10C5D0000000000000000000000000001F0000003C
:10C5E000FC0000008000000000000000600000006F
:10C5F000000000000F000000E00000004900000003
:10C600002000000049000000200000004900000058
:10C610002000000049000000200000004F00000042
:10C62000E0000000400000000400000040000000A6
:10C63000040000007F000000FC000000000000007B
:10C640000000000010000000040000001F000000B7
:10C65000F8000000920000000000000052000000FE
:10C660000400000013000000FC00000008000000AF
:10C67000040000001000000008000000E5000000B9
:10C68000F000000024000000080000002700000067
:10C69000FC00000024000000440000002600000010
:10C6A0004400000020000000040000000000000022
:10C6B00000000000080000008000000014000000DE
:10C6C00080000000E7000000FC00000024000000E3
:10C6D000880000002400000090000000000000001E
:10C6E00000000000410000000400000041000000C4
:10C6F000FC0000007F00000004000000410000007A
:10C700000400000041000000040000007F00000061
:10C71000FC00000000000000040000000000000019
:10C7200000000000110000000000000022000000D6
:10C730000000000047000000FC000000980000001E
:10C74000000000000000000080000000FA0000006F
:10C75000A0000000AA00000090000000AA00000055
:10C7600080000000AA00000084000000AA00000071
:10C7700084000000AB000000FC000000FA00000094
:10C7800080000000000000008000000000000000A9
:10C79000000000003F000000F00000002200000048
:10C7A0002000000022000000200000003F000000E8
:10C7B000F000000000000000000000001000000079
:10C7C0000000000012000000000000001100000046
:10C7D00080000000100000000400000010000000B5
:10C7E00004000000FF000000FC000000100000003A
:10C7F0000000000010000000000000000000000029
:10C800000000000000000000100000000000000018
:10C8100070000000070000009000000018000000F9
:10C8200080000000070000009000000000000000F1
:10C830007000000000000000100000000000000078
:10C8400000000000000000000000000000000000E8
:10C8500000000000000000000000000000000000D8
:10C8600000000000000000000000000000000000C8
:10C870000000000010000000100000001F00000079
:10C88000F000000010000000100000001000000088
:10C890001000000008000000200000000700000059
:10C8A000C0000000000000000000000000000000C8
:10C8B0000000000000000000000000000000000078
:10C8C0000000000000000000000000000000000068
:10C8D0000000000000000000000000000000000058
:10C8E0000000000007000000C00000000800000079
:10C8F00020000000100000001000000010000000E8
:10C900001000000010000000100000001C000000DB
:10C9100020000000000000000000000000000000F7
:10C920000000000000000000000000000000000007
:10C9300000000000000000000000000000000000F7
:10C9400000000000000000000000000000000000E7
:10C9500000000000040000000000000008000000CB
:10C96000000000003F000000FC000000C0000000CC
:10C970000000000020000000040000002F00000064
:10C98000FC0000002A000000A40000002A000000B3
:10C99000A4000000FA000000A40000002A0000002B
:10C9A000A40000002A000000A40000002F000000E6
:10C9B000FC00000020000000040000000000000057
:10C9C0000000000000000000000000001000000057
:10C9D0001000000010000000100000003F000000E8
:10C9E000F000000000000000100000000000000047
:10C9F0001000000000000000000000000000000027
:10CA00000000000000000000000000000000000026
:10CA10000000000000000000000000000000000016
:10CA20000000000000000000000000000000000006
:10CA3000000000000F000000C00000001000000017
:10CA40002000000020000000100000002000000076
:10CA50001000000010000000200000000F00000087
:10CA6000C000000000000000000000000000000006
:10CA700000000000000000000000000000000000B6
:10CA800000000000000000000000000000000000A6
:10CA90000000000000000000000000000000000096
:10CAA000000000000000000000000000180000006E
:10CAB00060000000200000001000000022000000C4
:10CAC0001000000022000000100000001D00000007
:10CAD000E000000000000000000000000000000076
:10CAE0000000000000000000000000000000000046
:10CAF0000000000000000000000000000000000036
:10CB00000000000000000000000000000000000025
:10CB100000000000000000000400000040000000D1
:10CB20004400000044000000440000004C000000ED
:10CB300044000000540000004400000064000000B5
:10CB40004400000045000000FC000000440000001C
:10CB50004400000054000000440000004C000000AD
:10CB600044000000460000004400000040000000B7
:10CB7000440000000000000004000000000000006D
:10CB80000000000000000000040000001000000091
:10CB9000080000001000000010000000100000005D
:10CBA00010000000100000002800000090000000AD
:10CBB0004800000050000000840000001100000048
:10CBC0000400000012000000040000001400000037
:10CBD0000400000018000000040000001000000025
:10CBE000040000000000000004000000000000003D
:10CBF00000000000000000000000000078000000BD
:10CC00002400000000000000A80000000000000058
:10CC1000A0000000FD000000A400000002000000D1
:10CC2000E400000080000000BC000000C400000020
:10CC3000A0000000A90000002000000090000000FB
:10CC400028000000A800000064000000C4000000EC
:10CC500030000000040000000000000000000000A0
:10CC60000000000000000000040000001F000000A1
:10CC7000F800000012000000000000001200000098
:10CC8000100000001200000010000000130000005F
:10CC9000E000000010000000040000001000000090
:10CCA00008000000FF000000D0000000100000009D
:10CCB0002000000090000000D0000000570000009D
:10CCC00008000000100000003C0000000000000010
:10CCD00000000000020000000400000082000000CC
:10CCE000080000008200000030000000FF0000008B
:10CCF000C000000082000000000000008200000070
:10CD0000000000008200000000000000820000001F
:10CD1000000000008200000000000000FF00000092
:10CD2000FC00000082000000000000008200000003
:10CD300000000000020000000000000000000000F1
:10CD40000000000011000000040000001E000000B0
:10CD500088000000F00000005000000010000000FB
:10CD6000600000001F0000009800000004000000A8
:10CD7000000000000C000000FC0000003400000077
:10CD800088000000C40000008800000004000000CB
:10CD90008800000014000000880000000C00000063
:10CDA000FC00000006000000000000000000000081
:10CDB000000000006800000476005401F7FD000147
:10CDC00075191A0C6A231B1C1F207274433B4138CF
:10CDD000393A6B6C376F06246D6E7000830000006B
:10CDE000000800000001001832000500000020418A
:10CDF0000000D242295C0F3E9A99993E3333733F2B
:10CE0000295C0F3E000070000000002400000002BA
:10CE10000003000000650054FFEF0000FA80000BE3
:10CE200012820001030C30C30E8C8CE914D5400231
:10CE300013710F8E3883F8833000F883258EF883C2
:10CE40003000F883FFFFFFFF0FFEA9D62400040087
:10CE50001A8279A10000003CFFFF000000100000D2
:10CE600038836FA2003E03304000000002CAE3098D
:10CE70003E80000020000000000000004000000094
:10CE800060000000000C0000000C186E000006920C
:10CE90000A16C0DFFFFF0256FD8CD377FFE1C49670
:10CEA000E0C5BEAA00000000FFFF0B2B00001657D4
:10CEB000000003594000000000001DFA00026C1D34
:10CEC000000000003FFFDFEB003EB3B6000D22780C
:10CED00000002F3C00000000001942B5000039A2FC
:10CEE0000000B365D90E9FC91DCF4C34300000003F
:10CEF000500000003BB67AE80064000000C8000063
:10CF000000000000100000001000FA921000225EE5
:10CF1000000D229F0001000000320000FF460000CB
:10CF200063D400001000000004D6000004CC000010
:10CF300004CC00000000107200000040000000005F
:10CF400000000000000600020005000700000000CD
:10CF500000640000000000000000000500050064FF
:10CF60000020000000000000000000000000400061
:10CF70000000030000000032F8980000FF65000088
:10CF8000830F0000FF9BFC00000000000000000079
:10CF90000000000000000000000000000000000091
:10CFA0000000000000000000000000000000000081
:10CFB0000000100040000000000000060000B26AFF
:10CFC000000200000001FB830068000000D9FC00A3
:10CFD0007CF1FF830000000000650000006403E8AE
:10CFE00000640028000000250000000016A00000DA
:10CFF0000000100000001000002F0000000001F4ED
:10D000000000100000280000FFFF4581FFFFFA72BA
:10D010000000000000000000004400050005BAC642
:10D02000004778A200000001000000000000060098
:10D03000000000140000254D002F706D000005AEAB
:10D04000000C02D000000000000000000000000002
:10D0500000000000001B00000000000000000000B5
:10D060000000000000640000000800000000000054
:10D0700000000000000000000000000000000000B0
:10D0800000000000000000000000000000000000A0
:10D090000000000000000000000000000000000090
:10D0A0000000000000000000000000000000000080
:10D0B0000000000000000000000000000000000070
:10D0C00000000000001B0000000000000000000045
:10D0D000000E000E00000AC700040000000000322D
:10D0E000FFFFFF9C00000B2B00000002000000016E
:10D0F00000000064FFE500000000000000000000E8
:10D10000000000000000000100000000000100001D
:10D11000000000000001800000018000000180008C
:10D12000002426D3000000000000000000060010CC
:10D130000096003C0000000000000000000000001D
:10D14000000000000C0A4E68CDCF770950166759D1
:10D15000C619CE82000000000000000000000000A0
:10D1600000000000000000000000000017D784004D
:10D17000030000000000000000000000C7938F9D26
:10D180001E1B1C1900000000000000000000000031
:10D1900000000000000000000000000002031885ED
:10D1A0000000400000000003000000030000000039
:10D1B000000000004000000000000000000000002F
:10D1C000000000000000000000000000000000005F
:10D1D000000000000000000000000000000000004F
:10D1E0000000000000000000677DDF7E72902E5579
:10D1F0004CF6E6880000000000000000000000007F
:10D2000000000000D8DCB4B8B0D8B9ABF3F8FAB37A
:10D21000B7BB8E9EAEF132F51BF1B4B8B08097F17A
:10D22000A9DFDFDFAADFDFDFF2AAC5CDC7A90CC9FE
:10D230002C97F1A989264666B28999A92D557DB00A
:10D24000B08AA896365676F1BAA3B4B280C0B8A810
:10D250009711B28398BAA3F0240844106418B2B9A5
:10D26000B49883F1A329557DBAB5B1A38393F00097
:10D270002850F5B2B6AA839328547CF1B9A38293BF
:10D2800061BAA2DADEDFDB819AB9AEF5606870F1CF
:10D29000DABAA2DFD9BAA2FAB9A38292DB31BAA272
:10D2A000D9BAA2F8DF85A4D0C1BBAD83C2C5C7B8C7
:10D2B000A2DFDFDFBAA0DFDFDFD8D8F1B8AAB38DF5
:10D2C000B4980D355DB2B6BAAF8C96198F9FA70E84
:10D2D000161EB49AB8AA872C547CBAA4B08AB69108
:10D2E000325676B28494A4C808CDD8B8B4B0F199B7
:10D2F00082A82D557D98A80E161EA22C547C92A4AF
:10D30000F02C5078F184A898C4CDFCD80DDBA8FC93
:10D310002DF3D9BAA6F8DABAA6DED8BAB2B686968E
:10D32000A6D0F3C841DAA6C8F8D8B0B4B882A8929B
:10D33000F52C548898F135D9F418D8F1A2D0F8F921
:10D34000A884D9C7DFF8F883C5DADF69DF83C1D8DD
:10D35000F40114F1A8824EA884F311D182F5D99278
:10D36000289788F109F41C1CD884A8F3C0F9D1D9F6
:10D370009782F129F40DD8F3F9F9D1D982F4C203D7
:10D38000D8DEDF1AD8F1A2FAF9A88498D9C7DFF855
:10D39000F8F883C7DADF69DFF883C3D8F40114F142
:10D3A00098A8822EA884F311D182F5D9925097883B
:10D3B000F109F41CD884A8F3C0F8F9D1D99782F107
:10D3C00049F40DD8F3F9F9D1D982F4C403D8DEDFDA
:10D3D000D8F1AD8898CCA809F9D98292A8F57CF14A
:10D3E000883ACF944A6E98DB6931DAADF2DEF9D82B
:10D3F0008795A8F221D1DAA5F9F417D9F1AE8ED02C
:10D40000C0C3AE82C684C3A88595C8A588F2C0F102
:10D41000F4010EF18E9EA8C63E56F554F18872F4C2
:10D420000115F19845856EF58E9E0488F142985A53
:10D430008E9E068869F4011CF1981E1108D0F5042F
:10D44000F11E970202983625DBF9D985A5F3C1DADA
:10D4500085A5F3DFD88595A8F309DAA5FAD88292D5
:10D46000A8F578F1881A849F26889821DAF41DF3AC
:10D47000D8879F39D1AFD9DFDFFBF9F40CF3D8FAA5
:10D48000D0F8DAF9F9D0DFD9F9D8F40BD8F3879FBF
:10D4900039D1AFD9DFDFF41DF3D8FAFCA869F9F967
:10D4A000AFD0DADEFAD9F88F9FA8F1CCF398DB453C
:10D4B000D9AFDFD0F8D8F18F9FA8CAF38809DAAFC7
:10D4C0008FCBF8D8F2AD978D0CD9A5DFF9BAA6F3BA
:10D4D000FAF412F2D8950DD1D9BAA6F3FADAA5F278
:10D4E000C1BAA6F3DFD8F1BAB2B68696A6D0CAF30F
:10D4F00049DAA6CBF8D8B0B4B8D8AD84F2C0DFF121
:10D500008FCBC3A8B2B68696C8C1CBC3F3B0B488DC
:10D5100098A821DB718D9D71859521D9ADF2FAD83E
:10D520008597A828D9F408D8F28D29DAF405D9F21C
:10D5300085A4C2F2D8A88D9401D1D9F411F2D8876C
:10D5400021D8F40AD8F28498A8C801D1D9F411D806
:10D55000F3A4C8BBAFD0F2DEF8F8F8F8F8F8F8F8A2
:10D56000D8F1B8F6B5B9B08A95A3DE3CA3D9F8D8FE
:10D570005CA3D9F8D87CA3D9F8D8F8F9D1A5D9DF1C
:10D58000DAFAD8B18530F7D9DED8F830ADDADED89E
:10D59000F2B48C99A32D557DA083DFDFDFB591A078
:10D5A000F629D9FBD8A0FC29D9FAD8A0D051D9F8AE
:10D5B000D8FC51D9F9D879D9FBD8A0D0FC79D9FABF
:10D5C000D8A1F9F9F9F9F9A0DADFDFDFD8A1F8F885
:10D5D000F8F8F8ACDEF8ADDE8393AC2C547CF1A8FF
:10D5E000DFDFDFF69D2CDAA0DFD9FADB2DF8D8A833
:10D5F00050DAA0D0DED9D0F8F8F8DB55F8D8A87802
:10D60000DAA0D0DFD9D0FAF8F8F8F8DB7DF8D89CAA
:10D61000A88CF530DB38D9D0DEDFA0D0DEDFD8A88B
:10D6200048DB58D9DFD0DEA0DFD0DED8A868DB70B9
:10D63000D9DFDFA0DFDFD8F1A888902C547C98A830
:10D64000D05C38D1DAF2AE8CDFF9D8B087A8C1C18E
:10D65000B188A8C6F9F9DA36D8A8F9DA36D8A8F91F
:10D66000DA36D8A8F9DA36D8A8F9DA36D8F78D9D9F
:10D67000ADF818DAF2AEDFD8F7ADFA30D9A4DEF99A
:10D68000D8F2AEDEFAF983A7D9C3C5C7F1889BA744
:10D690007AADF7DEDFA4F8849408A797F300AEF222
:10D6A0009819A488C6A39488F632DFF28393DB0925
:10D6B000D9F2AADFD8D8AEF8F9D1DAF3A4DEA7F10F
:10D6C000889B7AD8F38494AE19F9DAAAF1DFD8A846
:10D6D00081C0C3C5C7A39283F628ADDED9F8D8A30D
:10D6E00050ADD9F8D8A378ADD9F8D8F8F9D1A1DAE6
:10D6F000DEC3C5C7D8A18194F818F2B089ACC3C500
:10D70000C7F1D8B8B4B09786A8319B069907AB97F4
:10D7100028889BF00C201440B0B4B8F0A88A9A284E
:10D720005078B79BA82951792470594469386448C6
:10D7300031F1BBAB88002C547CF0B38BB8A8042823
:10D740005078F1B088B49726A85998BBABB38B0238
:10D75000264666B0B8F08A9CA82951798B29517960
:10D760008A2470598B2058718A4469388B394068F3
:10D770008A6448318B30496088F1AC002C547CF0CD
:10D780008CA804285078F1889726A85998AC8C0268
:10D79000264666F0899CA829517924705944693835
:10D7A000644831A98809205970AB11384069A8191B
:10D7B0003148608CA83C415C207C00F18798198638
:10D7C000A86E767EA999882D557DD8B1B5B9A3DF0D
:10D7D000DFDFAED0DFAAD0DEF2ABF8F9D9B087C474
:10D7E000AAF1DFDFBBAFDFDFB9D8B1F1A3978E605D
:10D7F000DFB084F2C8F8F9D9DED89385F14AB18355
:10D80000A308B5839A0810B79F10D8F1B0BAAEB08C
:10D810008AC2B2B68E9EF1FBD9F41DD8F9D90CF1AB
:10D82000D8F8F8AD61D9AEFBD8F40CF1D8F8F8AD62
:10D8300019D9AEFBDFD8F416F1D8F8AD8D61D9F463
:10D84000F4ACF59C9C8DDF2BBAB6AEFAF8F40BD88D
:10D85000F1AED0F8AD51DAAEFAF8F1D8B9B1B6A35D
:10D86000839C08B9B1839AB5AAC0FD3083B79F10D5
:10D87000B58B93F20202D1ABDADED8F1B080BAAB4D
:10D88000C0C3B284C1C3D8B1B9F38BA391B609B4F4
:10D89000D9ABDEB0879CB9A3DDF1B38B8B8B8B8BBF
:10D8A000B087A3A3A3A3B28BB69BF2A3A3A3A3A306
:10D8B000A3A3A3A3A3F1B087B59AA3F39BA3A3DC6F
:10D8C000BAACDFB9A3A3A3A3A3A3A3A3A3A3A3A3B6
:10D8D000A3A3A3A3D8D8D8BBB3B7F1AAF9DAFFD9C9
:10D8E000809AAA28B48098A720B79787A86688F05E
:10D8F0007951F1902C870CA781976293F071716038
:10D9000085940129517990A5F1284C6C870C9518C4
:10D910008578A38390284C6C886CD8F3A28200F29F
:10D9200010A8921980A2F2D926D8F188A84DD9481A
:10D93000D896A83980D93CD89580A839A68698D998
:10D940002CDA87A72CD8A8899519A980D938D8A806
:10D950008939A980DA3CD8A82EA83990D90CD8A842
:10D96000953198D90CD8A809D9FFD801DAFFD895F4
:10D9700039A9DA26FFD890A80D8999A81080982196
:10D98000DA2ED88999A83180DA2ED8A886963180E7
:10D99000DA2ED8A8873180DA2ED8A88292F3418077
:10D9A000F1D92ED8A882F31980F1D92ED882ACF300
:10D9B000C0A28022F1A62EA72EA92298A829DAAC0F
:10D9C000DEFFD8A2F22AF1A92E8292A8F23180A617
:10D9D00096F1D900AC8C9C0C30ACDED0DEFFD88C3C
:10D9E0009CACD010ACDE8092A2F24C82A8F1CAF2BC
:10D9F00035F19688A6D900D8F1FF0000000000009C
:10DA0000555555555555C53F7D6FEB0312D6D4BFBF
:10DA10005544880E55C1C93F3B8F68B52882A4BFC5
:10DA200088B20175E0EF493F09F7FD0DE13D023F86
:10DA30004B2D8A1C273A03C0C88A599CE52A00400E
:10DA400059018D1B6C06E6BF82922EB1C5B8B33F5B
:10DA5000000000000000F03F000000000000F83F60
:10DA600000000000000000000000004003B8E23F9A
:10DA7000000000000000000006D0CF43EBFD4C3E4C
:10DA8000033333333333E33FFFAB6FDBB66DDB3F41
:10DA90004D268F515555D53F01411DA96074D13F89
:10DAA00065DBC9934A86CD3FEF4E454A287ECA3F83
:10DAB0003E5555555555C53F93BDBE166CC166BF05
:10DAC0002CDE25AF6A56113FF16BD2C541BDBBBEFE
:10DAD000D0A4BE726937663E4FBB610567ACDD3FBF
:10DAE000182D4454FB21E93F9BF681D20B73EF3F85
:10DAF000182D4454FB21F93FE2652F227F2B7A3CFD
:10DB0000075C143326A6813CBDCBF07A8807703CB5
:10DB1000075C143326A6913CC4EB98999999C9BF28
:10DB2000711623FEC671BCBF6D9A74AFF2B0B3BF5D
:10DB30009AFDDE522DDEADBF2F6C6A2C44B4A2BF1D
:10DB40000D5555555555D53FFF8300922449C23F89
:10DB50006E204CC5CD45B73F513DD0A0660DB13FBD
:10DB6000EB0D76244B7BA93F11DA22E33AAD903FCF
:10DB7000000000000000000050726F6475637420A4
:10DB800049442072656164206173203020696E64AD
:10DB90006963617465732064657669636520697380
:10DBA0002065697468657220696E636F6D70617459
:10DBB00069626C65206F7220616E204D5055333064
:10DBC00035302E0D0A000000E8DB000800000020C0
:10DBD0006C0100006C0100083CDC00086C010020B6
:10DBE000D40A0000C801000842013905610327EE8C
:10DBF0000284A24A04680901020304060708090C0A
:10DC00006910051802040608997301234B4040046B
:10DC1000E1280D3898B8C229CB0AC1689128418DF6
:10DC200032107995011F13C0CD1B08B40401200ADE
:0CDC30001FDC24EB803FD86904011000C9
:0400000508000131BD
:00000001FF
